{"type":"FeatureCollection","features":[{"type":"Feature","properties":{"id":"adm1_0","ten":"Shan, Myanmar","country":"Myanmar","bounds":[99.0321,19.9283,101.1762,23.1351]},"geometry":{"type":"MultiPolygon","coordinates":[[[[99.5054,23.0847],[99.4871,23.0832],[99.4754,23.0891],[99.4713,23.0841],[99.4363,23.0841],[99.4138,23.0974],[99.3863,23.1007],[99.3504,23.1351],[99.3609,23.1338],[99.3859,23.1097],[99.5054,23.0847]]],[[[99.1596,23.1098],[99.173,23.1014],[99.2174,23.093],[99.2555,23.1151],[99.3006,23.1117],[99.3254,23.1166],[99.3129,23.1082],[99.3121,23.1007],[99.2971,23.1099],[99.2663,23.1107],[99.2346,23.0999],[99.2304,23.0849],[99.2038,23.0857],[99.1971,23.0941],[99.1721,23.0899],[99.1596,23.1098]]],[[[99.5157,23.0821],[99.5138,23.0816],[99.5129,23.0831],[99.5157,23.0821]]],[[[99.5201,23.0783],[99.5171,23.0791],[99.5163,23.0816],[99.5201,23.0783]]],[[[99.5205,23.0774],[99.5204,23.0774],[99.5204,23.0775],[99.5205,23.0774]]],[[[99.5539,22.9599],[99.5338,22.9641],[99.5354,22.9757],[99.5204,22.9999],[99.5539,22.9599]]],[[[99.5599,22.9507],[99.5554,22.9549],[99.5546,22.9592],[99.5587,22.9548],[99.5599,22.9507]]],[[[99.5606,22.9482],[99.5604,22.9482],[99.5604,22.949],[99.5606,22.9482]]],[[[99.5619,22.9441],[99.5621,22.9399],[99.5613,22.9441],[99.5619,22.9441]]],[[[99.1304,20.1163],[99.1304,20.1166],[99.1307,20.1166],[99.1304,20.1163]]],[[[99.1296,20.1116],[99.1296,20.1091],[99.1296,20.1116],[99.1296,20.1116]]],[[[99.1308,20.1069],[99.1304,20.1066],[99.1304,20.1085],[99.1308,20.1069]]],[[[99.1008,20.0974],[99.1313,20.1063],[99.1337,20.1029],[99.1101,20.0954],[99.1008,20.0974]]],[[[99.0949,20.0999],[99.0923,20.0949],[99.0785,20.0986],[99.0671,20.0858],[99.0779,20.1024],[99.0949,20.0999]]],[[[99.1004,20.0983],[99.1003,20.098],[99.1003,20.0983],[99.1004,20.0983]]],[[[99.0457,20.0341],[99.0446,20.0133],[99.0429,20.0174],[99.0438,20.0391],[99.0571,20.0641],[99.0671,20.0683],[99.0696,20.0829],[99.0693,20.0663],[99.0582,20.0598],[99.0457,20.0341]]],[[[99.05,20.0058],[99.0463,20.0099],[99.0463,20.013],[99.0487,20.0096],[99.05,20.0058]]],[[[99.0504,19.9962],[99.0529,20.0024],[99.0547,20.0023],[99.0559,20.0004],[99.0504,19.9962]]],[[[99.0371,19.9795],[99.0321,19.9758],[99.0363,19.9808],[99.0363,19.9858],[99.0389,19.9883],[99.0371,19.9795]]],[[[99.0381,19.9669],[99.0379,19.9666],[99.0379,19.967],[99.0381,19.9669]]],[[[99.0388,19.9658],[99.0388,19.9658],[99.0388,19.9658],[99.0388,19.9658]]],[[[99.0415,19.9597],[99.0388,19.9566],[99.0396,19.9643],[99.0415,19.9597]]],[[[99.0417,19.9533],[99.0413,19.9533],[99.0413,19.9545],[99.0417,19.9533]]],[[[99.0429,19.9516],[99.0421,19.9516],[99.0421,19.9525],[99.0429,19.9516]]],[[[99.0436,19.9508],[99.0429,19.9508],[99.0429,19.9515],[99.0436,19.9508]]],[[[99.0443,19.9499],[99.0438,19.9499],[99.0438,19.9505],[99.0443,19.9499]]],[[[99.0438,19.9283],[99.0404,19.9433],[99.0446,19.9496],[99.0462,19.9469],[99.0438,19.9283]]],[[[101.1485,21.5784],[101.1681,21.5279],[101.1592,21.5259],[101.104,21.4655],[101.046,21.4352],[101.0054,21.3922],[100.9608,21.3801],[100.8951,21.3498],[100.8818,21.3295],[100.8488,21.3026],[100.8294,21.2949],[100.8029,21.2945],[100.7271,21.3121],[100.7198,21.2588],[100.7058,21.2279],[100.7017,21.1818],[100.6855,21.1653],[100.6751,21.1274],[100.6578,21.1131],[100.637,21.0643],[100.5954,21.0323],[100.5504,21.0261],[100.555,20.9922],[100.5278,20.9575],[100.5156,20.8978],[100.5158,20.8813],[100.5332,20.8685],[100.5599,20.8678],[100.5822,20.8805],[100.6421,20.8927],[100.6524,20.8855],[100.6474,20.8756],[100.6099,20.8382],[100.5821,20.8244],[100.5272,20.8109],[100.5035,20.8099],[100.4597,20.8239],[100.4013,20.832],[100.3689,20.8237],[100.3423,20.7879],[100.3036,20.7782],[100.2595,20.747],[100.2454,20.7211],[100.2167,20.6937],[100.2117,20.6732],[100.1952,20.6607],[100.1875,20.6453],[100.1465,20.5129],[100.1271,20.4279],[100.1296,20.4032],[100.0873,20.3512],[100.0812,20.3615],[100.0883,20.367],[100.0788,20.3721],[100.0807,20.3783],[100.0687,20.3733],[100.0738,20.3876],[100.0657,20.3836],[100.0689,20.3919],[100.0601,20.3948],[100.0562,20.386],[100.0105,20.4165],[100.0051,20.4106],[99.9919,20.416],[99.9968,20.4199],[99.9891,20.4209],[99.9933,20.4252],[99.9865,20.4321],[99.9909,20.434],[99.9759,20.4424],[99.9818,20.448],[99.9765,20.4465],[99.9612,20.4632],[99.9344,20.4543],[99.9234,20.4439],[99.9096,20.4478],[99.8951,20.4411],[99.8718,20.443],[99.8579,20.4124],[99.8427,20.4003],[99.8429,20.3706],[99.8307,20.3623],[99.8128,20.3341],[99.7782,20.3326],[99.7723,20.3395],[99.7599,20.337],[99.7327,20.3479],[99.72,20.3408],[99.7215,20.3267],[99.7003,20.3247],[99.6837,20.3146],[99.6589,20.3269],[99.6462,20.3417],[99.6142,20.3298],[99.56,20.3558],[99.5182,20.3601],[99.498,20.3834],[99.4903,20.3819],[99.4742,20.3923],[99.4595,20.3907],[99.4592,20.3603],[99.4984,20.3391],[99.5091,20.3234],[99.5071,20.2921],[99.5197,20.2634],[99.5241,20.2316],[99.5349,20.2304],[99.5658,20.2038],[99.5565,20.177],[99.5411,20.1619],[99.5414,20.1445],[99.5146,20.1489],[99.5172,20.1432],[99.4981,20.1275],[99.5021,20.1148],[99.4466,20.0954],[99.441,20.0872],[99.3835,20.0865],[99.3263,20.0666],[99.2959,20.0802],[99.2619,20.1108],[99.2452,20.1115],[99.2372,20.1215],[99.2257,20.1166],[99.216,20.1274],[99.1831,20.124],[99.1635,20.1297],[99.1433,20.1193],[99.1313,20.1171],[99.1613,20.1333],[99.1704,20.1533],[99.1613,20.1708],[99.1663,20.1958],[99.1721,20.2058],[99.1929,20.2158],[99.1846,20.2291],[99.1913,20.2458],[99.2196,20.2483],[99.2288,20.2674],[99.2388,20.2716],[99.2404,20.2833],[99.2321,20.2916],[99.2354,20.3074],[99.2463,20.3191],[99.2079,20.3433],[99.1904,20.3333],[99.1646,20.3399],[99.1471,20.3366],[99.1096,20.3149],[99.1029,20.3266],[99.1071,20.3399],[99.0996,20.3408],[99.0988,20.3516],[99.0863,20.3541],[99.0738,20.3699],[99.0871,20.3824],[99.0921,20.4033],[99.0754,20.4191],[99.0604,20.4241],[99.0529,20.4441],[99.0521,20.4516],[99.0621,20.4608],[99.0788,20.4649],[99.1121,20.4941],[99.1346,20.5008],[99.1413,20.5166],[99.1279,20.5333],[99.1354,20.5333],[99.1604,20.5541],[99.1588,20.5982],[99.1413,20.6308],[99.1471,20.6483],[99.1696,20.6674],[99.1588,20.6807],[99.1629,20.6924],[99.1763,20.7091],[99.1979,20.7024],[99.2138,20.7149],[99.2354,20.7108],[99.2413,20.7033],[99.2688,20.7091],[99.2754,20.7208],[99.2721,20.7441],[99.2854,20.7516],[99.2829,20.7649],[99.2921,20.7799],[99.3171,20.7733],[99.3279,20.7866],[99.3238,20.7941],[99.3304,20.8041],[99.3279,20.8116],[99.3529,20.8416],[99.3604,20.8641],[99.3354,20.8757],[99.3321,20.8874],[99.3529,20.8941],[99.3721,20.8882],[99.3954,20.9032],[99.4088,20.9032],[99.4179,20.9274],[99.4129,20.9374],[99.4329,20.9616],[99.4304,20.9716],[99.4413,20.9982],[99.4379,21.0141],[99.4571,21.0124],[99.4688,20.9991],[99.4829,20.9949],[99.5004,20.9974],[99.5079,20.9907],[99.5446,20.9916],[99.5529,20.9866],[99.5754,20.9941],[99.5846,21.0116],[99.6071,21.0216],[99.6088,21.0324],[99.6088,21.0391],[99.5996,21.0441],[99.6021,21.0682],[99.5838,21.0841],[99.5804,21.1041],[99.5638,21.0991],[99.5446,21.1041],[99.5121,21.1266],[99.5079,21.1391],[99.5154,21.1582],[99.5079,21.1732],[99.5146,21.1857],[99.5004,21.1924],[99.4954,21.2132],[99.4796,21.2241],[99.4663,21.2232],[99.4513,21.2341],[99.4504,21.2499],[99.4254,21.2582],[99.4296,21.2766],[99.4213,21.2916],[99.4288,21.3157],[99.4388,21.3249],[99.4521,21.3757],[99.4763,21.3816],[99.4829,21.4024],[99.4796,21.4116],[99.4863,21.4216],[99.4888,21.4482],[99.4763,21.4599],[99.4696,21.4932],[99.4379,21.4999],[99.4346,21.5474],[99.4104,21.5616],[99.3821,21.5966],[99.3546,21.6049],[99.3363,21.6216],[99.3346,21.6382],[99.3263,21.6416],[99.3288,21.6624],[99.3221,21.6791],[99.3096,21.6824],[99.2988,21.7024],[99.3013,21.7099],[99.2879,21.7099],[99.2813,21.7166],[99.2579,21.7032],[99.2463,21.7032],[99.2254,21.7307],[99.2346,21.7591],[99.2263,21.7641],[99.2279,21.7782],[99.2213,21.7832],[99.2421,21.8124],[99.2413,21.8441],[99.2604,21.8466],[99.2679,21.8599],[99.2813,21.8557],[99.2904,21.8599],[99.2854,21.8674],[99.2921,21.8857],[99.2688,21.9099],[99.2921,21.9266],[99.2946,21.9441],[99.2738,21.9824],[99.2763,21.9966],[99.2688,22.0032],[99.2571,22.0016],[99.2513,22.0166],[99.2529,22.0257],[99.2696,22.0382],[99.3013,22.0382],[99.3063,22.0491],[99.3371,22.0574],[99.3338,22.0732],[99.3579,22.0766],[99.3638,22.0866],[99.3621,22.1007],[99.4021,22.1031],[99.4235,22.1192],[99.4739,22.1366],[99.5286,22.1018],[99.5444,22.1045],[99.5607,22.1163],[99.5825,22.1088],[99.5978,22.1131],[99.6162,22.0971],[99.6526,22.1049],[99.6954,22.0705],[99.6916,22.054],[99.7029,22.0432],[99.7215,22.0468],[99.7295,22.0659],[99.7473,22.0784],[99.7579,22.0779],[99.7743,22.0622],[99.8203,22.0502],[99.8492,22.0239],[99.8785,22.0339],[99.8692,22.0559],[99.882,22.0662],[99.9706,22.052],[99.9623,22.0322],[99.9665,22.0207],[100.0,21.9756],[99.9842,21.9353],[99.9853,21.9231],[99.9635,21.9068],[99.965,21.8792],[99.9481,21.8603],[99.9478,21.8217],[99.9727,21.77],[99.9778,21.7393],[99.9862,21.7187],[100.0131,21.6969],[100.0758,21.6886],[100.1254,21.6973],[100.14,21.694],[100.1725,21.6599],[100.1772,21.6435],[100.1575,21.6421],[100.145,21.6337],[100.1413,21.614],[100.1257,21.6013],[100.1139,21.58],[100.1273,21.5606],[100.1248,21.5382],[100.1356,21.5021],[100.1609,21.4925],[100.1703,21.4806],[100.169,21.4677],[100.2026,21.4394],[100.2219,21.437],[100.2499,21.4651],[100.2673,21.4663],[100.2851,21.4787],[100.308,21.4805],[100.3546,21.5319],[100.3813,21.5405],[100.3923,21.5395],[100.4043,21.5284],[100.4374,21.5291],[100.4714,21.4731],[100.4921,21.4579],[100.5253,21.4667],[100.5778,21.4503],[100.6402,21.4795],[100.6786,21.4831],[100.6906,21.5041],[100.7244,21.5115],[100.7807,21.5721],[100.8008,21.5851],[100.8139,21.621],[100.8349,21.6492],[100.8599,21.6563],[100.8918,21.6849],[100.9143,21.6822],[100.947,21.6969],[101.018,21.7122],[101.0781,21.7596],[101.1177,21.7761],[101.1265,21.7754],[101.1294,21.7057],[101.1173,21.6616],[101.1212,21.6546],[101.1681,21.6442],[101.1762,21.6086],[101.1761,21.5964],[101.1607,21.5927],[101.1485,21.5784]],[[99.1071,20.3399],[99.1079,20.3408],[99.1071,20.3408],[99.1071,20.3399]]]]}},{"type":"Feature","properties":{"id":"adm1_1","ten":"Guangxi, China","country":"China","bounds":[105.5245,21.5378,108.0529,23.4466]},"geometry":{"type":"MultiPolygon","coordinates":[[[[106.4113,22.8849],[106.4143,22.8782],[106.4065,22.8755],[106.4,22.8827],[106.372,22.8857],[106.3636,22.8815],[106.3604,22.8666],[106.3442,22.8585],[106.3222,22.8792],[106.319,22.8689],[106.3099,22.8652],[106.2933,22.8777],[106.2879,22.8716],[106.2609,22.8896],[106.2668,22.8993],[106.2614,22.9017],[106.266,22.9068],[106.26,22.9193],[106.2486,22.9265],[106.2358,22.9546],[106.2237,22.9589],[106.1954,22.9919],[106.1715,22.9847],[106.1335,22.9973],[106.1241,22.9896],[106.101,22.9884],[106.082,23.0017],[106.0557,22.9921],[106.0462,22.9965],[106.0408,22.9911],[105.9998,22.9932],[106.004,22.9757],[105.9979,22.9413],[105.9557,22.9519],[105.9534,22.9418],[105.9366,22.9407],[105.9164,22.9563],[105.8876,22.9432],[105.8859,22.9226],[105.8769,22.9223],[105.8604,22.9416],[105.8549,22.9702],[105.8474,22.9711],[105.8529,22.9814],[105.8476,22.9858],[105.8387,22.9802],[105.8225,23.0002],[105.8026,22.995],[105.7789,23.0231],[105.7525,23.0393],[105.7304,23.0419],[105.7308,23.0548],[105.725,23.0543],[105.7216,23.0652],[105.7109,23.0715],[105.7096,23.0631],[105.6747,23.0651],[105.6409,23.0831],[105.6158,23.0701],[105.6014,23.0779],[105.5778,23.0701],[105.5711,23.0734],[105.5627,23.0887],[105.5695,23.0981],[105.5596,23.1285],[105.5739,23.161],[105.5571,23.1751],[105.5533,23.1871],[105.5381,23.1952],[105.5245,23.2473],[105.5572,23.2602],[105.587,23.3144],[105.6476,23.3523],[105.6598,23.3501],[105.67,23.33],[105.6891,23.3318],[105.6886,23.3405],[105.6677,23.3573],[105.6865,23.3678],[105.6562,23.3884],[105.6473,23.4014],[105.6604,23.4103],[105.6966,23.4041],[105.7512,23.4466],[105.7579,23.4382],[105.7496,23.4341],[105.7487,23.4241],[105.7662,23.4099],[105.7562,23.3816],[105.7712,23.3499],[105.7887,23.3432],[105.8021,23.3566],[105.8104,23.3382],[105.8487,23.3199],[105.8521,23.2991],[105.8579,23.2991],[105.8579,23.3066],[105.8704,23.3032],[105.8729,23.2957],[105.8954,23.3041],[105.9312,23.2691],[105.9462,23.2241],[105.9571,23.2341],[105.9771,23.2316],[105.9796,23.2216],[105.9946,23.2216],[106.0087,23.1966],[106.0287,23.1882],[106.0346,23.1916],[106.0429,23.1832],[106.0529,23.1857],[106.0479,23.1966],[106.0637,23.1941],[106.0587,23.1791],[106.0971,23.1591],[106.0796,23.1466],[106.0821,23.1399],[106.0929,23.1374],[106.0804,23.1332],[106.0812,23.1199],[106.0937,23.1166],[106.0987,23.1041],[106.1154,23.1041],[106.1229,23.0957],[106.1137,23.0716],[106.1171,23.0641],[106.1529,23.0399],[106.1712,23.0407],[106.1904,23.0307],[106.2187,22.9982],[106.2312,22.9991],[106.2337,22.9916],[106.2254,22.9882],[106.2321,22.9807],[106.2596,22.9741],[106.2712,22.9807],[106.2712,22.9757],[106.2937,22.9741],[106.2987,22.9591],[106.3112,22.9641],[106.3312,22.9549],[106.3479,22.9541],[106.3546,22.9657],[106.3754,22.9624],[106.3846,22.9474],[106.3871,22.9257],[106.3987,22.9232],[106.3962,22.9124],[106.4037,22.9132],[106.4037,22.9066],[106.4196,22.8957],[106.4113,22.8849]]],[[[106.7354,22.0089],[106.7185,21.9765],[106.7053,21.9773],[106.6972,21.961],[106.6946,21.9795],[106.6834,21.9852],[106.6824,22.001],[106.7087,22.0256],[106.6967,22.0515],[106.7093,22.0662],[106.7067,22.0848],[106.713,22.0957],[106.6952,22.1106],[106.6944,22.1331],[106.6889,22.1387],[106.6955,22.1542],[106.7058,22.1582],[106.7015,22.1645],[106.6846,22.166],[106.6698,22.1854],[106.6801,22.1962],[106.6791,22.2054],[106.6958,22.2069],[106.7025,22.2201],[106.6916,22.2573],[106.6831,22.2654],[106.6899,22.2777],[106.6807,22.2884],[106.6666,22.2881],[106.6701,22.2985],[106.6592,22.32],[106.6602,22.3341],[106.6343,22.3411],[106.6179,22.3339],[106.6122,22.3411],[106.5994,22.3385],[106.5872,22.3449],[106.5792,22.3409],[106.5747,22.3481],[106.5682,22.3441],[106.5596,22.3489],[106.5619,22.3603],[106.582,22.3683],[106.5861,22.3895],[106.5657,22.4139],[106.5675,22.4404],[106.5586,22.4484],[106.5678,22.4714],[106.5776,22.4691],[106.5846,22.4767],[106.5818,22.52],[106.5908,22.5357],[106.5901,22.5493],[106.6003,22.553],[106.6101,22.6046],[106.6299,22.6055],[106.6323,22.5922],[106.6531,22.5754],[106.6781,22.5824],[106.7089,22.578],[106.7309,22.5964],[106.7213,22.6111],[106.7312,22.6191],[106.7278,22.6357],[106.7321,22.6416],[106.7471,22.6232],[106.7871,22.6207],[106.7971,22.6132],[106.7871,22.6016],[106.7896,22.5907],[106.7796,22.5832],[106.7904,22.5782],[106.7871,22.5716],[106.7746,22.5657],[106.7637,22.5682],[106.7587,22.5591],[106.7729,22.5549],[106.7887,22.5599],[106.7962,22.5474],[106.8079,22.5474],[106.8129,22.5407],[106.8029,22.5341],[106.7837,22.5374],[106.7854,22.5216],[106.7962,22.5174],[106.7971,22.5107],[106.7846,22.5099],[106.7771,22.4999],[106.7829,22.4907],[106.7804,22.4782],[106.7937,22.4724],[106.7962,22.4566],[106.7896,22.4566],[106.7896,22.4491],[106.7946,22.4457],[106.7946,22.4241],[106.8154,22.4099],[106.8262,22.4166],[106.8362,22.3907],[106.8462,22.3857],[106.8471,22.3674],[106.8362,22.3616],[106.8579,22.3407],[106.8596,22.3166],[106.8662,22.3099],[106.8496,22.2882],[106.8287,22.2841],[106.8246,22.2674],[106.8321,22.2582],[106.8254,22.2566],[106.8246,22.2457],[106.8396,22.2316],[106.8404,22.2124],[106.8221,22.1949],[106.8279,22.1882],[106.8229,22.1649],[106.7987,22.1541],[106.7987,22.1424],[106.7896,22.1424],[106.7854,22.1224],[106.7721,22.1107],[106.7721,22.0857],[106.7646,22.0666],[106.7696,22.0482],[106.7471,22.0324],[106.7512,22.0249],[106.7354,22.0089]]],[[[107.0054,21.8457],[107.0054,21.8441],[107.0046,21.8456],[107.0054,21.8457]]],[[[107.0957,21.7987],[107.0833,21.8103],[107.0567,21.8115],[107.029,21.8191],[107.0191,21.8266],[107.0354,21.8224],[107.0446,21.8399],[107.0537,21.8441],[107.0596,21.8299],[107.0846,21.8232],[107.0957,21.7987]]],[[[107.0054,21.8341],[107.0043,21.8355],[107.0054,21.8432],[107.0054,21.8341]]],[[[108.0462,21.5561],[107.9539,21.5378],[107.9423,21.5701],[107.9224,21.5902],[107.8992,21.588],[107.8921,21.6062],[107.8827,21.6093],[107.8909,21.6159],[107.8881,21.6258],[107.8784,21.6309],[107.8714,21.6474],[107.8555,21.6558],[107.8405,21.6425],[107.8155,21.6584],[107.7825,21.6569],[107.7772,21.6493],[107.7495,21.6437],[107.7139,21.6227],[107.6754,21.6101],[107.6655,21.6145],[107.5901,21.6068],[107.5725,21.6183],[107.5573,21.6134],[107.5405,21.5902],[107.4857,21.6],[107.4981,21.6147],[107.491,21.6247],[107.4953,21.6357],[107.4815,21.6559],[107.5029,21.6674],[107.4937,21.6799],[107.5087,21.6857],[107.5404,21.7241],[107.5862,21.7349],[107.6212,21.7566],[107.6337,21.7582],[107.6462,21.7457],[107.6637,21.7491],[107.6687,21.7557],[107.6962,21.7566],[107.7112,21.7649],[107.7112,21.7749],[107.7029,21.7807],[107.7062,21.7907],[107.7187,21.7999],[107.7346,21.7982],[107.7504,21.8049],[107.7579,21.8174],[107.8012,21.8199],[107.8204,21.8124],[107.8596,21.8316],[107.8904,21.8357],[107.9054,21.8141],[107.9087,21.7966],[107.9071,21.7841],[107.8971,21.7782],[107.8987,21.7682],[107.9046,21.7641],[107.9129,21.7682],[107.9287,21.7541],[107.9371,21.7582],[107.9421,21.7491],[107.9479,21.7241],[107.9337,21.7257],[107.9279,21.7132],[107.9346,21.7124],[107.9421,21.6966],[107.9554,21.6957],[107.9587,21.6874],[107.9687,21.6857],[107.9721,21.6766],[107.9829,21.6824],[107.9921,21.6757],[107.9921,21.6532],[108.0187,21.6374],[108.0229,21.6099],[108.0162,21.6024],[108.0179,21.5899],[108.0379,21.5882],[108.0437,21.5749],[108.0529,21.5716],[108.0462,21.5561]]],[[[107.2629,21.7311],[107.2492,21.7186],[107.2464,21.7066],[107.2316,21.7082],[107.1824,21.7485],[107.1391,21.7639],[107.1348,21.7749],[107.1219,21.7799],[107.1135,21.7892],[107.1116,21.7941],[107.1196,21.7941],[107.1221,21.8016],[107.1421,21.7991],[107.2046,21.8174],[107.2312,21.8091],[107.2729,21.8132],[107.2821,21.7957],[107.2654,21.7857],[107.2596,21.7707],[107.2646,21.7657],[107.2587,21.7416],[107.2629,21.7311]]],[[[107.0987,21.7966],[107.0987,21.796],[107.0983,21.7966],[107.0987,21.7966]]],[[[107.0996,21.7957],[107.0989,21.7957],[107.0989,21.7957],[107.0996,21.7957]]],[[[107.3046,21.7387],[107.2998,21.7432],[107.3037,21.7416],[107.3046,21.7387]]],[[[107.3048,21.7382],[107.3062,21.7374],[107.3062,21.7329],[107.3048,21.7382]]],[[[107.2812,21.7349],[107.28,21.7342],[107.2786,21.7349],[107.2812,21.7349]]],[[[107.3079,21.7324],[107.3079,21.731],[107.3065,21.7324],[107.3079,21.7324]]],[[[107.3088,21.7299],[107.3137,21.7307],[107.3137,21.7274],[107.3132,21.7298],[107.3088,21.7299]]],[[[107.3221,21.7251],[107.3201,21.7257],[107.3221,21.7257],[107.3221,21.7251]]],[[[107.32,21.7142],[107.3212,21.7141],[107.3212,21.7128],[107.32,21.7142]]],[[[107.3221,21.7124],[107.3221,21.7119],[107.3216,21.7124],[107.3221,21.7124]]],[[[107.3237,21.7116],[107.3237,21.7101],[107.3224,21.7116],[107.3237,21.7116]]],[[[107.3271,21.7057],[107.3242,21.7058],[107.3242,21.7066],[107.3271,21.7057]]],[[[107.3304,21.7024],[107.3299,21.7023],[107.3296,21.7024],[107.3304,21.7024]]],[[[107.3337,21.6994],[107.3323,21.7005],[107.3308,21.7016],[107.3321,21.7016],[107.3337,21.6994]]],[[[107.3346,21.6991],[107.3346,21.6988],[107.3342,21.6991],[107.3346,21.6991]]],[[[107.3362,21.6916],[107.3362,21.6911],[107.3362,21.6916],[107.3362,21.6916]]],[[[107.3379,21.6899],[107.3374,21.6893],[107.3365,21.6907],[107.3379,21.6899]]],[[[107.3436,21.6879],[107.3432,21.6882],[107.3437,21.6882],[107.3436,21.6879]]],[[[107.3454,21.6858],[107.3447,21.6866],[107.3454,21.6866],[107.3454,21.6858]]],[[[107.3487,21.6821],[107.3454,21.6857],[107.3487,21.6841],[107.3487,21.6821]]],[[[107.3453,21.6776],[107.3463,21.6752],[107.3452,21.6763],[107.3453,21.6776]]],[[[107.353,21.6716],[107.3571,21.6707],[107.3571,21.6696],[107.353,21.6716]]],[[[107.3604,21.6641],[107.3568,21.6668],[107.3571,21.6677],[107.3604,21.6641]]],[[[107.3612,21.6641],[107.3609,21.6624],[107.3605,21.6641],[107.3612,21.6641]]],[[[107.4737,21.663],[107.4719,21.6632],[107.4737,21.6632],[107.4737,21.663]]],[[[107.3604,21.6616],[107.3599,21.6616],[107.3604,21.6619],[107.3604,21.6616]]],[[[107.3596,21.6614],[107.3596,21.6535],[107.3587,21.6609],[107.3596,21.6614]]],[[[107.4792,21.6599],[107.4804,21.6591],[107.4812,21.6584],[107.4792,21.6599]]],[[[107.4821,21.6582],[107.4821,21.6579],[107.4815,21.6582],[107.4821,21.6582]]],[[[107.3604,21.6524],[107.3604,21.6521],[107.3602,21.6524],[107.3604,21.6524]]],[[[107.3612,21.6507],[107.3609,21.6499],[107.361,21.6507],[107.3612,21.6507]]],[[[107.3612,21.6474],[107.3612,21.645],[107.3605,21.6463],[107.3612,21.6474]]],[[[107.3621,21.6449],[107.3621,21.6436],[107.3613,21.6449],[107.3621,21.6449]]],[[[107.3623,21.6432],[107.3637,21.6424],[107.3637,21.6408],[107.3623,21.6432]]],[[[107.3637,21.6391],[107.363,21.6391],[107.3637,21.6398],[107.3637,21.6391]]],[[[107.3629,21.6374],[107.3624,21.6374],[107.3629,21.639],[107.3629,21.6374]]],[[[107.3621,21.6357],[107.3619,21.6357],[107.3621,21.6364],[107.3621,21.6357]]],[[[107.3596,21.6341],[107.3592,21.6341],[107.3596,21.6342],[107.3596,21.6341]]],[[[107.3587,21.6332],[107.3579,21.6332],[107.3587,21.6338],[107.3587,21.6332]]],[[[107.3571,21.6324],[107.3567,21.6324],[107.3571,21.6326],[107.3571,21.6324]]],[[[107.3562,21.6316],[107.3556,21.6316],[107.3562,21.632],[107.3562,21.6316]]],[[[107.3541,21.6306],[107.3554,21.6307],[107.3554,21.6291],[107.3541,21.6306]]],[[[107.3604,21.6166],[107.3555,21.6236],[107.3547,21.6263],[107.3548,21.6274],[107.3596,21.6224],[107.3604,21.6166]]],[[[107.3596,21.6155],[107.3596,21.6131],[107.3589,21.6145],[107.3596,21.6155]]],[[[107.3604,21.6124],[107.3604,21.612],[107.3601,21.6124],[107.3604,21.6124]]],[[[107.3576,21.6049],[107.3596,21.6049],[107.3596,21.6035],[107.3576,21.6049]]],[[[107.3604,21.6032],[107.3604,21.6028],[107.3598,21.6032],[107.3604,21.6032]]],[[[107.3712,21.6024],[107.37,21.6017],[107.3687,21.6024],[107.3712,21.6024]]],[[[107.3612,21.6024],[107.3612,21.6022],[107.361,21.6024],[107.3612,21.6024]]],[[[107.3621,21.6016],[107.3621,21.6013],[107.362,21.6016],[107.3621,21.6016]]],[[[107.3622,21.6004],[107.3622,21.6007],[107.3628,21.6007],[107.3622,21.6004]]],[[[107.3771,21.5999],[107.3764,21.5987],[107.3738,21.5999],[107.3771,21.5999]]],[[[107.3812,21.5974],[107.3808,21.5971],[107.3801,21.5974],[107.3812,21.5974]]],[[[108.0529,21.5491],[108.0529,21.549],[108.0529,21.5491],[108.0529,21.5491]]]]}},{"type":"Feature","properties":{"id":"adm1_2","ten":"Qinghai, China","country":"China","bounds":[93.8596,31.5429,97.4164,33.8249]},"geometry":{"type":"MultiPolygon","coordinates":[[[[97.3674,32.5132],[97.3835,32.5007],[97.3509,32.4728],[97.3381,32.4467],[97.3471,32.434],[97.3713,32.4348],[97.3873,32.4236],[97.4086,32.3784],[97.4139,32.3505],[97.4013,32.3403],[97.3722,32.3518],[97.358,32.3405],[97.4081,32.3291],[97.4164,32.3106],[97.4087,32.2973],[97.3694,32.2795],[97.3523,32.2826],[97.3356,32.3028],[97.3245,32.3067],[97.2956,32.2989],[97.2871,32.2867],[97.2621,32.1858],[97.2789,32.1511],[97.3031,32.1355],[97.2936,32.1075],[97.3062,32.084],[97.2496,32.0839],[97.2234,32.1121],[97.2175,32.1116],[97.2033,32.098],[97.2334,32.0609],[97.2133,32.0468],[97.1908,32.0594],[97.166,32.0331],[97.138,32.0501],[97.0958,32.0445],[97.0741,32.0523],[97.0283,32.0549],[97.0102,32.0717],[96.9531,32.068],[96.9403,32.0601],[96.934,32.0435],[96.9407,32.0324],[96.9654,32.0184],[96.9624,32.0],[96.9405,31.9897],[96.8971,32.0203],[96.8723,32.0024],[96.8637,31.9837],[96.8555,31.9809],[96.8462,31.9884],[96.8443,32.0],[96.8106,32.0194],[96.7912,32.0247],[96.7603,32.0189],[96.7328,32.0319],[96.7245,32.0288],[96.7228,32.0194],[96.742,32.0],[96.7363,31.9832],[96.7496,31.9458],[96.7753,31.94],[96.7842,31.9187],[96.8089,31.8949],[96.789,31.8719],[96.7636,31.8646],[96.7595,31.853],[96.7621,31.8297],[96.7926,31.7975],[96.8069,31.7571],[96.8327,31.7383],[96.8387,31.7268],[96.8119,31.6894],[96.8069,31.6716],[96.7978,31.6705],[96.7826,31.6816],[96.7361,31.6777],[96.6808,31.73],[96.6695,31.7264],[96.663,31.7095],[96.6505,31.7081],[96.6071,31.7373],[96.5804,31.7189],[96.5583,31.7192],[96.5138,31.753],[96.4692,31.7707],[96.443,31.7897],[96.4256,31.8282],[96.3716,31.8581],[96.3633,31.8685],[96.3653,31.8797],[96.352,31.9198],[96.318,31.9429],[96.294,31.9371],[96.2829,31.9267],[96.2654,31.9355],[96.2501,31.9329],[96.2219,31.9042],[96.1893,31.8962],[96.209,31.8615],[96.2049,31.8535],[96.1949,31.8492],[96.1598,31.8574],[96.1512,31.854],[96.1354,31.8184],[96.1415,31.8021],[96.161,31.7865],[96.2228,31.7523],[96.2235,31.7347],[96.2532,31.6857],[96.2485,31.6659],[96.2256,31.6472],[96.2268,31.6282],[96.2176,31.6171],[96.2178,31.6063],[96.2263,31.6015],[96.2537,31.6008],[96.2576,31.5889],[96.2483,31.5583],[96.234,31.5488],[96.1966,31.5429],[96.1837,31.5562],[96.1761,31.5943],[96.1587,31.6027],[96.1566,31.6474],[96.1446,31.6907],[96.1118,31.7021],[96.1017,31.7141],[96.0605,31.7234],[96.0454,31.7148],[96.0,31.7164],[95.9859,31.7078],[95.96,31.7049],[95.9139,31.7135],[95.8991,31.7218],[95.8695,31.7227],[95.8589,31.7178],[95.8335,31.686],[95.8181,31.6804],[95.7811,31.7538],[95.7522,31.7628],[95.7173,31.7649],[95.6384,31.7852],[95.6185,31.784],[95.6022,31.7708],[95.5853,31.7709],[95.577,31.7527],[95.561,31.7461],[95.521,31.7514],[95.4788,31.799],[95.4729,31.7965],[95.4607,31.805],[95.4604,31.819],[95.4343,31.8517],[95.4219,31.8872],[95.4078,31.9054],[95.4099,31.9127],[95.372,31.9644],[95.3744,31.9857],[95.3966,32.0039],[95.442,32.011],[95.4128,32.0438],[95.4167,32.0532],[95.4486,32.0649],[95.4517,32.0716],[95.4334,32.16],[95.3994,32.1868],[95.3618,32.1743],[95.3534,32.1776],[95.3284,32.2123],[95.3115,32.2254],[95.3142,32.2474],[95.3073,32.2554],[95.2895,32.2596],[95.2149,32.2499],[95.1805,32.2575],[95.1461,32.2487],[95.1031,32.2562],[95.0808,32.2504],[95.0422,32.2722],[95.041,32.297],[95.0172,32.3153],[94.9836,32.322],[94.9565,32.3421],[94.9197,32.3443],[94.9039,32.3526],[94.8918,32.3669],[94.8945,32.3777],[94.9269,32.3807],[94.9324,32.3888],[94.8959,32.4624],[94.8152,32.4845],[94.7954,32.5],[94.7903,32.5144],[94.7577,32.5325],[94.785,32.5377],[94.7828,32.5499],[94.7498,32.5636],[94.7229,32.6038],[94.6891,32.6045],[94.6474,32.6394],[94.6224,32.6702],[94.603,32.6849],[94.5838,32.6882],[94.5738,32.7015],[94.5779,32.7107],[94.6113,32.7157],[94.6038,32.7399],[94.5988,32.7365],[94.5896,32.7499],[94.5621,32.7532],[94.5196,32.7432],[94.5113,32.7282],[94.4913,32.7282],[94.4855,32.7199],[94.4604,32.7374],[94.4421,32.7307],[94.4355,32.7149],[94.4296,32.7165],[94.4271,32.729],[94.4071,32.7324],[94.3904,32.7524],[94.363,32.7582],[94.358,32.7674],[94.368,32.7715],[94.363,32.7899],[94.3763,32.7907],[94.3796,32.799],[94.3671,32.8065],[94.3621,32.8265],[94.3521,32.8299],[94.3663,32.8599],[94.3655,32.8774],[94.348,32.8924],[94.3588,32.9149],[94.3788,32.9199],[94.3846,32.9282],[94.3838,32.9399],[94.3913,32.9449],[94.3846,32.9615],[94.3963,32.9699],[94.393,32.9782],[94.373,32.9765],[94.3496,33.0007],[94.3313,33.0099],[94.3238,33.0099],[94.3146,32.9974],[94.2896,32.9974],[94.2621,33.0057],[94.2605,33.0165],[94.2288,33.0165],[94.1913,33.0015],[94.1796,33.0107],[94.1596,33.0124],[94.1346,33.0315],[94.1346,33.0424],[94.113,33.0424],[94.113,33.0549],[94.0955,33.0582],[94.0813,33.0557],[94.0696,33.044],[94.0788,33.0282],[94.0646,33.0215],[94.0496,33.0324],[94.0246,33.034],[94.0246,33.0449],[94.0096,33.059],[93.9846,33.0549],[93.9513,33.0824],[93.9488,33.0924],[93.9646,33.1057],[93.9446,33.124],[93.9455,33.1374],[93.9388,33.1465],[93.9438,33.1515],[93.9388,33.1574],[93.9421,33.1732],[93.933,33.1732],[93.928,33.1915],[93.9013,33.1799],[93.8821,33.1907],[93.8796,33.2299],[93.8705,33.2365],[93.8705,33.2465],[93.8613,33.249],[93.8596,33.2649],[93.8971,33.294],[93.9063,33.2874],[93.9296,33.2924],[93.9213,33.3115],[93.9288,33.3257],[93.9221,33.3282],[93.9146,33.3524],[93.9313,33.3515],[93.9371,33.3599],[93.9546,33.3507],[93.9755,33.324],[93.9971,33.3132],[94.0138,33.2932],[94.0238,33.3115],[94.0488,33.3232],[94.0838,33.324],[94.0788,33.3474],[94.088,33.344],[94.0963,33.3524],[94.1105,33.3515],[94.1271,33.3274],[94.1496,33.3232],[94.1638,33.3357],[94.1971,33.3424],[94.2005,33.3349],[94.2105,33.3332],[94.2105,33.3182],[94.2271,33.314],[94.2455,33.354],[94.2405,33.3649],[94.2463,33.3815],[94.2405,33.3924],[94.273,33.3915],[94.2821,33.3974],[94.2546,33.4199],[94.2621,33.4415],[94.2496,33.4549],[94.2496,33.4682],[94.258,33.484],[94.2538,33.4982],[94.2596,33.5165],[94.248,33.5282],[94.2496,33.5432],[94.2271,33.5574],[94.233,33.5724],[94.2421,33.5749],[94.253,33.609],[94.2638,33.6149],[94.2646,33.6249],[94.258,33.6315],[94.2671,33.6349],[94.2788,33.6299],[94.2846,33.639],[94.308,33.634],[94.3246,33.6174],[94.3305,33.6232],[94.3421,33.619],[94.3488,33.6232],[94.3663,33.6115],[94.3829,33.629],[94.3938,33.6282],[94.3988,33.634],[94.3846,33.6532],[94.3955,33.654],[94.3955,33.6624],[94.4038,33.6665],[94.4005,33.6799],[94.4205,33.689],[94.4155,33.714],[94.4271,33.7132],[94.4271,33.7224],[94.4421,33.7365],[94.4396,33.7457],[94.4321,33.7474],[94.4363,33.7674],[94.4888,33.8057],[94.5229,33.7974],[94.543,33.8107],[94.5455,33.8249],[94.5688,33.819],[94.5779,33.824],[94.6571,33.7965],[94.688,33.7665],[94.6888,33.759],[94.7038,33.7599],[94.7013,33.7465],[94.7096,33.739],[94.7055,33.729],[94.7104,33.7157],[94.7221,33.7157],[94.7388,33.7049],[94.7463,33.6899],[94.7588,33.694],[94.7763,33.6815],[94.8238,33.6674],[94.8196,33.6565],[94.8071,33.654],[94.8188,33.6282],[94.8005,33.6182],[94.808,33.6082],[94.8038,33.5974],[94.8138,33.5857],[94.8088,33.5707],[94.8146,33.564],[94.8305,33.5757],[94.8579,33.5724],[94.8663,33.5657],[94.8821,33.5715],[94.8855,33.5807],[94.9238,33.5757],[94.9363,33.5657],[94.9505,33.5674],[94.9563,33.5599],[94.9829,33.5757],[94.9963,33.5557],[95.0163,33.5499],[95.0255,33.5315],[95.0355,33.5315],[95.048,33.5365],[95.0454,33.5432],[95.0521,33.5482],[95.0621,33.5432],[95.0871,33.5482],[95.0913,33.554],[95.0871,33.5674],[95.1088,33.5732],[95.1255,33.589],[95.1413,33.574],[95.1404,33.549],[95.1563,33.524],[95.1763,33.519],[95.1863,33.5057],[95.1888,33.4799],[95.2113,33.4382],[95.2288,33.4399],[95.2404,33.4557],[95.2463,33.4399],[95.2579,33.4324],[95.2671,33.434],[95.2913,33.4132],[95.2996,33.414],[95.3013,33.4324],[95.3113,33.439],[95.3579,33.4224],[95.4054,33.3824],[95.4163,33.3807],[95.423,33.3882],[95.4529,33.3674],[95.4654,33.3665],[95.4646,33.3607],[95.4888,33.3399],[95.5029,33.3507],[95.5279,33.3474],[95.5296,33.3332],[95.5429,33.3324],[95.5555,33.3232],[95.5563,33.3007],[95.5779,33.2999],[95.588,33.3124],[95.5921,33.304],[95.6154,33.304],[95.6321,33.3257],[95.6571,33.304],[95.673,33.3157],[95.6754,33.3307],[95.6904,33.3399],[95.728,33.3107],[95.7421,33.2824],[95.7896,33.2849],[95.798,33.2707],[95.7913,33.249],[95.8079,33.239],[95.8121,33.2274],[95.8188,33.2315],[95.8271,33.2274],[95.8413,33.2065],[95.8646,33.2107],[95.8921,33.1907],[95.9046,33.1932],[95.9329,33.1715],[95.9396,33.1865],[95.9371,33.1974],[95.9696,33.2107],[95.9846,33.2307],[96.0221,33.2382],[96.0513,33.2257],[96.0696,33.2365],[96.0913,33.2124],[96.1029,33.2099],[96.1038,33.199],[96.1188,33.199],[96.1371,33.1807],[96.1479,33.1649],[96.1438,33.1574],[96.1496,33.1482],[96.1921,33.1249],[96.2096,33.0949],[96.2196,33.0957],[96.2446,33.074],[96.2613,33.0707],[96.2746,33.0449],[96.3029,33.0432],[96.3329,33.0257],[96.3413,33.0374],[96.3571,33.044],[96.3654,33.0382],[96.3754,33.0465],[96.3879,33.0449],[96.3904,33.0307],[96.3996,33.0224],[96.4113,33.0224],[96.4163,33.0307],[96.4254,33.0282],[96.4221,33.009],[96.4354,33.0032],[96.4321,32.9899],[96.4454,32.9815],[96.4488,32.9699],[96.4604,32.9715],[96.4704,32.9632],[96.5013,32.9699],[96.5104,32.9607],[96.5238,32.9674],[96.5404,32.959],[96.5713,32.9749],[96.6088,32.9682],[96.6196,32.9799],[96.6379,32.9815],[96.6421,32.9924],[96.6638,32.9849],[96.6563,32.9665],[96.6971,32.9274],[96.6971,32.9032],[96.6896,32.8949],[96.7071,32.8724],[96.7079,32.8574],[96.7971,32.8232],[96.7979,32.7849],[96.8188,32.7832],[96.8271,32.7782],[96.8279,32.7607],[96.8679,32.7532],[96.8979,32.7315],[96.8971,32.7199],[96.8854,32.7174],[96.8813,32.6924],[96.9254,32.6624],[96.9488,32.6582],[96.9554,32.6465],[96.9696,32.6449],[96.9821,32.624],[97.0004,32.6207],[97.0121,32.6049],[97.0496,32.6007],[97.0638,32.5882],[97.0721,32.5907],[97.0713,32.599],[97.0796,32.6049],[97.1021,32.6007],[97.1171,32.6057],[97.1329,32.5857],[97.1654,32.5765],[97.1813,32.5799],[97.1954,32.5715],[97.2163,32.5732],[97.2204,32.5665],[97.2538,32.5774],[97.2704,32.5524],[97.2846,32.5499],[97.3163,32.524],[97.3674,32.5132]]],[[[94.4371,33.769],[94.4363,33.7682],[94.4363,33.769],[94.4371,33.769]]],[[[94.5946,32.6344],[94.5905,32.644],[94.6004,32.6532],[94.5999,32.6607],[94.6012,32.6456],[94.6008,32.6417],[94.5946,32.6344]]],[[[94.5738,32.6312],[94.5653,32.6278],[94.5571,32.6184],[94.5663,32.6324],[94.5738,32.6312]]],[[[94.5856,32.6309],[94.5796,32.6315],[94.5882,32.6315],[94.5856,32.6309]]],[[[94.5563,32.6174],[94.5563,32.6182],[94.557,32.6182],[94.5563,32.6174]]],[[[94.5555,32.6164],[94.5555,32.6165],[94.5556,32.6165],[94.5555,32.6164]]],[[[94.5546,32.6154],[94.5546,32.6157],[94.5549,32.6157],[94.5546,32.6154]]],[[[94.5538,32.6144],[94.5538,32.6149],[94.5542,32.6149],[94.5538,32.6144]]],[[[94.553,32.6135],[94.553,32.614],[94.5534,32.614],[94.553,32.6135]]],[[[94.5527,32.6131],[94.5521,32.6132],[94.5527,32.6132],[94.5527,32.6131]]],[[[94.5513,32.6116],[94.5513,32.6124],[94.552,32.6124],[94.5513,32.6116]]],[[[94.4846,32.6019],[94.468,32.6076],[94.4571,32.5974],[94.4696,32.6124],[94.4796,32.6107],[94.4846,32.6019]]],[[[94.524,32.5982],[94.498,32.6057],[94.5063,32.6065],[94.5313,32.5999],[94.5512,32.6115],[94.5394,32.6022],[94.5351,32.6005],[94.524,32.5982]]],[[[94.4071,32.593],[94.3938,32.6004],[94.3938,32.604],[94.4046,32.6007],[94.4071,32.593]]],[[[94.408,32.5908],[94.4073,32.5924],[94.408,32.5924],[94.408,32.5908]]],[[[94.4088,32.5899],[94.408,32.5907],[94.4088,32.5907],[94.4088,32.5899]]],[[[94.4079,32.5874],[94.408,32.5888],[94.408,32.5874],[94.4079,32.5874]]],[[[94.3863,32.5862],[94.3863,32.5865],[94.3864,32.5865],[94.3863,32.5862]]],[[[94.3859,32.5854],[94.3855,32.5857],[94.3861,32.5857],[94.3859,32.5854]]],[[[94.4313,32.5667],[94.4149,32.5755],[94.4089,32.584],[94.4196,32.5799],[94.4313,32.5667]]],[[[94.4583,32.5732],[94.45,32.5686],[94.4421,32.568],[94.4513,32.574],[94.4583,32.5732]]],[[[94.3765,32.5625],[94.3763,32.559],[94.3763,32.5649],[94.3765,32.5625]]],[[[94.3563,32.5235],[94.3494,32.531],[94.3338,32.5315],[94.3505,32.5382],[94.3563,32.5235]]],[[[94.373,32.5348],[94.373,32.5349],[94.373,32.5349],[94.373,32.5348]]],[[[94.3721,32.5333],[94.3721,32.534],[94.3725,32.534],[94.3721,32.5333]]],[[[94.3713,32.5317],[94.3713,32.5332],[94.3721,32.5332],[94.3713,32.5317]]],[[[94.3321,32.5303],[94.3259,32.5297],[94.3213,32.5286],[94.3263,32.5332],[94.3321,32.5303]]],[[[94.3204,32.5282],[94.3144,32.5253],[94.3071,32.5203],[94.3163,32.5332],[94.3204,32.5282]]],[[[94.3689,32.5282],[94.3688,32.5282],[94.369,32.5282],[94.3689,32.5282]]],[[[94.3681,32.527],[94.368,32.5274],[94.3683,32.5274],[94.3681,32.527]]],[[[94.3629,32.523],[94.3605,32.5232],[94.3633,32.5232],[94.3629,32.523]]],[[[94.3059,32.5199],[94.3006,32.5127],[94.2921,32.5115],[94.2955,32.5207],[94.3059,32.5199]]],[[[94.2596,32.5122],[94.2532,32.5146],[94.2396,32.5174],[94.2496,32.519],[94.2596,32.5122]]],[[[94.1988,32.5165],[94.194,32.5137],[94.1905,32.5113],[94.1913,32.5174],[94.1988,32.5165]]],[[[94.2388,32.5164],[94.2388,32.5165],[94.2393,32.5165],[94.2388,32.5164]]],[[[94.263,32.5115],[94.2628,32.5113],[94.2619,32.5115],[94.263,32.5115]]],[[[94.293,32.5089],[94.293,32.509],[94.2933,32.509],[94.293,32.5089]]],[[[94.183,32.5009],[94.1821,32.5015],[94.1844,32.5032],[94.183,32.5009]]],[[[94.1813,32.4992],[94.1813,32.4999],[94.182,32.4999],[94.1813,32.4992]]],[[[94.1805,32.4978],[94.1805,32.4982],[94.1807,32.4982],[94.1805,32.4978]]],[[[94.1796,32.4962],[94.1796,32.4965],[94.1798,32.4965],[94.1796,32.4962]]],[[[94.1791,32.4951],[94.178,32.4949],[94.1794,32.4957],[94.1791,32.4951]]],[[[94.1778,32.4882],[94.1771,32.4815],[94.1771,32.4882],[94.1778,32.4882]]],[[[94.1806,32.4799],[94.1805,32.4799],[94.1805,32.4801],[94.1806,32.4799]]],[[[94.1831,32.4743],[94.1813,32.4749],[94.1813,32.4785],[94.1831,32.4743]]],[[[94.1813,32.4633],[94.1821,32.4699],[94.1837,32.4707],[94.1836,32.4681],[94.1813,32.4633]]],[[[94.18,32.4616],[94.1796,32.4624],[94.1812,32.4632],[94.18,32.4616]]],[[[94.1671,32.4564],[94.1563,32.4563],[94.1521,32.4501],[94.1521,32.4574],[94.1671,32.4564]]],[[[94.1504,32.4461],[94.1496,32.4474],[94.1517,32.449],[94.1504,32.4461]]]]}},{"type":"Feature","properties":{"id":"adm1_3","ten":"Xizang, China","country":"China","bounds":[94.1496,28.2207,98.8929,32.6729]},"geometry":{"type":"MultiPolygon","coordinates":[[[[95.4467,31.8315],[95.4388,31.8332],[95.4196,31.8707],[95.4188,31.8899],[95.4038,31.9007],[95.4063,31.9132],[95.3888,31.9157],[95.3771,31.9299],[95.3671,31.9274],[95.3596,31.9407],[95.3329,31.9299],[95.3179,31.9324],[95.3013,31.9265],[95.2488,31.949],[95.2355,31.9632],[95.2079,31.9765],[95.1954,31.974],[95.1946,31.9624],[95.1746,31.964],[95.1713,31.9557],[95.1505,31.9524],[95.1313,31.9582],[95.1321,31.9682],[95.1221,31.9774],[95.0963,31.9849],[95.0538,31.9815],[95.048,31.9899],[95.0379,31.9832],[95.0271,31.9865],[95.0154,31.9957],[95.0171,32.0157],[95.0096,32.0199],[95.0113,32.0307],[94.9971,32.0349],[95.0038,32.0449],[95.0013,32.0665],[94.9763,32.0624],[94.9679,32.0732],[94.9388,32.0732],[94.933,32.0824],[94.9221,32.0832],[94.9238,32.0949],[94.9046,32.0857],[94.8946,32.0882],[94.8904,32.1057],[94.8988,32.1099],[94.8955,32.124],[94.903,32.1382],[94.8921,32.1449],[94.8805,32.139],[94.8638,32.1399],[94.8613,32.1449],[94.8504,32.139],[94.8279,32.1424],[94.8171,32.1599],[94.8005,32.1474],[94.808,32.1232],[94.7896,32.1157],[94.7863,32.099],[94.7796,32.099],[94.7646,32.1199],[94.7463,32.1307],[94.7246,32.129],[94.7005,32.1007],[94.6788,32.0982],[94.673,32.1115],[94.6546,32.114],[94.6346,32.1257],[94.6496,32.1365],[94.6488,32.1482],[94.6621,32.1615],[94.6463,32.1732],[94.6563,32.1874],[94.6421,32.1949],[94.6388,32.2049],[94.6163,32.1832],[94.6063,32.179],[94.5905,32.1832],[94.5896,32.174],[94.5788,32.1724],[94.5813,32.1624],[94.568,32.1549],[94.5405,32.1707],[94.5421,32.1965],[94.5255,32.209],[94.533,32.2199],[94.5313,32.2499],[94.5238,32.2524],[94.5271,32.274],[94.5154,32.274],[94.5088,32.2957],[94.4955,32.294],[94.483,32.3257],[94.4604,32.3224],[94.4488,32.3282],[94.4296,32.3499],[94.433,32.3724],[94.3938,32.3815],[94.3863,32.374],[94.3521,32.374],[94.3446,32.3607],[94.3388,32.3615],[94.3305,32.3774],[94.313,32.3815],[94.3155,32.399],[94.2955,32.4032],[94.2996,32.4149],[94.2696,32.414],[94.2205,32.4357],[94.2063,32.4257],[94.2038,32.4124],[94.1938,32.4099],[94.1871,32.429],[94.1796,32.4315],[94.1696,32.4215],[94.1596,32.4399],[94.1496,32.4449],[94.1524,32.4507],[94.1563,32.4563],[94.1796,32.4574],[94.1846,32.4732],[94.178,32.4933],[94.1988,32.5165],[94.2532,32.5146],[94.2863,32.494],[94.2921,32.5082],[94.3216,32.5287],[94.3494,32.531],[94.358,32.5215],[94.3663,32.5232],[94.3813,32.5415],[94.3829,32.5549],[94.3766,32.5649],[94.3938,32.6004],[94.4066,32.5944],[94.4149,32.5755],[94.4396,32.5649],[94.4621,32.574],[94.46,32.6015],[94.468,32.6076],[94.4921,32.599],[94.4995,32.6045],[94.5308,32.5995],[94.5428,32.604],[94.5704,32.6313],[94.5955,32.6324],[94.5999,32.6607],[94.6169,32.6729],[94.6891,32.6045],[94.7207,32.6056],[94.7498,32.5636],[94.7828,32.5499],[94.785,32.5377],[94.7577,32.5325],[94.7903,32.5144],[94.7954,32.5],[94.8152,32.4845],[94.8959,32.4624],[94.9324,32.3888],[94.9269,32.3807],[94.8945,32.3777],[94.8918,32.3669],[94.9039,32.3526],[94.9197,32.3443],[94.9565,32.3421],[94.9836,32.322],[95.0172,32.3153],[95.041,32.297],[95.0422,32.2722],[95.0808,32.2504],[95.1031,32.2562],[95.1461,32.2487],[95.1805,32.2575],[95.2149,32.2499],[95.2895,32.2596],[95.3073,32.2554],[95.3142,32.2474],[95.3115,32.2254],[95.3284,32.2123],[95.3534,32.1776],[95.3618,32.1743],[95.3994,32.1868],[95.4334,32.16],[95.4517,32.0716],[95.4486,32.0649],[95.4167,32.0532],[95.4128,32.0438],[95.442,32.011],[95.3966,32.0039],[95.3706,31.9759],[95.3922,31.9304],[95.4099,31.9127],[95.4078,31.9054],[95.4219,31.8872],[95.4467,31.8315]]],[[[97.3696,32.5132],[97.3687,32.5112],[97.3674,32.5132],[97.3696,32.5132]]],[[[97.3879,32.5024],[97.3837,32.5049],[97.3879,32.5032],[97.3879,32.5024]]],[[[97.3835,32.5007],[97.3838,32.5013],[97.3838,32.5007],[97.3835,32.5007]]],[[[97.3812,32.4957],[97.3813,32.4959],[97.3813,32.4957],[97.3812,32.4957]]],[[[97.3798,32.494],[97.3804,32.4946],[97.3804,32.494],[97.3798,32.494]]],[[[97.379,32.4932],[97.3796,32.4938],[97.3796,32.4932],[97.379,32.4932]]],[[[97.3782,32.4924],[97.3788,32.493],[97.3788,32.4924],[97.3782,32.4924]]],[[[97.3779,32.4915],[97.3776,32.4918],[97.3779,32.4921],[97.3779,32.4915]]],[[[97.3413,32.4402],[97.3387,32.4492],[97.3493,32.4708],[97.3771,32.4914],[97.3638,32.474],[97.3488,32.469],[97.3413,32.4402]]],[[[97.3438,32.4399],[97.3428,32.4389],[97.3417,32.4399],[97.3438,32.4399]]],[[[97.3446,32.4377],[97.3439,32.4382],[97.3446,32.4382],[97.3446,32.4377]]],[[[97.3688,32.4374],[97.358,32.4346],[97.3533,32.4349],[97.3688,32.4374]]],[[[97.3454,32.4371],[97.3451,32.4374],[97.3454,32.4374],[97.3454,32.4371]]],[[[97.3904,32.4274],[97.3873,32.4236],[97.3801,32.4307],[97.3904,32.4274]]],[[[95.4473,31.8307],[95.4471,31.8307],[95.4471,31.8309],[95.4473,31.8307]]],[[[95.4712,31.7974],[95.4646,31.7965],[95.4538,31.8065],[95.4579,31.8115],[95.4712,31.7974]]],[[[95.4843,31.7917],[95.4838,31.7915],[95.4838,31.7919],[95.4843,31.7917]]],[[[95.4855,31.7907],[95.4855,31.7907],[95.4855,31.7907],[95.4855,31.7907]]],[[[95.4864,31.7899],[95.4863,31.7899],[95.4863,31.79],[95.4864,31.7899]]],[[[95.5079,31.7657],[95.5013,31.7757],[95.4913,31.7782],[95.4871,31.7892],[95.5009,31.7772],[95.5079,31.7657]]],[[[95.5087,31.764],[95.5079,31.764],[95.5079,31.7656],[95.5087,31.764]]],[[[98.7679,29.0091],[98.7654,29.008],[98.7629,29.0082],[98.7679,29.0091]]],[[[98.7863,29.0024],[98.7875,28.9949],[98.7792,29.0024],[98.7863,29.0024]]],[[[98.8046,28.9741],[98.8042,28.9722],[98.8031,28.9741],[98.8046,28.9741]]],[[[98.8054,28.9683],[98.8052,28.969],[98.8054,28.969],[98.8054,28.9683]]],[[[98.8096,28.9569],[98.8093,28.9574],[98.8096,28.9574],[98.8096,28.9569]]],[[[98.8138,28.9447],[98.8132,28.9505],[98.8098,28.9566],[98.8146,28.9524],[98.8138,28.9447]]],[[[98.8163,28.9175],[98.813,28.9271],[98.8131,28.9282],[98.8213,28.924],[98.8163,28.9175]]],[[[98.8188,28.9089],[98.8181,28.9116],[98.8188,28.9116],[98.8188,28.9089]]],[[[98.8245,28.8824],[98.8237,28.8899],[98.8279,28.8841],[98.8245,28.8824]]],[[[98.8396,28.8138],[98.8382,28.8174],[98.8396,28.8166],[98.8396,28.8138]]],[[[98.8713,28.8132],[98.884,28.8096],[98.8588,28.8038],[98.8713,28.8132]]],[[[98.8888,28.8085],[98.8863,28.8091],[98.8888,28.8091],[98.8888,28.8085]]],[[[98.8929,28.8076],[98.89,28.8082],[98.8929,28.8082],[98.8929,28.8076]]],[[[98.8554,28.803],[98.8554,28.8032],[98.8564,28.8032],[98.8554,28.803]]],[[[98.6174,28.6282],[98.6088,28.6399],[98.6063,28.6536],[98.6106,28.6474],[98.6174,28.6282]]],[[[98.6199,28.6024],[98.6121,28.6157],[98.6188,28.6223],[98.6191,28.6104],[98.6199,28.6024]]],[[[98.6249,28.5799],[98.6196,28.5899],[98.6204,28.5941],[98.6213,28.5942],[98.6249,28.5799]]],[[[98.6286,28.5641],[98.6263,28.5607],[98.6279,28.5641],[98.6286,28.5641]]],[[[98.6297,28.5591],[98.6296,28.5591],[98.6296,28.5597],[98.6297,28.5591]]],[[[98.636,28.4907],[98.6279,28.4907],[98.6229,28.5029],[98.628,28.4938],[98.636,28.4907]]],[[[98.6875,28.4566],[98.6829,28.4599],[98.6804,28.4755],[98.6818,28.4741],[98.6875,28.4566]]],[[[98.7144,28.4091],[98.6871,28.4407],[98.6904,28.4466],[98.7073,28.4249],[98.7144,28.4091]]],[[[98.7147,28.4082],[98.7146,28.4082],[98.7146,28.4085],[98.7147,28.4082]]],[[[98.7528,28.3391],[98.7204,28.3757],[98.7154,28.4066],[98.7473,28.3518],[98.7528,28.3391]]],[[[98.7531,28.3384],[98.7529,28.3382],[98.7529,28.3387],[98.7531,28.3384]]],[[[98.7488,28.3311],[98.7488,28.3316],[98.7491,28.3316],[98.7488,28.3311]]],[[[98.7329,28.3199],[98.7388,28.3249],[98.7454,28.3274],[98.7486,28.3307],[98.7473,28.3287],[98.7389,28.3229],[98.7329,28.3199]]],[[[98.7154,28.3073],[98.7196,28.3157],[98.7329,28.3199],[98.7251,28.315],[98.7154,28.3073]]],[[[98.7089,28.2916],[98.7088,28.2899],[98.7088,28.2916],[98.7089,28.2916]]],[[[98.7114,28.2652],[98.7088,28.2632],[98.7113,28.2661],[98.7114,28.2652]]],[[[98.7114,28.2466],[98.7113,28.2466],[98.7113,28.2479],[98.7114,28.2466]]],[[[98.7121,28.2395],[98.7104,28.2424],[98.7116,28.2449],[98.7121,28.2395]]],[[[98.7106,28.2366],[98.7104,28.2374],[98.711,28.2374],[98.7106,28.2366]]],[[[98.7063,28.2302],[98.7063,28.2307],[98.7073,28.2307],[98.7063,28.2302]]],[[[98.7054,28.2297],[98.7054,28.2299],[98.7058,28.2299],[98.7054,28.2297]]],[[[98.7038,28.2288],[98.7038,28.2291],[98.7042,28.2291],[98.7038,28.2288]]],[[[98.7021,28.2279],[98.7021,28.2282],[98.7027,28.2282],[98.7021,28.2279]]],[[[98.6999,28.2266],[98.6954,28.2207],[98.6963,28.2274],[98.6999,28.2266]]],[[[98.755,29.0076],[98.7061,28.969],[98.6575,28.9787],[98.6312,28.975],[98.6291,28.9624],[98.6445,28.9365],[98.6594,28.9299],[98.6507,28.9171],[98.6539,28.9077],[98.6465,28.8864],[98.6692,28.8429],[98.6519,28.8214],[98.6532,28.8138],[98.6673,28.8044],[98.6881,28.7364],[98.6283,28.6901],[98.5946,28.6841],[98.5871,28.6966],[98.5729,28.7024],[98.5788,28.7374],[98.5679,28.7632],[98.5713,28.7707],[98.5604,28.7824],[98.5671,28.7907],[98.5638,28.8041],[98.5496,28.8274],[98.5546,28.899],[98.5229,28.9099],[98.5254,28.9216],[98.5188,28.9299],[98.5213,28.9457],[98.5154,28.9599],[98.4946,28.9557],[98.4846,28.9732],[98.4796,29.0399],[98.4988,29.0515],[98.4921,29.0782],[98.5021,29.0924],[98.5038,29.1149],[98.4796,29.149],[98.4796,29.1632],[98.4613,29.174],[98.4496,29.164],[98.4471,29.1532],[98.4138,29.1574],[98.4063,29.1674],[98.4088,29.1765],[98.3988,29.1857],[98.4004,29.1957],[98.3904,29.199],[98.3988,29.2157],[98.3738,29.2232],[98.3696,29.2374],[98.3538,29.2432],[98.3538,29.2574],[98.3421,29.2782],[98.3304,29.2765],[98.3138,29.2865],[98.3254,29.314],[98.2713,29.3199],[98.2529,29.3015],[98.2563,29.2899],[98.2346,29.2774],[98.2213,29.2857],[98.2271,29.294],[98.2188,29.3049],[98.2004,29.3049],[98.1913,29.3165],[98.1696,29.3165],[98.1554,29.3249],[98.1496,29.359],[98.1204,29.3732],[98.1179,29.384],[98.1013,29.3957],[98.0971,29.4299],[98.0763,29.4515],[98.0763,29.5049],[98.0663,29.5124],[98.0688,29.5224],[98.0454,29.5515],[98.0546,29.5632],[98.0513,29.5757],[98.0329,29.5924],[98.0304,29.604],[98.0154,29.6115],[98.0138,29.6324],[98.0004,29.6407],[98.0079,29.654],[98.0004,29.679],[98.0088,29.6882],[98.0004,29.6999],[98.0029,29.7149],[97.9779,29.7357],[97.9713,29.7507],[97.9638,29.7515],[97.9596,29.7707],[97.9479,29.7815],[97.9171,29.7815],[97.9063,29.804],[97.8871,29.8132],[97.8763,29.8324],[97.8629,29.839],[97.8563,29.8674],[97.8313,29.8832],[97.8338,29.8949],[97.8496,29.8974],[97.8363,29.9165],[97.8379,29.9299],[97.8288,29.949],[97.8429,29.9524],[97.8546,29.9724],[97.8396,29.9882],[97.8154,29.9982],[97.8229,30.0107],[97.8063,30.0274],[97.8121,30.0365],[97.8004,30.0565],[97.7996,30.0757],[97.7871,30.089],[97.7921,30.1049],[97.7738,30.1065],[97.7596,30.1199],[97.7479,30.1049],[97.7396,30.1032],[97.7238,30.1065],[97.7221,30.114],[97.6979,30.1157],[97.6954,30.1224],[97.6763,30.1082],[97.6671,30.114],[97.6696,30.1199],[97.6613,30.1299],[97.6496,30.1099],[97.6429,30.1157],[97.6288,30.1107],[97.6279,30.1257],[97.6129,30.1324],[97.6096,30.1465],[97.6171,30.1557],[97.6321,30.154],[97.6446,30.174],[97.6204,30.1857],[97.6254,30.1974],[97.6121,30.2099],[97.6029,30.2099],[97.5879,30.2407],[97.5596,30.2707],[97.5629,30.2882],[97.5721,30.2874],[97.5838,30.2982],[97.5821,30.3032],[97.5096,30.3432],[97.4988,30.379],[97.5079,30.3882],[97.5013,30.4024],[97.5054,30.4107],[97.4921,30.4157],[97.4904,30.4232],[97.4763,30.419],[97.4438,30.4382],[97.4379,30.459],[97.4454,30.4665],[97.4304,30.4757],[97.4346,30.4874],[97.4204,30.4974],[97.4204,30.5124],[97.3896,30.5257],[97.3954,30.5399],[97.3913,30.549],[97.3754,30.5549],[97.3588,30.5774],[97.3379,30.5782],[97.3354,30.569],[97.3154,30.5699],[97.3146,30.5515],[97.2879,30.524],[97.2821,30.5265],[97.2754,30.549],[97.2446,30.5715],[97.2438,30.5807],[97.2088,30.5924],[97.2271,30.6724],[97.2079,30.6799],[97.1946,30.7049],[97.1646,30.704],[97.1388,30.7315],[97.1129,30.7232],[97.0938,30.7307],[97.0754,30.7665],[97.0638,30.7682],[97.0538,30.7615],[97.0429,30.769],[97.0296,30.7924],[97.0004,30.8049],[96.9746,30.8407],[96.9679,30.8407],[96.9671,30.8299],[96.9496,30.8382],[96.9429,30.8249],[96.9354,30.8299],[96.9229,30.8265],[96.9004,30.8632],[96.8804,30.8632],[96.8721,30.8765],[96.8654,30.8765],[96.8679,30.8807],[96.8588,30.8874],[96.8488,30.9115],[96.8221,30.9257],[96.8171,30.9382],[96.8013,30.9407],[96.7879,30.9574],[96.7788,30.9582],[96.7688,30.9782],[96.7596,30.974],[96.7596,30.9665],[96.7388,30.9632],[96.7196,30.9874],[96.7063,30.989],[96.6704,30.969],[96.6613,30.9549],[96.6213,30.9632],[96.6113,30.9582],[96.6071,30.9465],[96.6004,30.9532],[96.5896,30.949],[96.5813,30.9632],[96.5688,30.9624],[96.5513,30.9874],[96.5329,30.989],[96.5129,30.9757],[96.5054,30.994],[96.4921,30.9982],[96.4471,30.9899],[96.4446,31.004],[96.4513,31.0065],[96.4571,31.0265],[96.4721,31.0315],[96.4663,31.0432],[96.4863,31.049],[96.5004,31.0607],[96.5021,31.0732],[96.5129,31.0782],[96.4604,31.1332],[96.4296,31.114],[96.4246,31.1274],[96.4088,31.1349],[96.3846,31.1299],[96.3729,31.1499],[96.3754,31.1599],[96.3654,31.1707],[96.3754,31.174],[96.3746,31.1824],[96.3679,31.1824],[96.3471,31.2074],[96.2938,31.2207],[96.2821,31.2165],[96.2721,31.2315],[96.2504,31.2249],[96.2454,31.234],[96.1996,31.249],[96.1954,31.2582],[96.1754,31.269],[96.1221,31.2765],[96.1204,31.2907],[96.1104,31.2932],[96.1004,31.2865],[96.0946,31.3049],[96.0779,31.3124],[96.0679,31.3257],[96.0538,31.3282],[96.0596,31.3474],[96.0429,31.354],[96.0371,31.3707],[95.9888,31.3965],[95.9779,31.389],[95.9596,31.3957],[95.9479,31.3924],[95.9471,31.4032],[95.9579,31.4165],[95.9346,31.4215],[95.9238,31.4065],[95.9121,31.409],[95.8996,31.4207],[95.9013,31.429],[95.8904,31.4324],[95.8813,31.4249],[95.8563,31.4232],[95.853,31.4432],[95.8338,31.4465],[95.8313,31.4549],[95.8071,31.464],[95.8163,31.494],[95.8063,31.5032],[95.8104,31.514],[95.8313,31.5099],[95.8404,31.5199],[95.8229,31.5415],[95.7921,31.549],[95.7754,31.5374],[95.7696,31.5432],[95.7646,31.5382],[95.7538,31.5415],[95.7421,31.5332],[95.7313,31.5349],[95.7263,31.544],[95.7038,31.5332],[95.6896,31.5449],[95.6788,31.5349],[95.6655,31.539],[95.6496,31.5349],[95.6338,31.5449],[95.6113,31.5407],[95.6013,31.5549],[95.6038,31.574],[95.5805,31.5832],[95.5771,31.5757],[95.5704,31.5774],[95.5721,31.5657],[95.563,31.5665],[95.5604,31.5599],[95.5363,31.5665],[95.5596,31.609],[95.5513,31.6132],[95.5504,31.6265],[95.5363,31.6457],[95.5146,31.6565],[95.5213,31.6674],[95.4979,31.6982],[95.5071,31.7224],[95.5038,31.7415],[95.5129,31.7474],[95.5088,31.7637],[95.5306,31.748],[95.561,31.7461],[95.577,31.7527],[95.5853,31.7709],[95.6022,31.7708],[95.6185,31.784],[95.6384,31.7852],[95.7173,31.7649],[95.7522,31.7628],[95.7811,31.7538],[95.8181,31.6804],[95.8335,31.686],[95.8589,31.7178],[95.8695,31.7227],[95.8991,31.7218],[95.9139,31.7135],[95.96,31.7049],[95.9859,31.7078],[96.0,31.7164],[96.0454,31.7148],[96.0605,31.7234],[96.1017,31.7141],[96.1118,31.7021],[96.1446,31.6907],[96.1566,31.6474],[96.1587,31.6027],[96.1778,31.5914],[96.187,31.551],[96.1988,31.5425],[96.234,31.5488],[96.2483,31.5583],[96.2576,31.5889],[96.2537,31.6008],[96.2178,31.6063],[96.2176,31.6171],[96.2268,31.6282],[96.2256,31.6472],[96.2485,31.6659],[96.2498,31.6958],[96.2235,31.7347],[96.2228,31.7523],[96.161,31.7865],[96.1415,31.8021],[96.1354,31.8184],[96.1512,31.854],[96.1598,31.8574],[96.1949,31.8492],[96.2049,31.8535],[96.209,31.8615],[96.1893,31.8962],[96.2219,31.9042],[96.2501,31.9329],[96.2654,31.9355],[96.2829,31.9267],[96.294,31.9371],[96.318,31.9429],[96.352,31.9198],[96.3653,31.8797],[96.3633,31.8685],[96.3716,31.8581],[96.4256,31.8282],[96.443,31.7897],[96.4692,31.7707],[96.5138,31.753],[96.5474,31.7252],[96.5698,31.7166],[96.6071,31.7373],[96.6505,31.7081],[96.663,31.7095],[96.6695,31.7264],[96.6808,31.73],[96.7361,31.6777],[96.7826,31.6816],[96.7978,31.6705],[96.8069,31.6716],[96.8119,31.6894],[96.8387,31.7268],[96.8327,31.7383],[96.8069,31.7571],[96.7926,31.7975],[96.7621,31.8297],[96.7595,31.853],[96.7636,31.8646],[96.789,31.8719],[96.8089,31.8949],[96.7842,31.9187],[96.7753,31.94],[96.7496,31.9458],[96.7363,31.9832],[96.742,32.0],[96.7228,32.0194],[96.7227,32.0265],[96.7328,32.0319],[96.7603,32.0189],[96.7912,32.0247],[96.8106,32.0194],[96.8443,32.0],[96.8462,31.9884],[96.8555,31.9809],[96.8637,31.9837],[96.8723,32.0024],[96.8971,32.0203],[96.9405,31.9897],[96.9624,32.0],[96.9654,32.0184],[96.9407,32.0324],[96.934,32.0435],[96.9403,32.0601],[96.9531,32.068],[97.0102,32.0717],[97.0283,32.0549],[97.0741,32.0523],[97.0958,32.0445],[97.138,32.0501],[97.166,32.0331],[97.1908,32.0594],[97.2133,32.0468],[97.2334,32.0609],[97.2033,32.098],[97.2175,32.1116],[97.2234,32.1121],[97.2496,32.0839],[97.3062,32.084],[97.2936,32.1075],[97.3031,32.1355],[97.2789,32.1511],[97.2621,32.1858],[97.2839,32.2785],[97.2956,32.2989],[97.3094,32.3057],[97.3323,32.3053],[97.3496,32.2846],[97.3623,32.2792],[97.4087,32.2973],[97.4166,32.3129],[97.4111,32.3269],[97.358,32.3405],[97.3722,32.3518],[97.4013,32.3403],[97.4126,32.345],[97.4099,32.3745],[97.3909,32.4149],[97.3996,32.404],[97.4213,32.404],[97.4521,32.3849],[97.4738,32.3874],[97.4838,32.3724],[97.5104,32.369],[97.5313,32.3849],[97.5513,32.3782],[97.5654,32.3699],[97.5729,32.3532],[97.5954,32.3515],[97.6146,32.3257],[97.6229,32.329],[97.6321,32.3232],[97.6746,32.2807],[97.7021,32.2765],[97.7104,32.2799],[97.7113,32.2907],[97.7404,32.2774],[97.7321,32.2624],[97.7513,32.2574],[97.7638,32.2424],[97.7971,32.2507],[97.7963,32.2424],[97.8113,32.244],[97.8138,32.2374],[97.8254,32.2365],[97.8363,32.2149],[97.8721,32.2232],[97.8813,32.2165],[97.8813,32.2015],[97.8971,32.1857],[97.9179,32.1807],[97.9354,32.1682],[97.9321,32.1615],[97.9421,32.1482],[97.9513,32.1557],[97.9638,32.1524],[97.9654,32.1324],[97.9563,32.1182],[97.9579,32.109],[97.9479,32.0999],[97.9538,32.0899],[97.9029,32.084],[97.8963,32.0782],[97.8954,32.0574],[97.8596,32.0649],[97.8454,32.0582],[97.8438,32.0374],[97.8354,32.0274],[97.8404,32.0207],[97.8396,31.9949],[97.8613,31.969],[97.8604,31.9449],[97.8513,31.9382],[97.8421,31.9424],[97.8346,31.924],[97.8188,31.9199],[97.8196,31.9082],[97.8529,31.8824],[97.8521,31.869],[97.8654,31.844],[97.8579,31.8282],[97.8429,31.829],[97.8288,31.8074],[97.8321,31.7924],[97.8446,31.7774],[97.8438,31.7674],[97.8621,31.7465],[97.8571,31.7324],[97.8713,31.7199],[97.8754,31.6874],[97.8629,31.6724],[97.8929,31.6657],[97.9171,31.6207],[97.9113,31.6082],[97.8904,31.6107],[97.8763,31.6032],[97.8671,31.5865],[97.8554,31.5799],[97.8463,31.5515],[97.8579,31.5415],[97.8596,31.5274],[97.8479,31.5215],[97.8563,31.5074],[97.8471,31.4915],[97.8271,31.4915],[97.8179,31.5024],[97.8054,31.4899],[97.7846,31.4932],[97.7763,31.484],[97.7671,31.4857],[97.7646,31.4982],[97.7338,31.5215],[97.7146,31.5207],[97.7063,31.5074],[97.6988,31.5082],[97.6929,31.5007],[97.6929,31.494],[97.7096,31.4832],[97.7179,31.434],[97.7254,31.4282],[97.7113,31.4099],[97.6971,31.4082],[97.6904,31.3957],[97.7029,31.3765],[97.6988,31.3682],[97.7096,31.3424],[97.7238,31.3324],[97.7113,31.324],[97.7013,31.3024],[97.7021,31.2707],[97.7171,31.264],[97.7404,31.2365],[97.7588,31.2365],[97.7621,31.2115],[97.7754,31.2149],[97.7846,31.2024],[97.7963,31.209],[97.8129,31.2057],[97.8188,31.1765],[97.8296,31.1857],[97.8488,31.1765],[97.8604,31.1549],[97.8563,31.1374],[97.8788,31.1307],[97.8646,31.0974],[97.8613,31.0674],[97.8921,31.0465],[97.9113,31.0224],[97.9113,31.0065],[97.9246,30.999],[97.9271,30.984],[97.9204,30.9874],[97.9146,30.9699],[97.9188,30.9582],[97.9113,30.9532],[97.9088,30.9407],[97.9246,30.9307],[97.9338,30.8799],[97.9529,30.8682],[97.9554,30.8515],[97.9738,30.8465],[98.0021,30.8499],[98.0054,30.8432],[98.0196,30.849],[98.0379,30.8399],[98.0504,30.8249],[98.0604,30.8249],[98.0813,30.7965],[98.1254,30.8007],[98.1454,30.7899],[98.1663,30.7965],[98.1788,30.7924],[98.1846,30.8174],[98.2013,30.8132],[98.2046,30.8007],[98.2204,30.7915],[98.2204,30.7824],[98.2079,30.774],[98.2038,30.7615],[98.2113,30.7382],[98.2229,30.7265],[98.2204,30.714],[98.2288,30.7107],[98.2079,30.6949],[98.2071,30.6857],[98.2221,30.6882],[98.2513,30.6532],[98.2646,30.654],[98.2763,30.6399],[98.2996,30.6374],[98.2979,30.6274],[98.3121,30.604],[98.3204,30.5999],[98.3321,30.604],[98.3438,30.5857],[98.3621,30.5807],[98.3663,30.5674],[98.3838,30.5574],[98.3879,30.534],[98.3963,30.5232],[98.4071,30.519],[98.4146,30.524],[98.4271,30.5082],[98.4238,30.4757],[98.4346,30.4532],[98.4638,30.444],[98.4679,30.4315],[98.4963,30.4357],[98.5063,30.4257],[98.5063,30.4157],[98.4888,30.4015],[98.4921,30.3907],[98.4879,30.3882],[98.4921,30.3665],[98.5063,30.3549],[98.5063,30.3474],[98.4963,30.3432],[98.4963,30.3315],[98.4854,30.3307],[98.4846,30.3149],[98.4954,30.294],[98.4921,30.2757],[98.5038,30.2599],[98.5079,30.2307],[98.5196,30.2224],[98.5029,30.1999],[98.4846,30.2065],[98.4763,30.2032],[98.4729,30.1882],[98.4821,30.1599],[98.4713,30.1424],[98.4738,30.1282],[98.4604,30.1182],[98.4788,30.0965],[98.4763,30.0674],[98.4871,30.0407],[98.4829,30.0282],[98.4921,30.0207],[98.4954,30.0057],[98.4904,29.9982],[98.4663,30.0099],[98.4613,29.9974],[98.4463,29.9974],[98.4379,30.0174],[98.4179,30.0249],[98.4038,30.004],[98.4013,29.9799],[98.4246,29.9707],[98.4554,29.919],[98.4763,29.9032],[98.4738,29.8915],[98.4563,29.874],[98.4646,29.8649],[98.4613,29.8549],[98.4813,29.8265],[98.4629,29.784],[98.4754,29.7732],[98.4754,29.7632],[98.4979,29.7324],[98.4946,29.7265],[98.5054,29.7165],[98.5029,29.7099],[98.5096,29.7015],[98.4896,29.6832],[98.4713,29.6774],[98.4704,29.6682],[98.4613,29.6615],[98.4829,29.6274],[98.4838,29.614],[98.4771,29.6124],[98.4896,29.594],[98.4896,29.5807],[98.4821,29.5782],[98.4896,29.5649],[98.4854,29.5515],[98.5013,29.5474],[98.5088,29.529],[98.5213,29.5199],[98.5221,29.509],[98.5763,29.4674],[98.5829,29.4424],[98.5804,29.3999],[98.5854,29.374],[98.6021,29.3674],[98.6054,29.3507],[98.6313,29.354],[98.6296,29.3399],[98.6471,29.3224],[98.6404,29.3074],[98.6438,29.299],[98.6529,29.2974],[98.6579,29.2765],[98.7104,29.2515],[98.7004,29.2107],[98.7129,29.2015],[98.7138,29.1907],[98.7313,29.184],[98.7229,29.1615],[98.7279,29.1382],[98.7404,29.1307],[98.7338,29.1074],[98.7163,29.0891],[98.7288,29.0674],[98.7288,29.0482],[98.7504,29.0299],[98.755,29.0076]],[[95.853,31.4432],[95.8538,31.444],[95.853,31.444],[95.853,31.4432]]]]}},{"type":"Feature","properties":{"id":"adm1_4","ten":"Yunnan, China","country":"China","bounds":[98.5952,21.1394,105.7345,29.0076]},"geometry":{"type":"MultiPolygon","coordinates":[[[[98.9313,27.3382],[98.9321,27.3391],[98.9321,27.3382],[98.9313,27.3382]]],[[[99.4729,22.1362],[99.4729,22.1366],[99.4739,22.1366],[99.4729,22.1362]]],[[[99.4621,22.1322],[99.4235,22.1192],[99.4021,22.1031],[99.3938,22.1045],[99.4029,22.1049],[99.4088,22.1166],[99.4296,22.1274],[99.4621,22.1322]]],[[[99.3798,22.1049],[99.3676,22.1011],[99.3629,22.101],[99.3638,22.1066],[99.3798,22.1049]]],[[[98.755,29.0076],[98.7879,28.9943],[98.7854,28.989],[98.8031,28.9741],[98.8132,28.9505],[98.8113,28.9291],[98.8271,28.8624],[98.8196,28.8524],[98.8288,28.8499],[98.8271,28.8241],[98.8382,28.8174],[98.8396,28.8066],[98.8554,28.8024],[98.884,28.8096],[98.9121,28.8032],[98.9221,28.8091],[98.9238,28.8241],[98.9404,28.8207],[98.9621,28.7991],[98.9538,28.7824],[98.9563,28.7541],[98.9788,28.7382],[98.9679,28.7232],[98.9704,28.6999],[98.9854,28.6824],[98.9754,28.6316],[98.9821,28.6116],[98.9796,28.5932],[98.9863,28.5841],[98.9779,28.5616],[98.9871,28.5457],[98.9813,28.5282],[98.9871,28.5191],[98.9729,28.4941],[98.9929,28.4799],[98.9988,28.4857],[99.0088,28.4832],[99.0163,28.4732],[99.0113,28.4616],[99.0213,28.4491],[99.0221,28.4366],[99.0429,28.4191],[99.0371,28.4116],[99.0388,28.4007],[99.0138,28.3941],[98.9963,28.3732],[98.9754,28.3666],[98.9571,28.3516],[98.9546,28.3341],[98.9738,28.3257],[98.9763,28.2916],[98.9679,28.2499],[98.9821,28.2207],[98.9746,28.2049],[98.9979,28.1882],[99.0129,28.1607],[99.0129,28.1482],[99.0521,28.1357],[99.0563,28.1274],[99.0421,28.1074],[99.0496,28.0982],[99.0338,28.0899],[99.0304,28.0749],[99.0171,28.0649],[99.0179,28.0449],[99.0079,28.0366],[99.0129,28.0066],[99.0196,28.0032],[99.0229,27.9866],[99.0429,27.9816],[99.0629,27.9616],[99.0863,27.9524],[99.0821,27.9232],[99.0888,27.9099],[99.0996,27.8982],[99.1279,27.8907],[99.1329,27.8632],[99.1396,27.8591],[99.1404,27.8507],[99.1254,27.8416],[99.1271,27.8232],[99.1204,27.8124],[99.1238,27.7891],[99.1379,27.7724],[99.1204,27.7549],[99.1321,27.7124],[99.1238,27.7007],[99.1271,27.6882],[99.1163,27.6741],[99.1313,27.6716],[99.1354,27.6624],[99.1479,27.6566],[99.1479,27.6491],[99.1696,27.6657],[99.1846,27.6549],[99.1788,27.6024],[99.1804,27.5866],[99.1929,27.5724],[99.1946,27.5424],[99.1854,27.5232],[99.1963,27.5041],[99.1888,27.4657],[99.2021,27.4607],[99.2338,27.4707],[99.2371,27.4482],[99.2238,27.4357],[99.2296,27.4307],[99.2513,27.4349],[99.2588,27.4166],[99.2738,27.4174],[99.2688,27.3841],[99.2846,27.3616],[99.2746,27.3407],[99.2988,27.3207],[99.3238,27.2741],[99.3371,27.2649],[99.3404,27.2366],[99.3546,27.2224],[99.3571,27.2091],[99.3646,27.2099],[99.3704,27.1907],[99.3838,27.1807],[99.3971,27.1949],[99.4179,27.1982],[99.4288,27.1574],[99.4354,27.1582],[99.4388,27.1491],[99.4538,27.1491],[99.4588,27.1324],[99.4529,27.1149],[99.4104,27.1057],[99.4113,27.0832],[99.3971,27.0691],[99.4079,27.0557],[99.4154,27.0599],[99.4354,27.0557],[99.4413,27.0391],[99.4696,27.0232],[99.4746,27.0016],[99.4904,26.9891],[99.4971,26.9491],[99.5238,26.9074],[99.5346,26.8699],[99.5754,26.8582],[99.5679,26.8432],[99.5771,26.8357],[99.5788,26.8241],[99.5721,26.8191],[99.5696,26.7999],[99.5804,26.7799],[99.5871,26.7424],[99.5996,26.7307],[99.5996,26.7074],[99.6271,26.6999],[99.6571,26.6741],[99.6779,26.6724],[99.6921,26.6566],[99.7029,26.6282],[99.7263,26.6232],[99.7329,26.6316],[99.7763,26.6474],[99.7754,26.6624],[99.7829,26.6649],[99.8179,26.6591],[99.8363,26.6657],[99.8446,26.6607],[99.8563,26.6782],[99.8829,26.6882],[99.8888,26.7107],[99.9163,26.7216],[99.9146,26.7341],[99.9321,26.7632],[99.9696,26.7582],[99.9829,26.7857],[100.0188,26.7824],[100.0246,26.7699],[100.0146,26.7557],[100.0229,26.7557],[100.0263,26.7491],[100.0313,26.7107],[100.0471,26.7099],[100.0504,26.7566],[100.0421,26.7632],[100.0454,26.7824],[100.0388,26.7857],[100.0388,26.8016],[100.0304,26.8099],[100.0413,26.8216],[100.0354,26.8416],[100.0504,26.8632],[100.0646,26.8699],[100.0754,26.8674],[100.0704,26.8799],[100.0738,26.8941],[100.0863,26.8982],[100.0913,26.9191],[100.1038,26.9291],[100.1004,26.9407],[100.1113,26.9432],[100.1113,26.9499],[100.1021,26.9524],[100.1054,26.9874],[100.1388,26.9916],[100.1413,26.9657],[100.1554,26.9524],[100.1663,26.9282],[100.1604,26.9041],[100.1771,26.8999],[100.1804,26.8757],[100.1771,26.8491],[100.1638,26.8274],[100.1646,26.7916],[100.1346,26.7666],[100.1346,26.7457],[100.1429,26.7266],[100.1379,26.7232],[100.1346,26.7299],[100.1229,26.7316],[100.1213,26.6991],[100.1071,26.6824],[100.1254,26.6774],[100.1513,26.6916],[100.1563,26.6507],[100.1438,26.6491],[100.1021,26.6182],[100.0938,26.6199],[100.0838,26.6024],[100.0896,26.5807],[100.0813,26.5757],[100.0788,26.5474],[100.0696,26.5457],[100.0754,26.5191],[100.0588,26.5182],[100.0471,26.4907],[100.0388,26.4824],[100.0271,26.4849],[100.0263,26.4782],[100.0304,26.4641],[100.0496,26.4532],[100.0513,26.4316],[100.0638,26.4274],[100.0646,26.4207],[100.0904,26.4316],[100.0979,26.4291],[100.0996,26.4174],[100.0904,26.3941],[100.1013,26.3924],[100.0963,26.3741],[100.1054,26.3574],[100.0921,26.3282],[100.0996,26.3157],[100.0988,26.2982],[100.1096,26.2891],[100.1038,26.2757],[100.1154,26.2591],[100.1113,26.2474],[100.1204,26.2316],[100.1263,26.1907],[100.1163,26.1766],[100.1071,26.1807],[100.0971,26.1766],[100.1021,26.1407],[100.1088,26.1324],[100.1029,26.1182],[100.1213,26.1041],[100.1196,26.0966],[100.1279,26.0957],[100.1238,26.0682],[100.1179,26.0641],[100.1279,26.0482],[100.1471,26.0424],[100.1404,26.0282],[100.1346,26.0282],[100.1379,26.0157],[100.1488,26.0174],[100.1646,26.0074],[100.1654,25.9866],[100.1746,25.9766],[100.1913,25.9757],[100.1746,25.9499],[100.1763,25.9432],[100.1971,25.9357],[100.2213,25.9399],[100.2379,25.9291],[100.2713,25.9474],[100.2938,25.9507],[100.3071,25.9649],[100.3196,25.9541],[100.3129,25.9116],[100.2979,25.8991],[100.3004,25.8874],[100.2854,25.8849],[100.2779,25.8716],[100.2779,25.8657],[100.2963,25.8599],[100.2946,25.8441],[100.3029,25.8316],[100.2738,25.8224],[100.2913,25.7999],[100.2879,25.7816],[100.2954,25.7707],[100.2913,25.7516],[100.3196,25.7357],[100.3388,25.6932],[100.3746,25.6899],[100.3921,25.6607],[100.4104,25.6591],[100.4188,25.6457],[100.4154,25.6316],[100.4229,25.6116],[100.4288,25.6041],[100.4446,25.6016],[100.4396,25.5882],[100.4463,25.5791],[100.4804,25.5957],[100.4854,25.5866],[100.5129,25.5916],[100.5254,25.5857],[100.5329,25.5974],[100.5438,25.5949],[100.5388,25.5724],[100.5421,25.5541],[100.5304,25.5474],[100.5363,25.5324],[100.5488,25.5266],[100.5396,25.5149],[100.5463,25.4766],[100.5438,25.4432],[100.5671,25.4349],[100.5721,25.4216],[100.5838,25.4174],[100.5796,25.4049],[100.5946,25.4007],[100.6113,25.3749],[100.6079,25.3557],[100.5979,25.3557],[100.5888,25.3416],[100.5921,25.3274],[100.5821,25.3157],[100.5963,25.3107],[100.5996,25.3024],[100.6396,25.3066],[100.6521,25.3482],[100.6704,25.3532],[100.6904,25.3491],[100.6963,25.3624],[100.7054,25.3632],[100.7146,25.3549],[100.7404,25.3532],[100.7596,25.3816],[100.7904,25.3866],[100.7946,25.3924],[100.8454,25.3891],[100.8504,25.3791],[100.8463,25.3716],[100.8604,25.3591],[100.8563,25.3474],[100.8638,25.3357],[100.8654,25.3141],[100.8938,25.2941],[100.9354,25.2791],[100.9388,25.2724],[100.9271,25.2657],[100.9338,25.2466],[100.9488,25.2416],[100.9521,25.2341],[100.9688,25.2324],[100.9754,25.2149],[100.9921,25.2091],[100.9904,25.1991],[100.9963,25.1966],[100.9988,25.1832],[100.9938,25.1741],[101.0079,25.1599],[101.0346,25.1624],[101.0438,25.1749],[101.0646,25.1757],[101.0788,25.1941],[101.0921,25.2007],[101.1096,25.1882],[101.1288,25.1974],[101.1546,25.1966],[101.1563,25.1866],[101.1679,25.1832],[101.1796,25.1616],[101.1896,25.1591],[101.1979,25.1399],[101.2079,25.1399],[101.2146,25.1324],[101.2104,25.1241],[101.2296,25.1141],[101.2321,25.0974],[101.2413,25.0941],[101.2496,25.0732],[101.2663,25.0666],[101.2721,25.0516],[101.2913,25.0549],[101.2971,25.0641],[101.3163,25.0599],[101.3221,25.0366],[101.3463,25.0224],[101.3638,25.0216],[101.3713,25.0091],[101.3921,25.0207],[101.4146,25.0082],[101.4104,24.9982],[101.4179,24.9924],[101.4113,24.9891],[101.4129,24.9782],[101.4396,24.9532],[101.4413,24.9374],[101.4496,24.9307],[101.4454,24.9232],[101.4629,24.9074],[101.4604,24.8957],[101.4713,24.8857],[101.4746,24.8691],[101.5021,24.8499],[101.5029,24.8249],[101.5279,24.8316],[101.5588,24.8232],[101.5613,24.8466],[101.5754,24.8366],[101.5938,24.8474],[101.5946,24.8574],[101.6088,24.8699],[101.6004,24.8974],[101.6171,24.9116],[101.6279,24.9124],[101.6196,24.9341],[101.6279,24.9382],[101.6238,24.9532],[101.6429,24.9649],[101.6379,24.9741],[101.6471,24.9899],[101.6471,25.0107],[101.6604,25.0132],[101.6688,25.0249],[101.6979,25.0224],[101.6979,25.0316],[101.7113,25.0474],[101.7346,25.0516],[101.7496,25.1157],[101.7838,25.1299],[101.7996,25.1466],[101.7938,25.1599],[101.8096,25.1749],[101.8071,25.1966],[101.8129,25.2016],[101.8029,25.2232],[101.8129,25.2324],[101.8138,25.2441],[101.8271,25.2516],[101.8654,25.2499],[101.8871,25.2707],[101.8879,25.2882],[101.8979,25.3057],[101.8829,25.3224],[101.8963,25.3649],[101.9146,25.3941],[101.9313,25.4007],[101.9429,25.4199],[101.9504,25.4191],[101.9504,25.4266],[101.9646,25.4232],[101.9721,25.4891],[101.9621,25.5091],[101.9721,25.5124],[101.9996,25.4566],[102.0088,25.4574],[102.0104,25.4649],[102.0179,25.4641],[102.0188,25.4741],[102.0254,25.4741],[102.0446,25.4624],[102.0571,25.4441],[102.0738,25.4374],[102.0996,25.4349],[102.1088,25.4424],[102.1329,25.4374],[102.1371,25.4157],[102.1213,25.4032],[102.1304,25.3799],[102.1279,25.3716],[102.1396,25.3641],[102.1463,25.3482],[102.1571,25.3516],[102.1621,25.3616],[102.1854,25.3682],[102.1854,25.3999],[102.1929,25.4024],[102.1946,25.4149],[102.2004,25.4174],[102.1863,25.4382],[102.1871,25.4466],[102.1779,25.4474],[102.1763,25.4541],[102.2013,25.4616],[102.2129,25.4757],[102.2313,25.4757],[102.2338,25.4874],[102.2538,25.5074],[102.2704,25.5057],[102.2713,25.5107],[102.2871,25.5124],[102.2938,25.4716],[102.3046,25.4707],[102.3054,25.4624],[102.3138,25.4616],[102.3138,25.4541],[102.3196,25.4524],[102.3204,25.4232],[102.3288,25.4124],[102.3513,25.4032],[102.3596,25.3807],[102.3488,25.3707],[102.3521,25.3582],[102.3463,25.3507],[102.3546,25.3499],[102.3654,25.3374],[102.3629,25.3091],[102.3579,25.2966],[102.3404,25.2849],[102.3421,25.2707],[102.3563,25.2607],[102.3563,25.2457],[102.3413,25.2324],[102.3346,25.1907],[102.3163,25.1774],[102.2954,25.1766],[102.2913,25.1624],[102.2621,25.1441],[102.2596,25.1366],[102.2346,25.1382],[102.2229,25.1249],[102.2054,25.1207],[102.1988,25.0732],[102.2054,25.0607],[102.1979,25.0516],[102.1829,25.0474],[102.1713,25.0107],[102.1579,25.0074],[102.1529,24.9891],[102.1313,24.9741],[102.1379,24.9599],[102.1488,24.9649],[102.1779,24.9591],[102.1788,24.9516],[102.1654,24.9357],[102.1863,24.9291],[102.1896,24.9124],[102.2079,24.9057],[102.2321,24.9141],[102.2429,24.9349],[102.2613,24.9274],[102.2704,24.9357],[102.2796,24.9324],[102.2988,24.9424],[102.3104,24.9416],[102.3146,24.9499],[102.3263,24.9466],[102.3263,24.9332],[102.3446,24.9324],[102.3504,24.9232],[102.3413,24.8891],[102.3546,24.8724],[102.3529,24.8574],[102.3429,24.8524],[102.3421,24.8357],[102.3104,24.7982],[102.2871,24.7141],[102.2946,24.7024],[102.2796,24.6924],[102.2921,24.6457],[102.2863,24.6424],[102.2871,24.6232],[102.2988,24.6191],[102.3021,24.5907],[102.2929,24.5824],[102.2954,24.5749],[102.2879,24.5599],[102.2804,24.5616],[102.2738,24.5532],[102.2854,24.5274],[102.2929,24.5232],[102.3229,24.5174],[102.3471,24.5207],[102.3613,24.4916],[102.3529,24.4807],[102.3579,24.4741],[102.3479,24.4624],[102.3588,24.4624],[102.3646,24.4507],[102.3554,24.4457],[102.3579,24.4366],[102.3463,24.4207],[102.3529,24.4132],[102.3379,24.4024],[102.3221,24.4057],[102.3171,24.3924],[102.2996,24.3766],[102.3221,24.3507],[102.3213,24.3332],[102.3138,24.3357],[102.3071,24.3232],[102.3154,24.3149],[102.3088,24.2807],[102.3254,24.2532],[102.3213,24.2407],[102.3013,24.2241],[102.2963,24.2116],[102.2613,24.1949],[102.2413,24.1632],[102.2488,24.1624],[102.2679,24.1774],[102.2838,24.1766],[102.2838,24.1607],[102.2554,24.1391],[102.2588,24.1232],[102.2888,24.1157],[102.2979,24.1041],[102.3154,24.1066],[102.3154,24.0757],[102.3346,24.0574],[102.3288,24.0466],[102.3104,24.0366],[102.3313,24.0249],[102.3346,24.0132],[102.3588,24.0066],[102.3629,23.9666],[102.3788,23.9532],[102.3754,23.9391],[102.3796,23.9357],[102.4004,23.9382],[102.4146,23.9507],[102.4254,23.9432],[102.4738,23.9507],[102.4879,23.9674],[102.4838,23.9857],[102.5038,24.0007],[102.5188,23.9824],[102.5229,23.9616],[102.5571,23.9532],[102.5921,23.9316],[102.6029,23.9324],[102.6038,23.9232],[102.6321,23.9074],[102.6354,23.8949],[102.6546,23.8924],[102.6563,23.8824],[102.6346,23.8749],[102.6538,23.8574],[102.6546,23.8366],[102.6804,23.8232],[102.6813,23.7882],[102.6754,23.7807],[102.6279,23.7799],[102.6096,23.7574],[102.5754,23.7616],[102.5312,23.7582],[102.5229,23.7516],[102.5021,23.7574],[102.4996,23.7499],[102.4896,23.7482],[102.4771,23.7607],[102.4588,23.7507],[102.4554,23.7632],[102.4221,23.7524],[102.3946,23.7774],[102.3879,23.7757],[102.3688,23.7949],[102.3571,23.7966],[102.3479,23.7716],[102.3313,23.7691],[102.3296,23.7632],[102.3346,23.7524],[102.3446,23.7507],[102.3429,23.7349],[102.3654,23.7299],[102.3704,23.7141],[102.3654,23.6982],[102.3921,23.6866],[102.4154,23.6907],[102.4346,23.6791],[102.4363,23.6699],[102.4679,23.6691],[102.4888,23.6549],[102.5063,23.6532],[102.5121,23.6424],[102.5421,23.6407],[102.5546,23.6207],[102.5496,23.6024],[102.5929,23.6024],[102.6021,23.5982],[102.5971,23.5857],[102.6079,23.5774],[102.6213,23.5791],[102.6113,23.5616],[102.6354,23.5591],[102.6321,23.5341],[102.5904,23.5041],[102.6113,23.4782],[102.6196,23.4732],[102.6338,23.4774],[102.6396,23.4699],[102.6396,23.4599],[102.6279,23.4549],[102.6279,23.4491],[102.6463,23.4266],[102.6421,23.4199],[102.6779,23.4291],[102.6996,23.4424],[102.6979,23.4524],[102.7204,23.4524],[102.7404,23.4641],[102.7413,23.4557],[102.7638,23.4499],[102.7921,23.4624],[102.7954,23.4782],[102.8154,23.4791],[102.8271,23.4616],[102.8246,23.4441],[102.8304,23.4407],[102.8196,23.4266],[102.8179,23.4099],[102.8246,23.3991],[102.8396,23.3949],[102.8538,23.4066],[102.8554,23.4166],[102.8779,23.4141],[102.8838,23.4266],[102.9038,23.4307],[102.9196,23.4482],[102.9188,23.4574],[102.9263,23.4557],[102.9371,23.4632],[102.9354,23.4699],[102.9421,23.4699],[102.9413,23.4824],[102.9963,23.4791],[102.9996,23.4832],[103.0104,23.4749],[103.0271,23.4774],[103.0312,23.4699],[103.0204,23.4632],[103.0196,23.4507],[103.0238,23.4424],[103.0371,23.4382],[103.0421,23.4257],[103.0246,23.4066],[103.0196,23.3899],[103.0513,23.3882],[103.0579,23.3991],[103.0621,23.3924],[103.0738,23.3974],[103.0946,23.3941],[103.0963,23.3866],[103.1096,23.3857],[103.1154,23.3749],[103.1279,23.3716],[103.1338,23.3149],[103.1404,23.3124],[103.1462,23.3182],[103.1546,23.3057],[103.1821,23.2999],[103.1963,23.2849],[103.1937,23.2741],[103.2038,23.2666],[103.2038,23.2482],[103.1896,23.2399],[103.1813,23.2432],[103.1738,23.2299],[103.1779,23.2249],[103.2071,23.2249],[103.1913,23.2157],[103.1913,23.2049],[103.2054,23.1949],[103.2421,23.1874],[103.2504,23.1949],[103.2763,23.1966],[103.2796,23.2124],[103.2946,23.2266],[103.3096,23.2191],[103.3304,23.2191],[103.3604,23.1991],[103.3704,23.2057],[103.3704,23.2191],[103.3838,23.2166],[103.3913,23.2291],[103.4037,23.2341],[103.4121,23.2282],[103.4262,23.2382],[103.4321,23.2299],[103.4196,23.2032],[103.4287,23.1974],[103.4421,23.2016],[103.4812,23.1807],[103.5013,23.2041],[103.5104,23.2024],[103.5238,23.2249],[103.5229,23.2374],[103.5129,23.2449],[103.5154,23.2632],[103.4846,23.2691],[103.4821,23.2882],[103.4754,23.2941],[103.4779,23.3124],[103.4662,23.3299],[103.4746,23.3366],[103.4829,23.3249],[103.4987,23.3274],[103.5054,23.3199],[103.5146,23.3407],[103.5137,23.3474],[103.5054,23.3491],[103.5038,23.3691],[103.4938,23.3749],[103.4837,23.3674],[103.4696,23.3866],[103.4754,23.3932],[103.4704,23.4049],[103.4788,23.4149],[103.4563,23.4466],[103.4579,23.4632],[103.4496,23.4707],[103.4529,23.4791],[103.4638,23.4799],[103.4762,23.4674],[103.4896,23.4832],[103.5062,23.4716],[103.5163,23.4824],[103.5362,23.4591],[103.5304,23.4474],[103.5346,23.4399],[103.5512,23.4432],[103.5654,23.4557],[103.5771,23.4557],[103.5762,23.4432],[103.5829,23.4416],[103.5963,23.4432],[103.5971,23.4516],[103.6137,23.4507],[103.6229,23.4357],[103.6087,23.4249],[103.6404,23.4266],[103.6379,23.4191],[103.6679,23.3816],[103.6779,23.3816],[103.6846,23.3907],[103.7071,23.3932],[103.7146,23.4032],[103.7588,23.3966],[103.7637,23.3924],[103.7596,23.3841],[103.7712,23.3857],[103.7804,23.3716],[103.7979,23.3741],[103.8129,23.3882],[103.7962,23.4182],[103.7813,23.4149],[103.7671,23.4274],[103.7679,23.4457],[103.7196,23.4591],[103.7179,23.4682],[103.7079,23.4707],[103.7213,23.4957],[103.7188,23.5024],[103.6971,23.4999],[103.6888,23.5116],[103.6671,23.5041],[103.6579,23.5191],[103.6162,23.5282],[103.5946,23.5424],[103.5888,23.5541],[103.5929,23.5632],[103.5771,23.5732],[103.5654,23.5724],[103.5471,23.5924],[103.5471,23.6066],[103.5563,23.6116],[103.5563,23.6299],[103.5813,23.6432],[103.5779,23.6624],[103.5963,23.6591],[103.6113,23.6482],[103.6338,23.6524],[103.6346,23.6624],[103.6429,23.6666],[103.6588,23.6624],[103.6513,23.6782],[103.6821,23.6991],[103.6813,23.7266],[103.6954,23.7274],[103.6971,23.7349],[103.7021,23.7341],[103.7012,23.7457],[103.7129,23.7499],[103.7262,23.7674],[103.7246,23.7841],[103.7087,23.7949],[103.7054,23.8249],[103.6954,23.8407],[103.7104,23.8466],[103.7404,23.8349],[103.7471,23.8241],[103.7838,23.8191],[103.8079,23.8207],[103.8112,23.8366],[103.8546,23.8524],[103.8596,23.8516],[103.8571,23.8416],[103.8737,23.8366],[103.9279,23.8382],[103.9479,23.8324],[103.9487,23.8416],[103.9396,23.8424],[103.9388,23.8532],[103.9529,23.8524],[103.9538,23.8691],[103.9729,23.8741],[103.9729,23.8999],[103.9896,23.9082],[103.9779,23.9149],[103.9779,23.9216],[103.9862,23.9257],[104.0112,23.9191],[104.0221,23.9249],[104.0429,23.9182],[104.0537,23.9049],[104.0737,23.9082],[104.0863,23.9032],[104.0846,23.8941],[104.1004,23.8907],[104.0987,23.8657],[104.1171,23.8541],[104.1021,23.8499],[104.1021,23.8449],[104.1221,23.8341],[104.1221,23.8207],[104.0879,23.8141],[104.0904,23.8032],[104.1087,23.7924],[104.0979,23.7816],[104.0821,23.7782],[104.0896,23.7649],[104.0837,23.7524],[104.0621,23.7566],[104.0562,23.7357],[104.0437,23.7299],[104.0662,23.7141],[104.0754,23.7174],[104.0762,23.7099],[104.0896,23.7032],[104.0863,23.6891],[104.0921,23.6891],[104.0938,23.6807],[104.1062,23.6849],[104.0979,23.6632],[104.1254,23.6474],[104.1254,23.6282],[104.1354,23.6249],[104.1404,23.5974],[104.1612,23.5741],[104.1796,23.5791],[104.1771,23.5907],[104.1821,23.5932],[104.1987,23.5732],[104.2254,23.5849],[104.2346,23.5699],[104.2621,23.5607],[104.2646,23.5874],[104.2871,23.5857],[104.2929,23.6024],[104.3112,23.5966],[104.3296,23.5807],[104.3429,23.5857],[104.3471,23.5791],[104.3746,23.6049],[104.3896,23.6082],[104.3979,23.5974],[104.4096,23.6007],[104.4146,23.5899],[104.4329,23.5882],[104.4596,23.6116],[104.4621,23.5957],[104.4679,23.5941],[104.4654,23.5791],[104.4921,23.5741],[104.5012,23.5782],[104.5121,23.5716],[104.5329,23.5857],[104.5362,23.6074],[104.5621,23.6182],[104.5837,23.6099],[104.5921,23.6132],[104.5987,23.6324],[104.6087,23.6324],[104.6012,23.6574],[104.5946,23.6641],[104.5804,23.6616],[104.5546,23.6857],[104.5629,23.6891],[104.5654,23.7007],[104.5921,23.6974],[104.6046,23.7082],[104.5996,23.7149],[104.5904,23.7141],[104.5904,23.7207],[104.5804,23.7191],[104.5737,23.7341],[104.5612,23.7399],[104.5604,23.7491],[104.5421,23.7499],[104.5437,23.7566],[104.5279,23.7591],[104.5137,23.7741],[104.4854,23.7674],[104.4821,23.7882],[104.4679,23.7941],[104.4696,23.8074],[104.4621,23.8224],[104.4737,23.8232],[104.4712,23.8307],[104.4779,23.8424],[104.4729,23.8524],[104.4879,23.8616],[104.4937,23.8591],[104.4862,23.8499],[104.4921,23.8441],[104.5029,23.8482],[104.5096,23.8649],[104.5196,23.8699],[104.5179,23.8516],[104.5296,23.8399],[104.5237,23.8307],[104.5371,23.8291],[104.5387,23.8132],[104.5462,23.8099],[104.5404,23.7949],[104.5446,23.7866],[104.5637,23.7966],[104.5629,23.8116],[104.5729,23.8124],[104.5779,23.7991],[104.5904,23.7941],[104.5987,23.7999],[104.6021,23.8141],[104.6121,23.8074],[104.6254,23.8082],[104.6321,23.8124],[104.6296,23.8191],[104.6471,23.8266],[104.6662,23.8082],[104.6829,23.8132],[104.7004,23.7907],[104.7304,23.7874],[104.7304,23.7932],[104.7479,23.7966],[104.7487,23.8082],[104.7746,23.8366],[104.7996,23.8424],[104.8329,23.8241],[104.8579,23.8224],[104.8771,23.8032],[104.8887,23.8032],[104.9146,23.7891],[104.9221,23.7991],[104.9421,23.8066],[104.9479,23.8016],[104.9454,23.7941],[104.9621,23.7874],[104.9862,23.7891],[104.9887,23.7982],[105.0171,23.7891],[105.0387,23.7899],[105.0529,23.7716],[105.0279,23.7674],[105.0304,23.7382],[105.0479,23.7299],[105.0504,23.7182],[105.0429,23.7141],[105.0487,23.7057],[105.0854,23.6982],[105.0829,23.6891],[105.0721,23.6866],[105.0879,23.6716],[105.0996,23.6716],[105.1254,23.6866],[105.1396,23.7074],[105.1579,23.7007],[105.1754,23.7057],[105.1846,23.6999],[105.1954,23.7107],[105.2096,23.7074],[105.2104,23.6891],[105.2212,23.6874],[105.2371,23.6624],[105.2504,23.6566],[105.2537,23.6432],[105.2854,23.6191],[105.2879,23.6024],[105.3096,23.5866],[105.3212,23.5624],[105.3337,23.5624],[105.3221,23.5699],[105.3321,23.5849],[105.3171,23.5857],[105.3171,23.5899],[105.3371,23.5907],[105.3471,23.5716],[105.3612,23.5749],[105.3746,23.5682],[105.3871,23.5482],[105.3829,23.5416],[105.3904,23.5316],[105.4037,23.5291],[105.4137,23.5149],[105.4237,23.5182],[105.4204,23.5324],[105.4354,23.5349],[105.4387,23.5266],[105.4512,23.5341],[105.4754,23.5332],[105.4962,23.5241],[105.5046,23.5116],[105.4962,23.5057],[105.5046,23.4982],[105.5379,23.5041],[105.5437,23.5157],[105.5504,23.5166],[105.5604,23.5041],[105.5596,23.4874],[105.5829,23.4982],[105.6046,23.4816],[105.6437,23.4857],[105.6421,23.4649],[105.6537,23.4616],[105.6496,23.4474],[105.6537,23.4407],[105.6796,23.4449],[105.6929,23.4357],[105.7204,23.4457],[105.7345,23.4332],[105.6966,23.4041],[105.6604,23.4103],[105.6473,23.4014],[105.6562,23.3884],[105.6865,23.3678],[105.6677,23.3573],[105.6886,23.3405],[105.6891,23.3318],[105.67,23.33],[105.6598,23.3501],[105.6513,23.3535],[105.587,23.3144],[105.5572,23.2602],[105.5245,23.2473],[105.5381,23.1952],[105.5235,23.1922],[105.4988,23.2027],[105.493,23.2323],[105.4505,23.2786],[105.4393,23.3019],[105.4275,23.3038],[105.4252,23.2891],[105.412,23.2873],[105.3861,23.3144],[105.3832,23.3108],[105.37,23.32],[105.3514,23.3455],[105.35,23.3664],[105.3209,23.3938],[105.2979,23.3759],[105.2809,23.3429],[105.2565,23.3442],[105.2514,23.3395],[105.2476,23.3332],[105.2563,23.3176],[105.2479,23.3108],[105.2494,23.2999],[105.2322,23.2876],[105.2423,23.2771],[105.2285,23.2638],[105.2224,23.2695],[105.2099,23.2682],[105.1932,23.2825],[105.1818,23.2782],[105.1806,23.2867],[105.172,23.29],[105.1524,23.2673],[105.109,23.2471],[105.0982,23.2486],[105.1021,23.2566],[105.0802,23.2696],[105.049,23.2484],[105.0231,23.2203],[105.0023,23.2179],[104.9932,23.2041],[104.9718,23.2074],[104.9566,23.2014],[104.9562,23.1844],[104.9471,23.1705],[104.9483,23.1515],[104.9095,23.1825],[104.8928,23.1792],[104.8812,23.1684],[104.8765,23.1325],[104.8668,23.1258],[104.8377,23.1246],[104.8387,23.1139],[104.8319,23.1178],[104.8256,23.1093],[104.818,23.122],[104.8,23.1254],[104.8294,22.9982],[104.8368,22.9967],[104.8377,22.9844],[104.8594,22.9786],[104.8642,22.9521],[104.8374,22.9233],[104.8182,22.9245],[104.7721,22.9027],[104.7562,22.8603],[104.7347,22.8597],[104.7226,22.8511],[104.7337,22.8319],[104.7293,22.824],[104.7002,22.8274],[104.6711,22.819],[104.6538,22.8349],[104.6303,22.836],[104.6232,22.8481],[104.616,22.8364],[104.6213,22.829],[104.6115,22.8178],[104.5979,22.8173],[104.6052,22.8286],[104.5962,22.8465],[104.5895,22.8539],[104.5735,22.8533],[104.5452,22.8415],[104.5517,22.8358],[104.5412,22.8345],[104.5167,22.7993],[104.4681,22.7581],[104.4076,22.7267],[104.3979,22.703],[104.3848,22.7052],[104.3773,22.6951],[104.3596,22.6927],[104.3519,22.6931],[104.341,22.709],[104.3396,22.7224],[104.3206,22.7321],[104.2997,22.7314],[104.2697,22.7425],[104.2706,22.7534],[104.2549,22.7775],[104.2712,22.8345],[104.2571,22.8457],[104.1749,22.8216],[104.1628,22.8234],[104.1393,22.8096],[104.115,22.8117],[104.0865,22.7716],[104.0658,22.7573],[104.0393,22.7237],[104.0275,22.6877],[104.0357,22.675],[104.0243,22.6187],[104.012,22.5943],[104.0121,22.5801],[104.0034,22.577],[104.0142,22.5662],[104.008,22.5635],[104.0126,22.5522],[104.0034,22.5392],[104.0103,22.5244],[104.0034,22.5182],[103.9881,22.5204],[103.9759,22.5082],[103.9679,22.5124],[103.9627,22.5078],[103.9436,22.5267],[103.932,22.5283],[103.9277,22.5386],[103.8893,22.57],[103.8746,22.5672],[103.8592,22.5886],[103.8241,22.6174],[103.8122,22.639],[103.767,22.6901],[103.7494,22.689],[103.7386,22.7121],[103.667,22.7696],[103.6563,22.7913],[103.6372,22.7975],[103.6175,22.7863],[103.6168,22.7736],[103.5607,22.7041],[103.5664,22.6803],[103.5784,22.6652],[103.5701,22.6427],[103.5503,22.6372],[103.5275,22.5964],[103.5119,22.6007],[103.5054,22.6054],[103.5076,22.6111],[103.488,22.6202],[103.4565,22.659],[103.4572,22.6831],[103.4319,22.7028],[103.4277,22.7333],[103.4408,22.7411],[103.4399,22.7533],[103.4166,22.764],[103.4128,22.7798],[103.3889,22.7833],[103.3695,22.8004],[103.3333,22.8067],[103.3178,22.8174],[103.3179,22.7908],[103.3076,22.7635],[103.2838,22.7384],[103.2817,22.6865],[103.2611,22.6724],[103.2485,22.674],[103.2249,22.6481],[103.1932,22.6517],[103.1825,22.6447],[103.1827,22.6327],[103.1688,22.6219],[103.1559,22.5956],[103.1812,22.5611],[103.1556,22.5413],[103.1397,22.5432],[103.1173,22.5199],[103.0808,22.5119],[103.0691,22.4802],[103.0786,22.4634],[103.0778,22.4527],[103.0716,22.4492],[103.0552,22.4528],[103.0274,22.4445],[103.0074,22.4606],[102.9916,22.4632],[102.9932,22.4714],[102.9834,22.4817],[102.9285,22.4846],[102.9213,22.5077],[102.9096,22.5109],[102.9074,22.5249],[102.8887,22.5366],[102.8959,22.5459],[102.8776,22.5588],[102.8824,22.5687],[102.8708,22.5759],[102.8779,22.5879],[102.8629,22.6083],[102.8433,22.612],[102.8414,22.6192],[102.8249,22.6271],[102.8145,22.6228],[102.7867,22.6271],[102.7811,22.636],[102.7849,22.6451],[102.7633,22.6484],[102.7483,22.6696],[102.7326,22.6679],[102.7222,22.6811],[102.7098,22.682],[102.7022,22.6981],[102.6851,22.7051],[102.6548,22.6921],[102.6041,22.7346],[102.5862,22.7249],[102.5823,22.708],[102.5682,22.7061],[102.5649,22.7231],[102.5501,22.7353],[102.5492,22.7467],[102.5085,22.7782],[102.4938,22.7811],[102.4796,22.7797],[102.4775,22.7721],[102.454,22.7623],[102.4482,22.7445],[102.4541,22.7337],[102.4426,22.7266],[102.4318,22.7008],[102.4089,22.6857],[102.3917,22.6905],[102.3821,22.6848],[102.4,22.6439],[102.4134,22.6431],[102.4164,22.6372],[102.4011,22.6338],[102.37,22.595],[102.3455,22.5905],[102.3535,22.5678],[102.3199,22.5583],[102.3193,22.5493],[102.2994,22.5341],[102.2865,22.5065],[102.2776,22.502],[102.2711,22.4817],[102.2609,22.4787],[102.2593,22.4682],[102.2457,22.4654],[102.2461,22.4551],[102.266,22.4303],[102.261,22.416],[102.2364,22.4295],[102.2218,22.4261],[102.1844,22.4366],[102.1573,22.431],[102.1422,22.402],[102.1264,22.4352],[102.1183,22.4393],[102.053,22.4568],[102.0244,22.4569],[102.0092,22.4499],[102.0,22.4323],[101.9953,22.4449],[101.9732,22.4289],[101.9193,22.4343],[101.9096,22.4169],[101.9053,22.3879],[101.8884,22.3809],[101.8636,22.3902],[101.8396,22.4219],[101.8314,22.4482],[101.8069,22.4859],[101.7912,22.4963],[101.7469,22.5002],[101.7194,22.4774],[101.689,22.4715],[101.6889,22.4627],[101.6724,22.4431],[101.6719,22.4215],[101.6633,22.4165],[101.6798,22.373],[101.6609,22.3642],[101.651,22.3273],[101.6343,22.3033],[101.633,22.2863],[101.6187,22.2744],[101.5703,22.2807],[101.547,22.2481],[101.5523,22.2249],[101.5751,22.2144],[101.604,22.1595],[101.6034,22.1432],[101.577,22.1135],[101.6221,22.0276],[101.6351,22.0134],[101.6235,21.9858],[101.6234,21.9694],[101.6365,21.9564],[101.6618,21.9505],[101.675,21.9338],[101.6961,21.9458],[101.7052,21.9441],[101.7137,21.9289],[101.7079,21.8932],[101.7433,21.871],[101.7524,21.8438],[101.7815,21.8325],[101.7616,21.7562],[101.7508,21.7385],[101.7528,21.7236],[101.7658,21.7168],[101.7703,21.7008],[101.7665,21.6695],[101.7809,21.6539],[101.8234,21.6334],[101.8267,21.603],[101.8124,21.5871],[101.7658,21.5824],[101.7624,21.5772],[101.7679,21.5343],[101.7782,21.5133],[101.7484,21.4832],[101.7607,21.4449],[101.7539,21.4254],[101.7561,21.4118],[101.7464,21.396],[101.747,21.3705],[101.7388,21.3537],[101.7403,21.3148],[101.77,21.2886],[101.802,21.2864],[101.8188,21.2634],[101.8471,21.2521],[101.8417,21.2128],[101.8108,21.2046],[101.7905,21.2119],[101.7823,21.2032],[101.7918,21.1824],[101.7879,21.14],[101.7516,21.1458],[101.7347,21.1394],[101.7056,21.1493],[101.7013,21.1711],[101.6746,21.1988],[101.6353,21.1906],[101.6219,21.1768],[101.6054,21.1757],[101.5988,21.1842],[101.6105,21.2311],[101.5925,21.2319],[101.5799,21.2449],[101.5634,21.2485],[101.4874,21.2416],[101.4555,21.2276],[101.3964,21.2257],[101.3378,21.1884],[101.285,21.1787],[101.26,21.2058],[101.2587,21.2181],[101.238,21.2507],[101.2543,21.2922],[101.2452,21.306],[101.2309,21.3124],[101.2525,21.3359],[101.2598,21.3642],[101.2685,21.374],[101.251,21.3784],[101.2291,21.4],[101.1976,21.4117],[101.2067,21.4406],[101.2054,21.4675],[101.2206,21.4914],[101.2135,21.5282],[101.2183,21.5545],[101.2136,21.5613],[101.1547,21.5639],[101.1488,21.5724],[101.1506,21.5836],[101.1761,21.5964],[101.1706,21.6382],[101.1681,21.6442],[101.1212,21.6546],[101.1173,21.6616],[101.1294,21.7057],[101.1265,21.7754],[101.0994,21.7721],[101.018,21.7122],[100.947,21.6969],[100.9143,21.6822],[100.8918,21.6849],[100.8599,21.6563],[100.8349,21.6492],[100.8139,21.621],[100.8008,21.5851],[100.7807,21.5721],[100.7244,21.5115],[100.6906,21.5041],[100.6786,21.4831],[100.6402,21.4795],[100.5778,21.4503],[100.5253,21.4667],[100.4921,21.4579],[100.4714,21.4731],[100.4374,21.5291],[100.4043,21.5284],[100.3923,21.5395],[100.3813,21.5405],[100.3546,21.5319],[100.308,21.4805],[100.2851,21.4787],[100.2673,21.4663],[100.2499,21.4651],[100.2219,21.437],[100.2026,21.4394],[100.1857,21.451],[100.169,21.4677],[100.1703,21.4806],[100.1609,21.4925],[100.1356,21.5021],[100.1248,21.5382],[100.1273,21.5606],[100.1139,21.58],[100.1257,21.6013],[100.1413,21.614],[100.145,21.6337],[100.1575,21.6421],[100.1772,21.6435],[100.1725,21.6599],[100.14,21.694],[100.1254,21.6973],[100.0758,21.6886],[100.0268,21.6929],[100.0022,21.7022],[99.9862,21.7187],[99.9654,21.7894],[99.95,21.8139],[99.9497,21.866],[99.965,21.8792],[99.9635,21.9068],[99.9853,21.9231],[99.9842,21.9353],[100.0,21.9756],[99.9665,22.0207],[99.9623,22.0322],[99.9706,22.052],[99.882,22.0662],[99.8692,22.0559],[99.8785,22.0339],[99.8492,22.0239],[99.8203,22.0502],[99.7743,22.0622],[99.7579,22.0779],[99.7371,22.0733],[99.7159,22.0425],[99.7029,22.0432],[99.6916,22.054],[99.6954,22.0705],[99.6526,22.1049],[99.6162,22.0971],[99.5978,22.1131],[99.5825,22.1088],[99.5607,22.1163],[99.5392,22.1025],[99.5195,22.105],[99.4773,22.1366],[99.4829,22.1366],[99.4788,22.1499],[99.5004,22.1632],[99.4971,22.1724],[99.5138,22.1891],[99.5079,22.1991],[99.5129,22.2174],[99.5071,22.2299],[99.5179,22.2449],[99.5246,22.2716],[99.4921,22.2866],[99.4771,22.2841],[99.4721,22.2916],[99.4388,22.2824],[99.4279,22.2932],[99.4104,22.2982],[99.4079,22.3182],[99.3796,22.3174],[99.3729,22.3299],[99.3721,22.3391],[99.3846,22.3491],[99.3929,22.3816],[99.4071,22.3799],[99.4221,22.3916],[99.4329,22.3882],[99.4454,22.4041],[99.4654,22.3974],[99.4771,22.4299],[99.4963,22.4507],[99.5029,22.4857],[99.5146,22.4974],[99.5179,22.5182],[99.5571,22.5341],[99.5696,22.5599],[99.5763,22.5624],[99.5779,22.5782],[99.5921,22.5757],[99.6054,22.5849],[99.6454,22.5816],[99.6554,22.5991],[99.6754,22.5941],[99.6813,22.6091],[99.6996,22.6224],[99.7171,22.6257],[99.7054,22.6674],[99.7154,22.6716],[99.7096,22.6816],[99.7104,22.7041],[99.7188,22.7141],[99.7046,22.7374],[99.7029,22.7591],[99.6888,22.7616],[99.6729,22.7491],[99.6604,22.7732],[99.6879,22.8057],[99.6763,22.8482],[99.6654,22.8582],[99.6663,22.8691],[99.6571,22.8807],[99.6538,22.8957],[99.6604,22.9066],[99.6371,22.9341],[99.6163,22.9307],[99.6104,22.9241],[99.5888,22.9299],[99.5813,22.9224],[99.5654,22.9324],[99.5587,22.9548],[99.5213,23.0001],[99.5179,23.0357],[99.5263,23.0382],[99.5238,23.0474],[99.5329,23.0557],[99.5246,23.0766],[99.5113,23.0857],[99.3859,23.1097],[99.3609,23.1338],[99.3396,23.1366],[99.3338,23.1466],[99.3263,23.1432],[99.3246,23.1172],[99.3006,23.1117],[99.2555,23.1151],[99.2174,23.093],[99.173,23.1014],[99.1596,23.1098],[99.1696,23.1474],[99.1629,23.1716],[99.1854,23.1907],[99.1713,23.2149],[99.1763,23.2507],[99.1721,23.2682],[99.1879,23.2749],[99.1971,23.2891],[99.2046,23.2882],[99.2104,23.3041],[99.2079,23.3182],[99.1896,23.3299],[99.1921,23.3541],[99.1821,23.3707],[99.1838,23.3882],[99.2013,23.4032],[99.2071,23.4232],[99.2171,23.4299],[99.2146,23.4424],[99.2196,23.4491],[99.2371,23.4674],[99.2504,23.4682],[99.2613,23.4774],[99.2638,23.4999],[99.2804,23.5049],[99.2954,23.5191],[99.3071,23.5682],[99.3579,23.6249],[99.4363,23.6707],[99.4513,23.6716],[99.4596,23.6791],[99.4988,23.6816],[99.5229,23.7024],[99.5304,23.6966],[99.5471,23.6974],[99.5546,23.6866],[99.5854,23.6941],[99.6221,23.6849],[99.6388,23.6999],[99.7154,23.6949],[99.7321,23.7074],[99.7896,23.7041],[99.7921,23.7216],[99.8029,23.7257],[99.8146,23.7432],[99.8313,23.7482],[99.8596,23.7874],[99.8521,23.8024],[99.8588,23.8174],[99.8504,23.8382],[99.8729,23.8657],[99.8771,23.8949],[99.8721,23.8999],[99.8988,23.9182],[99.9221,23.9091],[99.9346,23.8957],[99.9404,23.8466],[99.9471,23.8432],[99.9438,23.8316],[99.9554,23.8174],[99.9504,23.8007],[99.9438,23.8007],[99.9529,23.7832],[99.9546,23.7574],[99.9763,23.7424],[99.9921,23.7066],[100.0004,23.7032],[99.9979,23.6857],[100.0054,23.6741],[100.0138,23.6682],[100.0404,23.6757],[100.0679,23.6624],[100.0813,23.6741],[100.1113,23.6824],[100.1246,23.7199],[100.1338,23.7232],[100.1296,23.7566],[100.1438,23.7582],[100.1479,23.7707],[100.1413,23.8049],[100.1504,23.8124],[100.1504,23.8216],[100.1729,23.8382],[100.1646,23.8782],[100.1904,23.8832],[100.1829,23.9016],[100.1988,23.9557],[100.2196,23.9766],[100.2313,23.9749],[100.2313,23.9857],[100.2238,23.9949],[100.2213,24.0157],[100.2263,24.0241],[100.2171,24.0641],[100.1913,24.0791],[100.1821,24.0999],[100.1463,24.1199],[100.1654,24.1574],[100.1513,24.1732],[100.1479,24.2191],[100.1146,24.2466],[100.1313,24.2924],[100.1321,24.3124],[100.1013,24.3257],[100.0729,24.3191],[100.0596,24.3266],[100.0521,24.3166],[100.0221,24.3016],[99.9846,24.2599],[99.9713,24.2691],[99.9263,24.2666],[99.9188,24.2766],[99.8679,24.2674],[99.8463,24.2716],[99.8496,24.2466],[99.8321,24.2299],[99.8421,24.2207],[99.8296,24.2099],[99.8288,24.2007],[99.8096,24.2016],[99.7838,24.1916],[99.7754,24.1757],[99.7646,24.1716],[99.7296,24.1682],[99.7179,24.1391],[99.6538,24.1224],[99.6538,24.1624],[99.6354,24.1982],[99.6529,24.2191],[99.7054,24.2266],[99.7021,24.2557],[99.7154,24.2607],[99.7313,24.2841],[99.7371,24.2832],[99.7454,24.2991],[99.7421,24.3132],[99.7579,24.3241],[99.7463,24.3482],[99.7563,24.3699],[99.7546,24.3832],[99.7704,24.3832],[99.7863,24.3732],[99.7896,24.3816],[99.7996,24.3849],[99.8046,24.4282],[99.7846,24.4441],[99.7496,24.4582],[99.7471,24.4716],[99.7579,24.4824],[99.7579,24.4991],[99.7529,24.5316],[99.7354,24.5541],[99.7354,24.5807],[99.7146,24.5932],[99.6763,24.5907],[99.6738,24.6049],[99.6563,24.6124],[99.6571,24.6382],[99.6421,24.6491],[99.6438,24.6674],[99.6196,24.6724],[99.6088,24.7116],[99.6021,24.7116],[99.6071,24.7182],[99.6029,24.7274],[99.6229,24.7357],[99.6154,24.7441],[99.6246,24.7499],[99.6171,24.7716],[99.5921,24.7766],[99.5979,24.7866],[99.5913,24.7916],[99.5929,24.8032],[99.5871,24.8124],[99.5696,24.8149],[99.5738,24.8249],[99.5646,24.8366],[99.5746,24.8491],[99.5663,24.8657],[99.5721,24.8707],[99.5729,24.8932],[99.5954,24.8932],[99.6204,24.9249],[99.6213,24.9332],[99.6121,24.9399],[99.6129,24.9599],[99.6038,24.9682],[99.6129,24.9857],[99.6088,24.9982],[99.5904,24.9991],[99.5846,24.9832],[99.5646,24.9791],[99.5346,25.0024],[99.4971,25.0182],[99.4938,25.0332],[99.4729,25.0449],[99.4863,25.0832],[99.4771,25.0982],[99.4646,25.0991],[99.4646,25.1249],[99.4388,25.1532],[99.4238,25.1491],[99.4104,25.1591],[99.4088,25.1699],[99.3863,25.1807],[99.3688,25.1757],[99.3554,25.1966],[99.3296,25.1866],[99.3263,25.1674],[99.3063,25.1682],[99.3129,25.1966],[99.3054,25.2024],[99.2988,25.2291],[99.2771,25.2466],[99.2921,25.2491],[99.2938,25.2682],[99.2538,25.2874],[99.2521,25.3049],[99.2163,25.3166],[99.2129,25.3332],[99.2004,25.3299],[99.1946,25.3174],[99.1079,25.3449],[99.1054,25.3541],[99.1121,25.3616],[99.1029,25.3741],[99.1046,25.4041],[99.0671,25.4291],[99.0913,25.4516],[99.0838,25.4757],[99.0654,25.4991],[99.0663,25.5166],[99.0771,25.5266],[99.0754,25.5391],[99.0621,25.5507],[99.0554,25.5674],[99.0563,25.6249],[99.0804,25.6357],[99.0854,25.6449],[99.0996,25.6432],[99.1138,25.6566],[99.1004,25.6857],[99.1071,25.6974],[99.1079,25.7216],[99.1254,25.7341],[99.1238,25.7407],[99.1313,25.7474],[99.1504,25.7557],[99.0946,25.8857],[99.0896,25.9182],[99.0688,25.9466],[99.0729,25.9566],[99.0588,25.9691],[99.0313,26.0441],[98.9996,26.0774],[99.0079,26.1066],[99.0038,26.1141],[99.0271,26.1399],[99.0213,26.1507],[99.0246,26.1899],[99.0154,26.1999],[99.0246,26.2174],[99.0221,26.2416],[99.0413,26.2591],[99.0354,26.2749],[99.0221,26.2682],[99.0071,26.2766],[99.0146,26.2899],[99.0079,26.3432],[99.0163,26.3724],[99.0104,26.3782],[99.0071,26.4091],[99.0204,26.4391],[99.0021,26.4632],[99.0029,26.4832],[99.0154,26.4991],[99.0104,26.5199],[99.0129,26.5899],[99.0213,26.6032],[99.0113,26.6199],[99.0254,26.6291],[99.0346,26.6507],[99.0246,26.6674],[99.0304,26.6791],[99.0204,26.6966],[99.0296,26.7132],[99.0171,26.7266],[99.0254,26.7499],[99.0113,26.7516],[99.0079,26.7732],[99.0229,26.7766],[99.0321,26.8057],[98.9996,26.8674],[98.9863,26.8666],[98.9729,26.8882],[98.9838,26.9441],[98.9596,27.0066],[98.9729,27.0466],[98.9854,27.0599],[98.9679,27.0841],[98.9796,27.1032],[98.9746,27.1357],[98.9838,27.1649],[98.9654,27.1699],[98.9613,27.1816],[98.9713,27.1907],[98.9654,27.1991],[98.9829,27.2099],[98.9871,27.2291],[98.9954,27.2341],[98.9871,27.2432],[98.9913,27.2557],[98.9863,27.2724],[99.0063,27.2816],[99.0071,27.3032],[98.9946,27.3357],[98.9638,27.3316],[98.9396,27.3466],[98.9313,27.3391],[98.9221,27.3399],[98.9229,27.3674],[98.9154,27.3849],[98.9038,27.3924],[98.9163,27.4399],[98.9121,27.4707],[98.8913,27.4957],[98.9079,27.5291],[98.9029,27.5457],[98.8904,27.5566],[98.8904,27.5707],[98.8796,27.5807],[98.9021,27.6057],[98.9179,27.6357],[98.8846,27.6757],[98.8663,27.6924],[98.8554,27.6924],[98.8321,27.7166],[98.8321,27.7282],[98.8696,27.7432],[98.8746,27.7557],[98.8721,27.7707],[98.8629,27.7799],[98.8613,27.8057],[98.8454,27.8157],[98.8479,27.8441],[98.8404,27.8491],[98.8263,27.8341],[98.8163,27.8341],[98.7971,27.8557],[98.8021,27.8774],[98.7913,27.8832],[98.7921,27.8941],[98.7854,27.9007],[98.7888,27.9666],[98.7963,27.9907],[98.7888,28.0166],[98.7971,28.0291],[98.7888,28.0324],[98.7904,28.0424],[98.7804,28.0582],[98.7654,28.0599],[98.7538,28.0891],[98.7554,28.1124],[98.7654,28.1282],[98.7638,28.1407],[98.7554,28.1516],[98.7438,28.1499],[98.7263,28.1307],[98.7154,28.1307],[98.7038,28.1407],[98.7038,28.1566],[98.6971,28.1641],[98.6996,28.1782],[98.6854,28.1932],[98.6938,28.1991],[98.6954,28.2207],[98.7121,28.2316],[98.7163,28.2824],[98.7088,28.2914],[98.7154,28.3073],[98.7538,28.3382],[98.692,28.4448],[98.6804,28.4766],[98.6596,28.4907],[98.628,28.4938],[98.6229,28.5029],[98.6354,28.5391],[98.6286,28.5641],[98.6321,28.5782],[98.6249,28.5799],[98.6196,28.6257],[98.6071,28.6566],[98.5996,28.6616],[98.5952,28.6841],[98.6283,28.6901],[98.6881,28.7364],[98.6673,28.8044],[98.6532,28.8138],[98.6519,28.8214],[98.6692,28.8429],[98.6465,28.8864],[98.6539,28.9077],[98.6507,28.9171],[98.6594,28.9299],[98.6445,28.9365],[98.6291,28.9624],[98.6312,28.975],[98.6575,28.9787],[98.7061,28.969],[98.742,29.0013],[98.755,29.0076]],[[100.2738,25.8232],[100.2729,25.8241],[100.2729,25.8232],[100.2738,25.8232]]]]}},{"type":"Feature","properties":{"id":"adm1_5","ten":"Attapu, Laos","country":"Laos","bounds":[106.1683,14.2855,107.5874,15.2808]},"geometry":{"type":"Polygon","coordinates":[[[107.5055,15.0276],[107.4727,15.0222],[107.4654,15.0095],[107.476,14.9903],[107.4645,14.985],[107.4782,14.9722],[107.4781,14.9555],[107.5054,14.9289],[107.5276,14.9285],[107.5386,14.9077],[107.5604,14.9027],[107.5726,14.8917],[107.582,14.893],[107.5874,14.8675],[107.5217,14.8137],[107.5054,14.7907],[107.5053,14.7855],[107.5278,14.7714],[107.5391,14.751],[107.5201,14.7268],[107.5237,14.7214],[107.5432,14.7204],[107.5511,14.7064],[107.5476,14.6937],[107.5263,14.68],[107.5205,14.6479],[107.5019,14.6359],[107.497,14.6198],[107.4817,14.6195],[107.4659,14.6089],[107.4687,14.5947],[107.4596,14.5829],[107.4586,14.5539],[107.4474,14.5388],[107.453,14.5279],[107.4434,14.52],[107.4318,14.52],[107.398,14.5353],[107.3827,14.5322],[107.3409,14.5826],[107.3046,14.5831],[107.2919,14.5707],[107.2806,14.5347],[107.269,14.5391],[107.2641,14.5294],[107.2605,14.4855],[107.2483,14.4767],[107.2108,14.4804],[107.194,14.4357],[107.1736,14.4156],[107.1385,14.4106],[107.1141,14.3879],[107.0917,14.389],[107.0844,14.3931],[107.0778,14.4171],[107.0651,14.4344],[107.0419,14.44],[107.0471,14.414],[107.0212,14.3886],[106.9995,14.3536],[106.9762,14.3421],[106.9776,14.3184],[106.968,14.308],[106.9049,14.3297],[106.8985,14.3274],[106.8954,14.3097],[106.88,14.3151],[106.8668,14.3086],[106.8547,14.2855],[106.84,14.2912],[106.8341,14.3059],[106.8162,14.3097],[106.7993,14.3237],[106.7952,14.3393],[106.7871,14.3391],[106.7842,14.3544],[106.7555,14.3845],[106.7579,14.398],[106.7433,14.4262],[106.7265,14.4335],[106.7172,14.42],[106.6642,14.436],[106.6639,14.4464],[106.6324,14.4411],[106.6298,14.4564],[106.6218,14.4563],[106.6148,14.4713],[106.6149,14.4941],[106.6042,14.4928],[106.6027,14.506],[106.5662,14.4974],[106.5631,14.507],[106.572,14.5224],[106.5618,14.5357],[106.5594,14.5622],[106.5444,14.591],[106.5134,14.5871],[106.4629,14.5515],[106.461,14.5386],[106.4808,14.5143],[106.473,14.5096],[106.4366,14.5205],[106.4326,14.5022],[106.4422,14.4864],[106.4236,14.4713],[106.4149,14.4505],[106.3722,14.4522],[106.3373,14.4405],[106.3415,14.4632],[106.3517,14.4751],[106.3428,14.4909],[106.3453,14.5209],[106.3247,14.5519],[106.2902,14.578],[106.2795,14.5945],[106.263,14.6714],[106.2011,14.7095],[106.1703,14.7613],[106.1683,14.8097],[106.1919,14.8675],[106.2713,14.9439],[106.295,14.9566],[106.3102,14.9737],[106.3165,14.9953],[106.3351,15.0054],[106.3712,15.0057],[106.3912,14.9995],[106.4152,14.9537],[106.4508,14.9618],[106.4536,14.9754],[106.4639,14.9826],[106.4816,14.9822],[106.4993,14.9731],[106.5042,14.9487],[106.4813,14.8933],[106.4921,14.8592],[106.4832,14.8495],[106.482,14.8369],[106.489,14.8205],[106.52,14.7904],[106.5755,14.7841],[106.6051,14.764],[106.6188,14.7687],[106.6257,14.7821],[106.6706,14.778],[106.6985,14.7894],[106.7116,14.8099],[106.7108,14.847],[106.7453,14.8699],[106.7633,14.8953],[106.7909,14.9076],[106.8171,14.8894],[106.7941,14.9138],[106.8227,14.9691],[106.8168,15.0517],[106.8046,15.0819],[106.7808,15.0956],[106.7667,15.1238],[106.737,15.1157],[106.7055,15.116],[106.6808,15.1309],[106.684,15.1382],[106.7024,15.1397],[106.7183,15.1706],[106.7368,15.1895],[106.7445,15.2273],[106.7647,15.233],[106.7772,15.2498],[106.7976,15.2574],[106.8538,15.2538],[106.8701,15.2381],[106.9031,15.2334],[106.9198,15.2218],[106.9581,15.2287],[106.9942,15.2468],[107.0394,15.2503],[107.0496,15.2424],[107.0671,15.245],[107.0873,15.2687],[107.1262,15.2808],[107.1429,15.2802],[107.2446,15.2507],[107.2668,15.2175],[107.2878,15.2035],[107.2957,15.1853],[107.37,15.1588],[107.3923,15.1618],[107.4261,15.1983],[107.4412,15.202],[107.4685,15.1741],[107.4927,15.1213],[107.5168,15.1068],[107.5212,15.093],[107.5049,15.0636],[107.5055,15.0276]]]}},{"type":"Feature","properties":{"id":"adm1_6","ten":"Bokeo, Laos","country":"Laos","bounds":[100.0868,19.7771,101.2486,20.8378]},"geometry":{"type":"Polygon","coordinates":[[[101.2286,20.3083],[101.2297,20.2952],[101.2432,20.2744],[101.2486,20.2427],[101.2462,20.1482],[101.2408,20.1254],[101.2051,20.0881],[101.1602,20.0704],[101.1097,20.0957],[101.088,20.1166],[101.0738,20.1193],[101.0459,20.1124],[101.0129,20.0947],[100.9998,20.0498],[100.9749,20.0329],[100.9577,20.0089],[100.9051,19.9823],[100.7621,19.979],[100.7295,19.94],[100.73,19.9238],[100.7589,19.8951],[100.7612,19.8704],[100.7262,19.8462],[100.7059,19.8155],[100.6613,19.8105],[100.6429,19.8169],[100.619,19.8079],[100.5789,19.8105],[100.5562,19.7866],[100.472,19.7771],[100.4364,19.7964],[100.4493,19.8278],[100.4445,19.8346],[100.4626,19.8551],[100.4982,19.8736],[100.5184,19.9056],[100.5193,19.944],[100.5455,20.012],[100.544,20.0207],[100.5537,20.0292],[100.5625,20.0845],[100.5717,20.0966],[100.5798,20.1665],[100.5548,20.1735],[100.5304,20.1419],[100.5106,20.148],[100.4801,20.1867],[100.4576,20.1976],[100.454,20.2297],[100.4168,20.2525],[100.4081,20.28],[100.3838,20.3137],[100.3771,20.3487],[100.3614,20.3533],[100.3573,20.3759],[100.3326,20.3964],[100.2744,20.3988],[100.2529,20.385],[100.2487,20.3664],[100.227,20.35],[100.2309,20.3293],[100.2228,20.3152],[100.1695,20.2962],[100.1829,20.2641],[100.1713,20.2429],[100.114,20.2484],[100.096,20.2631],[100.0926,20.2767],[100.0988,20.311],[100.0868,20.3509],[100.1296,20.4032],[100.1271,20.4279],[100.1465,20.5129],[100.1875,20.6453],[100.1952,20.6607],[100.2117,20.6732],[100.2167,20.6937],[100.2454,20.7211],[100.2595,20.747],[100.3036,20.7782],[100.3423,20.7879],[100.3689,20.8237],[100.4013,20.832],[100.4251,20.8298],[100.5152,20.8098],[100.569,20.8201],[100.6089,20.8378],[100.6251,20.8054],[100.7131,20.775],[100.7374,20.7075],[100.7864,20.6705],[100.8332,20.5628],[100.8238,20.5519],[100.8371,20.4931],[100.8535,20.4877],[100.9492,20.4983],[100.9898,20.4497],[100.9903,20.4339],[101.0032,20.4131],[101.0101,20.3889],[101.0007,20.3547],[101.0457,20.32],[101.1311,20.2967],[101.1984,20.3174],[101.2286,20.3083]]]}},{"type":"Feature","properties":{"id":"adm1_7","ten":"Bolikhamxai, Laos","country":"Laos","bounds":[102.8217,17.8534,105.259,19.1206]},"geometry":{"type":"Polygon","coordinates":[[[104.279,19.1206],[104.2984,19.1136],[104.3098,19.0891],[104.3458,19.0728],[104.3651,19.0743],[104.3772,19.0623],[104.3956,19.0563],[104.397,19.0403],[104.4177,19.0182],[104.4187,19.006],[104.4448,18.9841],[104.471,18.986],[104.4812,19.0049],[104.4952,19.0043],[104.5132,18.98],[104.5298,18.9824],[104.539,18.9762],[104.5437,18.9561],[104.5612,18.9384],[104.5774,18.9028],[104.6273,18.8871],[104.6287,18.8768],[104.6672,18.8535],[104.6784,18.8361],[104.7105,18.8358],[104.7169,18.8201],[104.7351,18.8145],[104.7392,18.8005],[104.7608,18.792],[104.7828,18.8007],[104.7997,18.7798],[104.8414,18.784],[104.8583,18.7734],[104.8734,18.7846],[104.9132,18.7868],[104.9371,18.7711],[104.9336,18.7568],[104.9415,18.7385],[104.9876,18.7427],[104.9985,18.7374],[105.02,18.7486],[105.016,18.7361],[105.0203,18.7305],[105.038,18.7226],[105.0495,18.7296],[105.0564,18.7251],[105.0502,18.707],[105.0825,18.7096],[105.1014,18.7043],[105.114,18.7147],[105.1318,18.7159],[105.1429,18.7027],[105.1323,18.6897],[105.1372,18.6818],[105.1507,18.6788],[105.1676,18.6573],[105.1804,18.659],[105.1867,18.6481],[105.1948,18.6468],[105.1901,18.6059],[105.1793,18.6038],[105.1571,18.6142],[105.1325,18.5921],[105.1324,18.5707],[105.1384,18.5636],[105.1145,18.5397],[105.1178,18.5245],[105.1083,18.5098],[105.1117,18.493],[105.1022,18.45],[105.1082,18.4358],[105.1173,18.4325],[105.12,18.4193],[105.1297,18.4154],[105.139,18.4199],[105.1369,18.4092],[105.1446,18.4055],[105.1499,18.3888],[105.171,18.3923],[105.183,18.3871],[105.1769,18.3716],[105.1877,18.3522],[105.1837,18.3249],[105.2078,18.3144],[105.2169,18.303],[105.2425,18.296],[105.256,18.2703],[105.259,18.2392],[105.225,18.1404],[105.178,18.0982],[105.1317,17.9874],[105.094,17.9484],[105.0696,17.9383],[104.9779,17.9523],[104.9267,17.9521],[104.8841,17.9947],[104.8312,18.0039],[104.8386,18.0075],[104.8198,18.0466],[104.7901,18.0784],[104.6838,18.1342],[104.6249,18.1836],[104.5846,18.1958],[104.5497,18.2296],[104.5323,18.2164],[104.5126,18.214],[104.511,18.1978],[104.5014,18.19],[104.439,18.189],[104.4039,18.1534],[104.3978,18.093],[104.3714,18.0572],[104.3628,18.0174],[104.2844,17.8816],[104.2795,17.8534],[104.2197,17.9901],[104.1106,18.1115],[104.0639,18.2162],[103.9762,18.3334],[103.956,18.3366],[103.9257,18.3253],[103.8869,18.2895],[103.8602,18.2804],[103.8368,18.324],[103.8212,18.3356],[103.6986,18.3407],[103.6139,18.4003],[103.573,18.403],[103.5304,18.4232],[103.4595,18.4227],[103.4149,18.4462],[103.3511,18.4319],[103.3163,18.4321],[103.2983,18.4224],[103.2856,18.4011],[103.2508,18.3698],[103.247,18.3543],[103.2574,18.334],[103.2794,18.3351],[103.2898,18.329],[103.3013,18.3024],[103.2802,18.2897],[103.1723,18.2557],[103.1525,18.2283],[103.1583,18.1962],[103.1504,18.1684],[103.0976,18.1329],[103.0922,18.1724],[103.0834,18.1774],[103.0705,18.1778],[103.0592,18.1695],[103.038,18.1297],[103.0089,18.1425],[103.0088,18.1644],[103.0306,18.1897],[103.0287,18.2089],[103.0081,18.2126],[103.0016,18.2196],[102.9936,18.2585],[102.9876,18.2626],[102.904,18.2936],[102.9109,18.3136],[102.9117,18.3663],[102.899,18.4006],[102.8761,18.4115],[102.8596,18.4311],[102.8217,18.5107],[102.832,18.5178],[102.9058,18.5227],[103.1214,18.5134],[103.1687,18.5274],[103.3123,18.5366],[103.3825,18.5523],[103.4431,18.5935],[103.4842,18.633],[103.4957,18.6364],[103.4993,18.743],[103.486,18.7737],[103.4819,18.827],[103.5103,18.8322],[103.5205,18.8423],[103.5029,18.8477],[103.4848,18.8902],[103.4876,18.9392],[103.5687,18.9507],[103.5842,18.9411],[103.6048,18.9136],[103.6589,18.8979],[103.6854,18.87],[103.7415,18.8476],[103.7611,18.8275],[103.8004,18.8275],[103.8332,18.8572],[103.8946,18.8787],[104.0046,18.8322],[104.0235,18.8145],[104.1179,18.8149],[104.1255,18.8347],[104.1632,18.8839],[104.2049,18.9127],[104.2109,18.9507],[104.2535,18.9809],[104.249,19.0729],[104.2639,19.1036],[104.2581,19.1167],[104.279,19.1206]]]}},{"type":"Feature","properties":{"id":"adm1_8","ten":"Champasak, Laos","country":"Laos","bounds":[105.2082,13.9083,106.8227,15.4629]},"geometry":{"type":"Polygon","coordinates":[[[106.3735,15.4],[106.3831,15.4086],[106.4062,15.4026],[106.4595,15.3317],[106.5095,15.3051],[106.5606,15.3074],[106.6039,15.2676],[106.6503,15.2429],[106.6895,15.1904],[106.6868,15.1552],[106.6716,15.1376],[106.684,15.1382],[106.6808,15.1309],[106.701,15.1165],[106.737,15.1157],[106.7667,15.1238],[106.7808,15.0956],[106.8015,15.0856],[106.8168,15.0517],[106.8227,14.9691],[106.7941,14.9138],[106.8141,14.8961],[106.8171,14.8894],[106.7909,14.9076],[106.7633,14.8953],[106.7453,14.8699],[106.7108,14.847],[106.7116,14.8099],[106.6985,14.7894],[106.6706,14.778],[106.6257,14.7821],[106.6188,14.7687],[106.6051,14.764],[106.5755,14.7841],[106.5244,14.7879],[106.4863,14.8246],[106.4823,14.8445],[106.4921,14.8592],[106.4813,14.8933],[106.5042,14.9487],[106.4975,14.9753],[106.4639,14.9826],[106.4536,14.9754],[106.4508,14.9618],[106.4152,14.9537],[106.3912,14.9995],[106.3444,15.0058],[106.3198,14.9993],[106.3102,14.9737],[106.295,14.9566],[106.2713,14.9439],[106.1919,14.8675],[106.1683,14.8097],[106.1703,14.7613],[106.2011,14.7095],[106.263,14.6714],[106.2795,14.5945],[106.2902,14.578],[106.3247,14.5519],[106.3423,14.5258],[106.3466,14.5018],[106.3428,14.4909],[106.3517,14.4751],[106.3415,14.4632],[106.339,14.4434],[106.3306,14.4367],[106.3001,14.449],[106.295,14.4661],[106.2708,14.4763],[106.2679,14.4705],[106.2551,14.4853],[106.2427,14.4601],[106.2537,14.4413],[106.2431,14.4269],[106.2381,14.3944],[106.221,14.36],[106.1871,14.345],[106.1606,14.3519],[106.1487,14.3693],[106.1231,14.3545],[106.1052,14.3734],[106.103,14.3676],[106.097,14.3705],[106.0834,14.3624],[106.0871,14.3484],[106.0807,14.335],[106.0677,14.3492],[106.06,14.3409],[106.0518,14.3458],[106.0294,14.3429],[106.0029,14.3693],[106.0008,14.3191],[106.0265,14.3072],[106.037,14.2706],[106.0311,14.2485],[106.0359,14.2311],[106.0601,14.1997],[106.1113,14.1836],[106.1139,14.1429],[106.1321,14.1049],[106.1533,14.0814],[106.1891,14.0604],[106.1743,14.0216],[106.1398,14.0125],[106.1333,14.0007],[106.1052,13.9844],[106.1077,13.9083],[106.0098,13.9273],[105.988,13.9196],[105.9109,13.9271],[105.7941,14.0214],[105.7852,14.0421],[105.7881,14.0807],[105.7385,14.092],[105.7276,14.1065],[105.7198,14.105],[105.7054,14.0845],[105.6838,14.1065],[105.6601,14.1178],[105.6629,14.1087],[105.653,14.1081],[105.6477,14.0949],[105.6344,14.106],[105.6356,14.1289],[105.622,14.1322],[105.6187,14.1234],[105.6032,14.1458],[105.5873,14.1466],[105.5879,14.1353],[105.5595,14.1584],[105.5166,14.1312],[105.5013,14.1314],[105.4893,14.1174],[105.4761,14.1186],[105.4566,14.0995],[105.4478,14.1064],[105.4249,14.1031],[105.416,14.1094],[105.4083,14.1085],[105.4046,14.0992],[105.3727,14.0998],[105.3717,14.1059],[105.3638,14.1021],[105.3382,14.1373],[105.326,14.1428],[105.3296,14.1468],[105.3225,14.1515],[105.3266,14.1565],[105.3224,14.1604],[105.3111,14.1578],[105.2955,14.1705],[105.2903,14.1671],[105.2779,14.1731],[105.2729,14.1912],[105.2668,14.1929],[105.2688,14.1996],[105.259,14.2075],[105.2589,14.2236],[105.251,14.2284],[105.2427,14.2709],[105.2261,14.2821],[105.2082,14.31],[105.209,14.3403],[105.2334,14.3329],[105.2379,14.3481],[105.2559,14.3611],[105.2823,14.3522],[105.2865,14.3652],[105.3066,14.3643],[105.3243,14.3964],[105.3445,14.3831],[105.3626,14.3852],[105.3754,14.3983],[105.3899,14.3948],[105.3893,14.4085],[105.3993,14.4061],[105.4124,14.4275],[105.4319,14.4132],[105.4525,14.4506],[105.4725,14.4692],[105.4898,14.4982],[105.4825,14.5041],[105.5036,14.511],[105.5045,14.5209],[105.5182,14.5361],[105.5276,14.5365],[105.526,14.5492],[105.5371,14.5571],[105.532,14.5721],[105.5416,14.5821],[105.5315,14.5942],[105.5333,14.6072],[105.5449,14.6192],[105.5333,14.6214],[105.5273,14.6317],[105.532,14.6397],[105.519,14.6574],[105.5261,14.6753],[105.518,14.6943],[105.5272,14.7047],[105.5228,14.7257],[105.5423,14.7301],[105.5154,14.7527],[105.5223,14.7746],[105.5142,14.8011],[105.5238,14.823],[105.5317,14.8206],[105.5556,14.8353],[105.5525,14.8507],[105.5422,14.8547],[105.5385,14.8666],[105.5797,14.8795],[105.5766,14.8998],[105.5488,14.924],[105.5562,14.9509],[105.5711,14.9526],[105.5863,14.9442],[105.5977,14.9602],[105.6223,14.9746],[105.6119,14.988],[105.5758,14.9969],[105.5736,15.02],[105.5494,15.0368],[105.5543,15.059],[105.5421,15.0643],[105.5164,15.061],[105.5131,15.0844],[105.4746,15.0985],[105.4688,15.1077],[105.4698,15.1335],[105.4806,15.1469],[105.4716,15.156],[105.4779,15.1781],[105.5194,15.2182],[105.5423,15.251],[105.563,15.2611],[105.5848,15.2596],[105.594,15.2711],[105.5786,15.3227],[105.507,15.314],[105.4728,15.337],[105.4698,15.3488],[105.4791,15.3677],[105.496,15.3845],[105.5696,15.3989],[105.5957,15.4275],[105.6235,15.4342],[105.6385,15.4559],[105.6758,15.4564],[105.6914,15.4424],[105.7115,15.4405],[105.7293,15.4428],[105.7459,15.4616],[105.7573,15.4576],[105.7674,15.4433],[105.804,15.4283],[105.8214,15.4497],[105.8403,15.4357],[105.8541,15.4422],[105.9169,15.4405],[105.9326,15.4515],[105.9452,15.452],[105.9472,15.459],[105.9671,15.456],[105.981,15.4451],[106.0122,15.4564],[106.042,15.455],[106.0633,15.4629],[106.0716,15.4615],[106.1047,15.4196],[106.0964,15.4059],[106.0804,15.3962],[106.0739,15.3798],[106.0758,15.3557],[106.0871,15.3441],[106.1076,15.3368],[106.122,15.3057],[106.1387,15.3021],[106.1558,15.2883],[106.1731,15.2889],[106.1857,15.2976],[106.2498,15.3589],[106.2952,15.3846],[106.3735,15.4]]]}},{"type":"Feature","properties":{"id":"adm1_9","ten":"Houaphan, Laos","country":"Laos","bounds":[103.1098,19.6155,104.9905,20.9763]},"geometry":{"type":"MultiPolygon","coordinates":[[[[104.1193,20.9711],[104.1308,20.9482],[104.1895,20.9562],[104.1923,20.9468],[104.2399,20.9333],[104.2334,20.9183],[104.2457,20.9023],[104.2568,20.8983],[104.2659,20.9174],[104.2901,20.9233],[104.2934,20.9104],[104.3099,20.9049],[104.3296,20.8843],[104.3337,20.8737],[104.3264,20.8575],[104.3345,20.8582],[104.3736,20.8213],[104.3801,20.8192],[104.3834,20.8271],[104.3933,20.8216],[104.427,20.7901],[104.4472,20.7973],[104.4526,20.7803],[104.4678,20.7783],[104.4819,20.7673],[104.4855,20.7321],[104.4945,20.7145],[104.5236,20.6988],[104.5348,20.712],[104.5565,20.7185],[104.5826,20.6997],[104.5834,20.6831],[104.5929,20.6742],[104.6367,20.6694],[104.6287,20.634],[104.6011,20.6075],[104.5813,20.6112],[104.5426,20.6012],[104.5245,20.5713],[104.5263,20.5573],[104.5209,20.5506],[104.4953,20.5454],[104.4724,20.518],[104.4364,20.5101],[104.4191,20.4928],[104.3855,20.4907],[104.3895,20.48],[104.3726,20.468],[104.3802,20.4495],[104.3748,20.4436],[104.3861,20.443],[104.4122,20.4262],[104.403,20.4044],[104.4105,20.384],[104.4202,20.3765],[104.4484,20.3795],[104.459,20.3691],[104.4705,20.3675],[104.4957,20.3835],[104.5184,20.389],[104.5262,20.3974],[104.527,20.4134],[104.5435,20.4083],[104.6081,20.422],[104.6175,20.4346],[104.6121,20.4468],[104.6241,20.4614],[104.6603,20.4733],[104.6688,20.4674],[104.6615,20.4602],[104.6631,20.4529],[104.684,20.4426],[104.7033,20.4159],[104.7165,20.4077],[104.7101,20.3998],[104.6813,20.4041],[104.6687,20.3909],[104.6144,20.3617],[104.6135,20.3489],[104.6198,20.3428],[104.6136,20.3132],[104.6186,20.2976],[104.6095,20.2797],[104.6074,20.2573],[104.6122,20.2436],[104.6298,20.2294],[104.6605,20.2332],[104.6676,20.2184],[104.6933,20.2152],[104.7189,20.2011],[104.7731,20.1988],[104.8189,20.1712],[104.8292,20.1563],[104.8611,20.1417],[104.9263,20.159],[104.9293,20.1514],[104.9199,20.1422],[104.9336,20.1264],[104.9596,20.1125],[104.9643,20.1],[104.9905,20.0956],[104.9743,20.0798],[104.9705,20.0629],[104.9362,20.0408],[104.9169,20.0168],[104.9063,19.9985],[104.902,19.9681],[104.8859,19.9539],[104.8631,19.9461],[104.8426,19.9265],[104.8395,19.9145],[104.8467,19.9115],[104.8398,19.8833],[104.8462,19.8699],[104.8315,19.8521],[104.8438,19.8404],[104.8332,19.8271],[104.8305,19.7921],[104.8166,19.7852],[104.7974,19.7912],[104.7749,19.7773],[104.7623,19.7765],[104.7652,19.765],[104.7539,19.7507],[104.7229,19.7587],[104.7116,19.7539],[104.6957,19.7295],[104.6615,19.7026],[104.6689,19.6853],[104.658,19.6723],[104.6583,19.6621],[104.6447,19.6561],[104.6502,19.6379],[104.6427,19.6244],[104.6069,19.6357],[104.5788,19.6299],[104.568,19.6159],[104.5431,19.6209],[104.5261,19.6155],[104.5052,19.6259],[104.4978,19.6487],[104.4891,19.6557],[104.4529,19.656],[104.4442,19.6735],[104.4257,19.6736],[104.4198,19.6812],[104.4225,19.701],[104.4145,19.7075],[104.3972,19.6977],[104.3503,19.6933],[104.3182,19.6681],[104.3199,19.6864],[104.3028,19.6982],[104.2689,19.6973],[104.261,19.7047],[104.2337,19.7086],[104.1998,19.6968],[104.2017,19.7402],[104.1892,19.7608],[104.1844,19.7898],[104.2094,19.84],[104.2049,19.9023],[104.1954,19.8937],[104.1917,19.8635],[104.18,19.8524],[104.1382,19.8383],[104.0987,19.8503],[104.0827,19.8643],[104.061,19.8459],[104.0505,19.8128],[104.0405,19.8046],[104.019,19.8027],[103.9707,19.7821],[103.9564,19.7845],[103.9471,19.8075],[103.927,19.8323],[103.8994,19.8471],[103.8768,19.8451],[103.8709,19.8518],[103.8987,19.8892],[103.8803,19.9185],[103.8886,19.9452],[103.8813,19.9661],[103.8214,20.0167],[103.7976,20.0289],[103.7481,20.0297],[103.7266,20.0084],[103.6886,19.9873],[103.6836,19.952],[103.6881,19.9316],[103.6815,19.923],[103.6303,19.9391],[103.6193,19.9207],[103.6041,19.9102],[103.5843,19.9041],[103.5571,19.9054],[103.5124,19.8916],[103.4971,19.8744],[103.4788,19.8657],[103.4042,19.8916],[103.38,19.8794],[103.3291,19.9148],[103.279,19.8952],[103.256,19.899],[103.2256,19.933],[103.1382,19.9151],[103.1286,19.9361],[103.1382,19.9731],[103.133,20.0377],[103.1452,20.0558],[103.1386,20.0714],[103.1709,20.1055],[103.1549,20.1176],[103.1403,20.1489],[103.1098,20.1672],[103.1602,20.2375],[103.1903,20.2608],[103.2344,20.3102],[103.2403,20.3301],[103.2382,20.3589],[103.2288,20.3757],[103.2454,20.4142],[103.2091,20.4201],[103.1723,20.4756],[103.214,20.5122],[103.2228,20.5293],[103.2062,20.6114],[103.2149,20.641],[103.2135,20.697],[103.2614,20.7294],[103.3701,20.7658],[103.3886,20.7845],[103.4018,20.7837],[103.4134,20.7961],[103.44,20.7936],[103.4514,20.8212],[103.4646,20.8264],[103.4797,20.8101],[103.4766,20.7967],[103.4825,20.7858],[103.4928,20.7821],[103.5088,20.7533],[103.5217,20.7483],[103.5367,20.7524],[103.5537,20.7427],[103.5623,20.7482],[103.6009,20.7428],[103.6092,20.7297],[103.6371,20.7182],[103.6492,20.6986],[103.6557,20.6944],[103.6664,20.6984],[103.6729,20.6697],[103.6819,20.6603],[103.734,20.6673],[103.7449,20.6787],[103.7347,20.6931],[103.7301,20.7264],[103.7338,20.7323],[103.7708,20.7339],[103.7901,20.7467],[103.7836,20.7632],[103.7897,20.7794],[103.7804,20.7894],[103.7797,20.8017],[103.8085,20.8228],[103.8008,20.8487],[103.8147,20.8536],[103.8129,20.8641],[103.8334,20.8698],[103.8517,20.859],[103.899,20.9031],[103.9373,20.901],[103.9469,20.8935],[103.9606,20.8975],[103.9739,20.9126],[103.9969,20.9032],[104.0311,20.902],[104.0496,20.9147],[104.0489,20.9274],[104.0579,20.9392],[104.0521,20.9496],[104.0918,20.9637],[104.1031,20.9763],[104.1193,20.9711]]],[[[104.6196,20.298],[104.6195,20.2979],[104.6192,20.2978],[104.6196,20.298]]]]}},{"type":"Feature","properties":{"id":"adm1_10","ten":"Khammouan, Laos","country":"Laos","bounds":[104.2795,16.9038,106.4249,18.2662]},"geometry":{"type":"Polygon","coordinates":[[[105.3271,18.265],[105.3241,18.211],[105.3183,18.2008],[105.3357,18.1913],[105.3356,18.1825],[105.3512,18.1843],[105.3673,18.161],[105.3758,18.1604],[105.3821,18.1701],[105.3897,18.1605],[105.4086,18.1542],[105.4198,18.1837],[105.4391,18.1823],[105.4465,18.1979],[105.4421,18.2046],[105.4593,18.2059],[105.4799,18.1961],[105.4902,18.2027],[105.4854,18.1813],[105.493,18.1767],[105.5,18.189],[105.5105,18.1505],[105.5019,18.1387],[105.5055,18.124],[105.5106,18.1199],[105.5216,18.1259],[105.5349,18.1154],[105.5395,18.0821],[105.5696,18.0842],[105.571,18.0648],[105.5779,18.0613],[105.5839,18.0432],[105.5799,18.0139],[105.5974,18.0024],[105.613,18.0119],[105.6272,17.995],[105.6416,17.9932],[105.6412,17.9641],[105.6222,17.9433],[105.621,17.921],[105.6068,17.8974],[105.6073,17.8771],[105.638,17.8586],[105.6598,17.8566],[105.6814,17.8342],[105.6744,17.7948],[105.6964,17.7654],[105.7282,17.7454],[105.7286,17.7225],[105.742,17.7219],[105.7501,17.6686],[105.7779,17.6745],[105.7901,17.6707],[105.7973,17.6591],[105.803,17.6606],[105.8138,17.6458],[105.8219,17.6538],[105.8285,17.6504],[105.8316,17.6333],[105.8589,17.6196],[106.0878,17.3636],[106.134,17.3348],[106.1453,17.3092],[106.1621,17.3042],[106.2492,17.2438],[106.2512,17.2514],[106.2768,17.2647],[106.2803,17.2742],[106.2748,17.2946],[106.3029,17.2952],[106.3036,17.2583],[106.3169,17.2475],[106.3069,17.2392],[106.3329,17.2332],[106.324,17.2181],[106.3072,17.219],[106.3017,17.2091],[106.3255,17.1995],[106.3197,17.1932],[106.326,17.1816],[106.3539,17.1598],[106.3457,17.1481],[106.3525,17.1455],[106.3555,17.1342],[106.3678,17.1259],[106.3752,17.1088],[106.3903,17.1031],[106.4148,17.0793],[106.4005,17.0532],[106.4249,17.0212],[106.3415,17.0094],[106.3197,17.02],[106.2392,17.0354],[106.1938,17.081],[106.1337,17.1102],[106.1227,17.1042],[106.119,17.0781],[106.0856,17.0529],[105.9612,17.0494],[105.851,17.0517],[105.814,17.0784],[105.7573,17.1042],[105.6997,17.1167],[105.6673,17.1149],[105.6485,17.1015],[105.651,17.0472],[105.6428,17.0418],[105.5753,17.0601],[105.4826,17.1021],[105.4401,17.1041],[105.4096,17.0871],[105.3814,17.0864],[105.3723,17.0971],[105.3631,17.0785],[105.3365,17.0702],[105.3156,17.0529],[105.2781,17.0629],[105.2659,17.054],[105.2308,17.0544],[105.2138,17.0606],[105.1868,17.0993],[105.1626,17.1121],[105.1038,17.076],[105.0511,17.0792],[105.0316,17.0999],[105.0167,17.1045],[105.0039,17.0892],[104.9943,17.0868],[104.9676,17.0872],[104.9579,17.0966],[104.9324,17.0975],[104.9221,17.0762],[104.9104,17.0698],[104.8803,17.0862],[104.8482,17.0887],[104.8375,17.0792],[104.8361,17.0416],[104.808,17.0352],[104.7877,17.0],[104.7971,16.9889],[104.8157,17.0082],[104.8273,17.0014],[104.8504,16.9352],[104.8361,16.9092],[104.7824,16.9038],[104.7508,16.9455],[104.7347,16.9549],[104.7333,17.0171],[104.7688,17.0792],[104.8062,17.2251],[104.802,17.3827],[104.7782,17.422],[104.7514,17.4451],[104.7039,17.52],[104.5388,17.619],[104.465,17.6515],[104.4099,17.7205],[104.3607,17.8106],[104.2795,17.8534],[104.2844,17.8816],[104.3628,18.0174],[104.3714,18.0572],[104.3978,18.093],[104.4039,18.1534],[104.439,18.189],[104.5014,18.19],[104.511,18.1978],[104.5126,18.214],[104.5323,18.2164],[104.5497,18.2296],[104.5846,18.1958],[104.6249,18.1836],[104.6838,18.1342],[104.7901,18.0784],[104.8198,18.0466],[104.8386,18.0075],[104.8312,18.0039],[104.8841,17.9947],[104.9267,17.9521],[104.9779,17.9523],[105.0696,17.9383],[105.094,17.9484],[105.1317,17.9874],[105.178,18.0982],[105.225,18.1404],[105.2528,18.2092],[105.2583,18.2572],[105.2701,18.2599],[105.2764,18.2541],[105.2811,18.2609],[105.2969,18.2562],[105.2942,18.245],[105.2993,18.2363],[105.3097,18.2662],[105.3271,18.265]]]}},{"type":"Feature","properties":{"id":"adm1_11","ten":"Louang Namtha, Laos","country":"Laos","bounds":[100.5148,20.2967,101.7802,21.5639]},"geometry":{"type":"Polygon","coordinates":[[[101.7802,21.1416],[101.7754,21.1379],[101.7728,21.0711],[101.7363,21.0049],[101.7309,20.9987],[101.678,20.9874],[101.635,20.9482],[101.6102,20.9338],[101.6169,20.9006],[101.6295,20.8891],[101.6297,20.8733],[101.6173,20.8671],[101.5839,20.8722],[101.5549,20.8596],[101.5216,20.857],[101.4742,20.8123],[101.4603,20.7647],[101.4329,20.7396],[101.4086,20.7318],[101.436,20.7187],[101.4503,20.7191],[101.4655,20.7056],[101.5031,20.7066],[101.5141,20.6714],[101.5518,20.6524],[101.5617,20.6369],[101.561,20.6155],[101.5716,20.606],[101.5762,20.5824],[101.5608,20.5426],[101.5629,20.515],[101.5379,20.4704],[101.502,20.4345],[101.4559,20.3485],[101.4267,20.3427],[101.3714,20.3195],[101.3032,20.3135],[101.2585,20.3213],[101.2275,20.3188],[101.2286,20.3083],[101.1984,20.3174],[101.1311,20.2967],[101.0457,20.32],[101.0007,20.3547],[101.0101,20.3889],[101.0032,20.4131],[100.9903,20.4339],[100.9898,20.4497],[100.9492,20.4983],[100.8535,20.4877],[100.8327,20.4974],[100.8238,20.5519],[100.8332,20.5628],[100.7864,20.6705],[100.7374,20.7075],[100.7131,20.775],[100.6251,20.8054],[100.6124,20.8223],[100.6089,20.8378],[100.6474,20.8756],[100.6501,20.8909],[100.5822,20.8805],[100.5514,20.8665],[100.5268,20.8713],[100.5148,20.8864],[100.5278,20.9575],[100.555,20.9922],[100.5504,21.0261],[100.5954,21.0323],[100.637,21.0643],[100.6578,21.1131],[100.6751,21.1274],[100.6855,21.1653],[100.6996,21.1757],[100.7058,21.2279],[100.7198,21.2588],[100.7271,21.3121],[100.7466,21.3116],[100.7915,21.2962],[100.8294,21.2949],[100.8488,21.3026],[100.8818,21.3295],[100.8951,21.3498],[100.9608,21.3801],[101.0054,21.3922],[101.046,21.4352],[101.0836,21.4589],[101.0964,21.4595],[101.1592,21.5259],[101.1681,21.5279],[101.1547,21.5639],[101.2136,21.5613],[101.2183,21.5545],[101.2135,21.5282],[101.2206,21.4914],[101.2054,21.4675],[101.2067,21.4406],[101.1976,21.4117],[101.2291,21.4],[101.251,21.3784],[101.2685,21.374],[101.2598,21.3642],[101.2525,21.3359],[101.2309,21.3124],[101.2452,21.306],[101.2543,21.2922],[101.238,21.2507],[101.2587,21.2181],[101.26,21.2058],[101.285,21.1787],[101.3378,21.1884],[101.3964,21.2257],[101.4555,21.2276],[101.4874,21.2416],[101.5634,21.2485],[101.5799,21.2449],[101.5925,21.2319],[101.6105,21.2311],[101.5988,21.1842],[101.6054,21.1757],[101.6219,21.1768],[101.6353,21.1906],[101.6746,21.1988],[101.7013,21.1711],[101.7056,21.1493],[101.7347,21.1394],[101.7516,21.1458],[101.7802,21.1416]]]}},{"type":"Feature","properties":{"id":"adm1_12","ten":"Louangphrabang, Laos","country":"Laos","bounds":[101.7137,19.0549,103.3886,21.1454]},"geometry":{"type":"Polygon","coordinates":[[[102.9456,21.1424],[102.9376,21.128],[102.958,21.1136],[102.9659,21.098],[102.9589,21.0807],[102.9718,21.0677],[103.0306,21.0587],[103.0558,21.0055],[103.0813,20.9702],[103.0845,20.9416],[103.102,20.9349],[103.1104,20.8994],[103.1209,20.8968],[103.1265,20.9095],[103.1601,20.9055],[103.1673,20.9151],[103.1876,20.9031],[103.2101,20.9019],[103.2144,20.8899],[103.2327,20.8737],[103.2248,20.8443],[103.2351,20.8345],[103.268,20.8229],[103.2899,20.8378],[103.2929,20.8236],[103.3211,20.8187],[103.3501,20.8026],[103.364,20.8064],[103.3886,20.7845],[103.3701,20.7658],[103.2614,20.7294],[103.2135,20.697],[103.2149,20.641],[103.2062,20.6114],[103.2228,20.5293],[103.214,20.5122],[103.1723,20.4756],[103.2091,20.4201],[103.2454,20.4142],[103.2288,20.3757],[103.2382,20.3589],[103.2403,20.3301],[103.2344,20.3102],[103.1903,20.2608],[103.1602,20.2375],[103.1098,20.1672],[103.1403,20.1489],[103.1549,20.1176],[103.1709,20.1055],[103.1386,20.0714],[103.1452,20.0558],[103.133,20.0377],[103.1382,19.9731],[103.1286,19.9361],[103.1382,19.9151],[103.1287,19.8959],[103.1026,19.8742],[103.0664,19.876],[103.0275,19.8646],[102.95,19.8173],[102.9509,19.7524],[102.9443,19.7247],[102.9328,19.718],[102.8669,19.7193],[102.8701,19.6862],[102.8485,19.6631],[102.7671,19.6032],[102.7373,19.5909],[102.7127,19.555],[102.6653,19.5191],[102.6593,19.501],[102.6667,19.436],[102.6792,19.4121],[102.7236,19.3743],[102.732,19.3312],[102.7422,19.3119],[102.7399,19.3029],[102.71,19.2782],[102.6803,19.2646],[102.6301,19.2552],[102.6037,19.23],[102.5758,19.2243],[102.515,19.2704],[102.487,19.3232],[102.4586,19.3268],[102.4464,19.3349],[102.4596,19.3681],[102.3994,19.3688],[102.3549,19.3977],[102.3365,19.3684],[102.3093,19.3625],[102.2769,19.3835],[102.2468,19.3745],[102.2043,19.4082],[102.1175,19.3993],[102.097,19.3844],[102.0803,19.3188],[102.0594,19.3079],[102.0385,19.2768],[102.0005,19.2697],[101.9665,19.1623],[101.9515,19.1537],[101.9502,19.1446],[101.9168,19.1146],[101.8726,19.1048],[101.8485,19.0731],[101.8323,19.0675],[101.8201,19.0549],[101.8137,19.0572],[101.8097,19.0607],[101.8284,19.1689],[101.8252,19.3016],[101.8515,19.3511],[101.8952,19.3888],[101.8936,19.4158],[101.8906,19.4252],[101.8573,19.4332],[101.8302,19.4486],[101.8089,19.4846],[101.8205,19.5413],[101.7996,19.6046],[101.8138,19.6476],[101.8324,19.6671],[101.7998,19.6461],[101.7721,19.6394],[101.754,19.6462],[101.7448,19.7016],[101.7452,19.7498],[101.7655,19.777],[101.7675,19.8087],[101.7776,19.8198],[101.7772,19.8432],[101.7638,19.8724],[101.7313,19.8962],[101.7242,19.9121],[101.7137,19.9182],[101.7404,19.9286],[101.8289,19.9402],[101.8884,19.9611],[101.9088,19.9714],[101.9858,20.052],[102.0664,20.0455],[102.0744,20.0595],[102.1544,20.0923],[102.1596,20.1164],[102.195,20.1454],[102.2043,20.1624],[102.1956,20.2031],[102.1469,20.2664],[102.175,20.3211],[102.1746,20.3429],[102.1434,20.3722],[102.1408,20.3881],[102.1476,20.4254],[102.1707,20.4499],[102.196,20.5377],[102.2352,20.6124],[102.2357,20.6298],[102.2918,20.6333],[102.3321,20.6577],[102.3441,20.6818],[102.3557,20.7448],[102.3349,20.7746],[102.3423,20.787],[102.3336,20.8146],[102.3517,20.8428],[102.3512,20.8759],[102.3278,20.9135],[102.3111,20.9249],[102.3095,20.9626],[102.3429,20.9537],[102.3648,20.9264],[102.4432,20.9206],[102.4511,20.9105],[102.46,20.8647],[102.4814,20.8541],[102.4909,20.8557],[102.5101,20.8648],[102.5503,20.9199],[102.5784,20.9442],[102.5995,20.9528],[102.6293,20.954],[102.647,20.9483],[102.663,20.9787],[102.7007,20.9985],[102.7437,21.0091],[102.7435,21.0204],[102.7509,21.0273],[102.7887,21.0295],[102.796,21.0418],[102.7957,21.0811],[102.8035,21.1186],[102.82,21.1444],[102.8416,21.1335],[102.9155,21.1454],[102.9456,21.1424]]]}},{"type":"Feature","properties":{"id":"adm1_13","ten":"Oudômxai, Laos","country":"Laos","bounds":[100.7295,19.8061,102.3557,21.212]},"geometry":{"type":"Polygon","coordinates":[[[102.3037,20.9764],[102.3111,20.9249],[102.3278,20.9135],[102.3512,20.8759],[102.3517,20.8428],[102.3336,20.8146],[102.3423,20.787],[102.3349,20.7746],[102.3557,20.7448],[102.3538,20.7178],[102.3321,20.6577],[102.3158,20.6455],[102.2918,20.6333],[102.2357,20.6298],[102.2352,20.6124],[102.196,20.5377],[102.1707,20.4499],[102.1476,20.4254],[102.1401,20.3796],[102.1746,20.3429],[102.175,20.3211],[102.1469,20.2664],[102.1956,20.2031],[102.2043,20.1624],[102.1886,20.1368],[102.1596,20.1164],[102.1544,20.0923],[102.0744,20.0595],[102.0664,20.0455],[101.9858,20.052],[101.9088,19.9714],[101.8884,19.9611],[101.8289,19.9402],[101.7404,19.9286],[101.6901,19.9045],[101.669,19.8837],[101.6375,19.8703],[101.6032,19.8646],[101.5992,19.8572],[101.6229,19.8333],[101.6089,19.8178],[101.4518,19.8225],[101.3519,19.8061],[101.3103,19.8233],[101.2839,19.8126],[101.2486,19.8084],[101.159,19.8548],[101.134,19.8803],[101.1213,19.877],[101.0682,19.8313],[101.0563,19.8275],[101.0355,19.8334],[101.0042,19.8285],[100.9939,19.8346],[100.9909,19.8521],[100.9705,19.8618],[100.8564,19.8755],[100.8032,19.8901],[100.7609,19.874],[100.7589,19.8951],[100.73,19.9238],[100.7295,19.94],[100.7621,19.979],[100.9051,19.9823],[100.9577,20.0089],[100.9749,20.0329],[100.9998,20.0498],[101.0129,20.0947],[101.0459,20.1124],[101.0738,20.1193],[101.088,20.1166],[101.1097,20.0957],[101.1602,20.0704],[101.1915,20.0803],[101.2158,20.0974],[101.2427,20.1284],[101.2478,20.1651],[101.2486,20.2427],[101.2432,20.2744],[101.2297,20.2952],[101.2275,20.3188],[101.2585,20.3213],[101.3032,20.3135],[101.3714,20.3195],[101.4267,20.3427],[101.4559,20.3485],[101.502,20.4345],[101.5379,20.4704],[101.5629,20.515],[101.5608,20.5426],[101.576,20.5903],[101.5716,20.606],[101.561,20.6155],[101.5617,20.6369],[101.5518,20.6524],[101.5141,20.6714],[101.5031,20.7066],[101.4655,20.7056],[101.4503,20.7191],[101.436,20.7187],[101.4086,20.7318],[101.4329,20.7396],[101.4603,20.7647],[101.4742,20.8123],[101.5216,20.857],[101.5549,20.8596],[101.5839,20.8722],[101.6173,20.8671],[101.6297,20.8733],[101.6295,20.8891],[101.6169,20.9006],[101.6102,20.9338],[101.635,20.9482],[101.678,20.9874],[101.7309,20.9987],[101.7363,21.0049],[101.7728,21.0711],[101.7754,21.1379],[101.79,21.1441],[101.7918,21.1824],[101.783,21.1947],[101.7855,21.2091],[101.7956,21.2117],[101.8108,21.2046],[101.8399,21.212],[101.8604,21.198],[101.8677,21.1849],[101.9051,21.1749],[101.9376,21.1489],[101.9937,21.133],[102.0162,21.1332],[102.0373,21.1205],[102.1007,21.0404],[102.1588,21.0089],[102.1776,21.0095],[102.1939,21.0217],[102.229,21.0187],[102.3037,20.9764]]]}},{"type":"Feature","properties":{"id":"adm1_14","ten":"Phôngsali, Laos","country":"Laos","bounds":[101.547,20.8551,102.9897,22.5002]},"geometry":{"type":"Polygon","coordinates":[[[102.1264,22.4352],[102.1462,22.3913],[102.1686,22.3725],[102.1617,22.3622],[102.1664,22.35],[102.1765,22.3396],[102.1934,22.3376],[102.1792,22.3238],[102.1754,22.3062],[102.232,22.2841],[102.2288,22.2752],[102.2406,22.2553],[102.2387,22.24],[102.2711,22.2369],[102.2768,22.206],[102.3192,22.2043],[102.3328,22.1874],[102.3333,22.1673],[102.3608,22.1655],[102.3816,22.15],[102.3828,22.1301],[102.4323,22.1152],[102.4433,22.0833],[102.4398,22.075],[102.4705,22.0625],[102.4935,22.0358],[102.511,22.0357],[102.5177,22.0297],[102.5174,22.0231],[102.4904,22.0151],[102.4861,22.0077],[102.4869,21.9949],[102.5053,21.9741],[102.609,21.9196],[102.6162,21.9012],[102.6094,21.877],[102.6431,21.8596],[102.6452,21.8117],[102.659,21.7954],[102.6593,21.7867],[102.646,21.7347],[102.6747,21.6576],[102.6849,21.6551],[102.6942,21.6631],[102.7132,21.6642],[102.7423,21.6591],[102.7658,21.6761],[102.7896,21.7068],[102.8124,21.719],[102.8175,21.7321],[102.8283,21.7357],[102.8205,21.7831],[102.8254,21.7999],[102.8134,21.8227],[102.823,21.8397],[102.8496,21.8394],[102.8584,21.764],[102.8522,21.7415],[102.8552,21.7225],[102.875,21.7054],[102.8807,21.703],[102.9047,21.7186],[102.9555,21.7291],[102.9705,21.7459],[102.9865,21.7238],[102.9877,21.709],[102.9775,21.6965],[102.9883,21.6854],[102.9779,21.6522],[102.9848,21.6441],[102.9826,21.6122],[102.9894,21.6033],[102.9897,21.5864],[102.9667,21.5667],[102.9563,21.5534],[102.9588,21.5469],[102.9344,21.5197],[102.9138,21.5049],[102.9045,21.4797],[102.885,21.4774],[102.8884,21.4559],[102.8762,21.4463],[102.8688,21.4284],[102.8788,21.4232],[102.899,21.4344],[102.905,21.4292],[102.9268,21.4559],[102.9408,21.4569],[102.9272,21.4438],[102.9137,21.4048],[102.8944,21.3842],[102.888,21.3331],[102.8973,21.3167],[102.8959,21.3067],[102.8529,21.3004],[102.8056,21.2656],[102.819,21.2472],[102.8458,21.2478],[102.8628,21.2571],[102.8911,21.2473],[102.9086,21.2306],[102.9034,21.1664],[102.9194,21.157],[102.9308,21.1615],[102.9456,21.1424],[102.9155,21.1454],[102.8416,21.1335],[102.82,21.1444],[102.8035,21.1186],[102.7957,21.0811],[102.796,21.0418],[102.7887,21.0295],[102.7509,21.0273],[102.7435,21.0204],[102.7437,21.0091],[102.7007,20.9985],[102.663,20.9787],[102.647,20.9483],[102.6293,20.954],[102.5995,20.9528],[102.5784,20.9442],[102.5503,20.9199],[102.5101,20.8648],[102.4887,20.8551],[102.46,20.8647],[102.4511,20.9105],[102.4432,20.9206],[102.3648,20.9264],[102.3429,20.9537],[102.3095,20.9626],[102.3037,20.9764],[102.229,21.0187],[102.1939,21.0217],[102.1776,21.0095],[102.1588,21.0089],[102.1007,21.0404],[102.0373,21.1205],[102.0162,21.1332],[101.9937,21.133],[101.9376,21.1489],[101.9051,21.1749],[101.8677,21.1849],[101.8604,21.198],[101.8399,21.212],[101.8466,21.2195],[101.8427,21.2316],[101.8471,21.2521],[101.8188,21.2634],[101.802,21.2864],[101.77,21.2886],[101.7403,21.3148],[101.7388,21.3537],[101.747,21.3705],[101.7464,21.396],[101.7561,21.4118],[101.7539,21.4254],[101.7607,21.4449],[101.7484,21.4832],[101.7782,21.5133],[101.7679,21.5343],[101.7624,21.5772],[101.7658,21.5824],[101.8124,21.5871],[101.8267,21.603],[101.8264,21.6209],[101.8168,21.6405],[101.7723,21.6601],[101.7665,21.6695],[101.7703,21.7008],[101.7658,21.7168],[101.7528,21.7236],[101.7508,21.7385],[101.7616,21.7562],[101.7815,21.8325],[101.7524,21.8438],[101.7433,21.871],[101.7079,21.8932],[101.7137,21.9289],[101.7052,21.9441],[101.6961,21.9458],[101.675,21.9338],[101.6618,21.9505],[101.6365,21.9564],[101.6234,21.9694],[101.6235,21.9858],[101.6351,22.0134],[101.6221,22.0276],[101.577,22.1135],[101.6034,22.1432],[101.604,22.1595],[101.5751,22.2144],[101.5523,22.2249],[101.547,22.2501],[101.5703,22.2807],[101.6079,22.2745],[101.6285,22.2798],[101.6609,22.3642],[101.6798,22.373],[101.6633,22.4165],[101.6757,22.4301],[101.6751,22.4487],[101.6889,22.4627],[101.689,22.4715],[101.7194,22.4774],[101.7469,22.5002],[101.7795,22.4992],[101.8048,22.488],[101.8314,22.4482],[101.8396,22.4219],[101.873,22.3837],[101.8884,22.3809],[101.9053,22.3879],[101.9096,22.4169],[101.9193,22.4343],[101.9732,22.4289],[101.9953,22.4449],[102.0,22.4323],[102.0092,22.4499],[102.0244,22.4569],[102.053,22.4568],[102.1183,22.4393],[102.1264,22.4352]]]}},{"type":"Feature","properties":{"id":"adm1_15","ten":"Saravan, Laos","country":"Laos","bounds":[105.3448,15.2883,107.1547,16.5485]},"geometry":{"type":"Polygon","coordinates":[[[106.83,16.5485],[106.8736,16.5329],[106.8872,16.5156],[106.8848,16.4924],[106.8749,16.4746],[106.8855,16.4622],[106.8865,16.4509],[106.87,16.4301],[106.8862,16.4215],[106.8981,16.4258],[106.8902,16.4099],[106.8988,16.389],[106.9254,16.3677],[106.9634,16.3549],[106.9597,16.3042],[106.9701,16.3019],[107.0055,16.3132],[107.0173,16.3029],[107.0273,16.3105],[107.0449,16.2944],[107.0508,16.3045],[107.071,16.3038],[107.0852,16.3123],[107.1443,16.2709],[107.1547,16.2566],[107.1479,16.2377],[107.1529,16.2319],[107.1439,16.22],[107.1365,16.1761],[107.1153,16.1475],[107.0918,16.1318],[107.0691,16.0776],[107.0383,16.0705],[107.0197,16.0536],[106.9966,16.0489],[106.9887,16.0392],[106.951,16.0443],[106.9381,16.0285],[106.8744,16.0315],[106.8555,16.043],[106.8176,16.0493],[106.7968,16.0154],[106.7923,15.9905],[106.8044,15.9621],[106.7241,15.8882],[106.6933,15.8313],[106.6859,15.8279],[106.6722,15.7903],[106.6463,15.7747],[106.6581,15.7485],[106.6888,15.7278],[106.7018,15.7105],[106.6727,15.699],[106.6734,15.6824],[106.7013,15.6374],[106.6855,15.6074],[106.6895,15.5466],[106.6281,15.5563],[106.5937,15.5412],[106.5924,15.5306],[106.5449,15.5245],[106.4686,15.5359],[106.4581,15.5257],[106.4482,15.4952],[106.4374,15.4921],[106.3997,15.4936],[106.3713,15.5133],[106.33,15.5099],[106.3224,15.4792],[106.3086,15.4776],[106.3007,15.4697],[106.302,15.4294],[106.3105,15.4199],[106.3336,15.4164],[106.373,15.3969],[106.2839,15.3787],[106.2498,15.3589],[106.1731,15.2889],[106.1558,15.2883],[106.1387,15.3021],[106.122,15.3057],[106.1076,15.3368],[106.0871,15.3441],[106.0758,15.3557],[106.0739,15.3798],[106.0804,15.3962],[106.0964,15.4059],[106.1047,15.4196],[106.0716,15.4615],[106.0561,15.4629],[106.0369,15.4544],[106.0122,15.4564],[105.981,15.4451],[105.9671,15.456],[105.9472,15.459],[105.9452,15.452],[105.9326,15.4515],[105.9169,15.4405],[105.8541,15.4422],[105.8403,15.4357],[105.8214,15.4497],[105.804,15.4283],[105.7674,15.4433],[105.7573,15.4576],[105.7459,15.4616],[105.7293,15.4428],[105.7115,15.4405],[105.6914,15.4424],[105.6758,15.4564],[105.6502,15.457],[105.6315,15.4524],[105.6187,15.4315],[105.5957,15.4275],[105.605,15.4717],[105.5958,15.507],[105.6116,15.5445],[105.6287,15.5639],[105.6391,15.6276],[105.6376,15.6587],[105.5968,15.7237],[105.5644,15.7361],[105.5574,15.7469],[105.5332,15.7471],[105.5052,15.7646],[105.4677,15.7431],[105.4376,15.7523],[105.4221,15.7722],[105.4215,15.7872],[105.3956,15.8014],[105.3909,15.8289],[105.3448,15.9146],[105.353,15.9426],[105.3651,15.9528],[105.3807,15.9826],[105.396,15.9894],[105.426,15.9869],[105.4237,16.0051],[105.4752,16.0038],[105.5109,15.9947],[105.5422,15.9756],[105.6322,15.9532],[105.6982,15.9261],[105.7016,15.9159],[105.7112,15.9115],[105.7253,15.9157],[105.7509,15.9094],[105.7883,15.8853],[105.828,15.8935],[105.8548,15.8906],[105.8751,15.8776],[105.915,15.8839],[105.9831,15.9598],[106.0032,15.9614],[106.0672,15.9492],[106.1386,15.9861],[106.1446,15.9977],[106.1412,16.0121],[106.1224,16.0469],[106.1345,16.0737],[106.1184,16.1115],[106.1198,16.1357],[106.13,16.1589],[106.1545,16.163],[106.1639,16.1766],[106.2147,16.1772],[106.2426,16.1647],[106.2626,16.1642],[106.2957,16.1048],[106.3078,16.0997],[106.3124,16.1363],[106.3189,16.1454],[106.3873,16.1362],[106.4007,16.1468],[106.47,16.1521],[106.4885,16.1616],[106.5023,16.1794],[106.5288,16.189],[106.56,16.171],[106.5776,16.1688],[106.5873,16.1819],[106.6398,16.1948],[106.6466,16.211],[106.6368,16.2542],[106.6434,16.2881],[106.6585,16.2975],[106.6756,16.3391],[106.6929,16.3221],[106.7112,16.3183],[106.778,16.3378],[106.7923,16.3652],[106.7958,16.3943],[106.792,16.4166],[106.783,16.4226],[106.7577,16.4239],[106.7711,16.4316],[106.7747,16.4429],[106.77,16.4673],[106.7931,16.4749],[106.8017,16.4636],[106.828,16.522],[106.8236,16.529],[106.83,16.5485]]]}},{"type":"Feature","properties":{"id":"adm1_16","ten":"Savannakhét, Laos","country":"Laos","bounds":[104.7298,15.8776,106.7949,17.1167]},"geometry":{"type":"Polygon","coordinates":[[[106.425,17.0213],[106.4261,17.0069],[106.4392,16.995],[106.4589,17.0002],[106.4712,16.9835],[106.4958,16.9811],[106.5148,16.9716],[106.5302,16.979],[106.5487,17.0053],[106.5458,16.9269],[106.5186,16.9249],[106.5136,16.8976],[106.5484,16.8662],[106.5497,16.6962],[106.5628,16.6664],[106.5627,16.6452],[106.5883,16.6249],[106.5802,16.6093],[106.5852,16.6013],[106.6134,16.6064],[106.6237,16.6025],[106.6264,16.5828],[106.6317,16.5912],[106.6466,16.5941],[106.6555,16.5817],[106.6648,16.5842],[106.6608,16.574],[106.6704,16.5622],[106.6463,16.5424],[106.6458,16.5252],[106.663,16.5042],[106.6588,16.4742],[106.6718,16.4766],[106.6735,16.454],[106.683,16.4579],[106.6908,16.4513],[106.6846,16.441],[106.7256,16.4249],[106.7295,16.4291],[106.7233,16.4345],[106.7336,16.4395],[106.739,16.4107],[106.7466,16.4241],[106.783,16.4226],[106.792,16.4166],[106.7949,16.3828],[106.7855,16.3496],[106.778,16.3378],[106.7238,16.3188],[106.6929,16.3221],[106.6756,16.3391],[106.6585,16.2975],[106.6394,16.2806],[106.6377,16.2452],[106.6466,16.211],[106.6425,16.1995],[106.5873,16.1819],[106.5792,16.1692],[106.56,16.171],[106.5288,16.189],[106.5023,16.1794],[106.4885,16.1616],[106.4629,16.1502],[106.4007,16.1468],[106.3873,16.1362],[106.3189,16.1454],[106.3124,16.1363],[106.3078,16.0997],[106.2957,16.1048],[106.2626,16.1642],[106.2426,16.1647],[106.2321,16.1737],[106.2023,16.1786],[106.1639,16.1766],[106.1545,16.163],[106.13,16.1589],[106.1211,16.1429],[106.1184,16.1115],[106.1345,16.0737],[106.1221,16.0519],[106.1417,16.0102],[106.1446,15.9977],[106.1386,15.9861],[106.0672,15.9492],[106.0032,15.9614],[105.9831,15.9598],[105.915,15.8839],[105.9036,15.8804],[105.8751,15.8776],[105.8548,15.8906],[105.828,15.8935],[105.7883,15.8853],[105.7509,15.9094],[105.7253,15.9157],[105.7112,15.9115],[105.7016,15.9159],[105.6982,15.9261],[105.6322,15.9532],[105.5334,15.9787],[105.5068,15.9962],[105.4752,16.0038],[105.4237,16.0051],[105.4142,16.013],[105.3675,16.0184],[105.3542,16.0268],[105.3173,16.0268],[105.275,16.0409],[105.2145,16.0477],[105.1371,16.0777],[105.1231,16.0747],[105.1042,16.0892],[105.0865,16.0837],[105.0499,16.0998],[105.0139,16.1913],[105.0162,16.2441],[104.9915,16.2708],[104.9611,16.2896],[104.934,16.3258],[104.8948,16.344],[104.8872,16.3689],[104.8653,16.3986],[104.8636,16.424],[104.8521,16.4476],[104.7726,16.4976],[104.7385,16.5444],[104.7363,16.5687],[104.7457,16.6323],[104.7671,16.6984],[104.7617,16.7456],[104.7481,16.7668],[104.7402,16.8029],[104.7352,16.8038],[104.7598,16.8482],[104.7298,16.9151],[104.735,16.9076],[104.7301,16.92],[104.7334,16.9485],[104.7347,16.9549],[104.7508,16.9455],[104.7824,16.9038],[104.8361,16.9092],[104.8504,16.9352],[104.8273,17.0014],[104.8157,17.0082],[104.7971,16.9889],[104.7877,17.0],[104.808,17.0352],[104.8361,17.0416],[104.8375,17.0792],[104.8482,17.0887],[104.8803,17.0862],[104.9104,17.0698],[104.9221,17.0762],[104.9324,17.0975],[104.9579,17.0966],[104.9676,17.0872],[104.9943,17.0868],[105.0039,17.0892],[105.0167,17.1045],[105.0316,17.0999],[105.0511,17.0792],[105.1038,17.076],[105.1626,17.1121],[105.1844,17.1016],[105.2193,17.0573],[105.2659,17.054],[105.2781,17.0629],[105.3156,17.0529],[105.3365,17.0702],[105.3631,17.0785],[105.3723,17.0971],[105.3777,17.0876],[105.4022,17.0867],[105.4401,17.1041],[105.4826,17.1021],[105.5753,17.0601],[105.6428,17.0418],[105.651,17.0472],[105.6485,17.1015],[105.6673,17.1149],[105.6997,17.1167],[105.7573,17.1042],[105.814,17.0784],[105.851,17.0517],[105.9612,17.0494],[106.0856,17.0529],[106.119,17.0781],[106.1227,17.1042],[106.1337,17.1102],[106.1938,17.081],[106.2392,17.0354],[106.3197,17.02],[106.3415,17.0094],[106.425,17.0213]]]}},{"type":"Feature","properties":{"id":"adm1_17","ten":"Vientiane [prefecture], Laos","country":"Laos","bounds":[102.0352,17.8015,103.0999,18.4344]},"geometry":{"type":"Polygon","coordinates":[[[102.904,18.2936],[102.9876,18.2626],[102.9936,18.2585],[103.0016,18.2196],[103.0081,18.2126],[103.0287,18.2089],[103.0293,18.1864],[103.0053,18.1545],[103.0125,18.1397],[103.0352,18.1285],[103.0639,18.1742],[103.0784,18.1778],[103.0922,18.1724],[103.0999,18.1413],[103.0812,18.1121],[103.0757,18.0706],[103.0838,18.0473],[103.0806,18.0281],[103.0569,17.9943],[103.0282,17.9704],[103.0163,17.9713],[102.9793,17.9991],[102.949,18.0013],[102.9029,17.98],[102.8614,17.9708],[102.8223,17.9405],[102.7895,17.9332],[102.7606,17.8927],[102.6875,17.8664],[102.679,17.8436],[102.6973,17.8246],[102.6981,17.8153],[102.6804,17.8015],[102.6396,17.8294],[102.5983,17.8336],[102.59,17.8459],[102.6168,17.9098],[102.604,17.9556],[102.5583,17.967],[102.5335,17.9612],[102.5123,17.969],[102.4774,17.9655],[102.4269,17.9856],[102.3519,18.041],[102.3168,18.0441],[102.2894,18.054],[102.2429,18.1033],[102.1873,18.1469],[102.166,18.2015],[102.1467,18.2039],[102.136,18.2137],[102.114,18.2085],[102.0903,18.2179],[102.0508,18.1975],[102.0352,18.226],[102.0609,18.3607],[102.0564,18.3798],[102.0421,18.394],[102.0418,18.4131],[102.0611,18.4209],[102.0928,18.3983],[102.1153,18.3945],[102.1397,18.4267],[102.1947,18.4344],[102.2148,18.4302],[102.2241,18.421],[102.272,18.3378],[102.3402,18.3262],[102.3826,18.3035],[102.4367,18.3085],[102.4456,18.297],[102.4737,18.2934],[102.4938,18.2979],[102.5132,18.2764],[102.5233,18.2463],[102.5518,18.2406],[102.5719,18.2505],[102.5858,18.2407],[102.595,18.2222],[102.6039,18.2191],[102.6416,18.2339],[102.6619,18.2626],[102.7157,18.2651],[102.7834,18.2999],[102.8288,18.2991],[102.8356,18.3076],[102.8743,18.3129],[102.904,18.2936]]]}},{"type":"Feature","properties":{"id":"adm1_18","ten":"Vientiane, Laos","country":"Laos","bounds":[101.3998,17.8086,102.9119,19.4082]},"geometry":{"type":"Polygon","coordinates":[[[102.5758,19.2243],[102.5561,19.1808],[102.5183,19.1711],[102.5167,19.1585],[102.5176,19.1209],[102.5358,19.1066],[102.5422,19.0496],[102.5584,19.0197],[102.5558,18.9761],[102.5624,18.9682],[102.6053,18.9545],[102.6353,18.8964],[102.6257,18.8323],[102.6112,18.8055],[102.5969,18.7966],[102.5836,18.7627],[102.5867,18.7463],[102.6089,18.7261],[102.6207,18.695],[102.665,18.641],[102.6803,18.5832],[102.7133,18.5315],[102.7177,18.509],[102.7131,18.4934],[102.7306,18.4836],[102.7507,18.4852],[102.7917,18.4953],[102.8217,18.5107],[102.8596,18.4311],[102.8761,18.4115],[102.9015,18.3974],[102.9119,18.3619],[102.9109,18.3136],[102.904,18.2936],[102.8743,18.3129],[102.8356,18.3076],[102.8288,18.2991],[102.7834,18.2999],[102.7157,18.2651],[102.6619,18.2626],[102.6416,18.2339],[102.6039,18.2191],[102.595,18.2222],[102.5858,18.2407],[102.5719,18.2505],[102.5518,18.2406],[102.5233,18.2463],[102.5132,18.2764],[102.4938,18.2979],[102.4737,18.2934],[102.4456,18.297],[102.4367,18.3085],[102.3826,18.3035],[102.3402,18.3262],[102.272,18.3378],[102.2241,18.421],[102.2066,18.4335],[102.1397,18.4267],[102.1153,18.3945],[102.0928,18.3983],[102.0611,18.4209],[102.0535,18.4196],[102.0418,18.4131],[102.0403,18.4041],[102.0433,18.3919],[102.0585,18.3756],[102.0609,18.3607],[102.0473,18.2785],[102.036,18.2488],[102.0352,18.226],[102.0508,18.1975],[102.039,18.1626],[102.0296,18.1478],[101.9587,18.0954],[101.913,18.0322],[101.8781,18.027],[101.8575,18.0416],[101.7872,18.0694],[101.77,18.0528],[101.7602,18.0303],[101.7552,17.9996],[101.733,17.9481],[101.7364,17.9192],[101.7139,17.9005],[101.6981,17.9105],[101.652,17.8943],[101.6249,17.8917],[101.6104,17.8594],[101.5955,17.8472],[101.5797,17.867],[101.5549,17.8146],[101.5581,17.8086],[101.5327,17.826],[101.5409,17.8515],[101.5387,17.8646],[101.5006,17.8675],[101.4856,17.8776],[101.4406,17.8791],[101.4143,17.9234],[101.4184,17.9961],[101.4272,18.0181],[101.4329,18.0683],[101.4287,18.0806],[101.4077,18.0984],[101.3998,18.1312],[101.4112,18.214],[101.4585,18.2624],[101.4739,18.2867],[101.5002,18.307],[101.5353,18.3222],[101.5646,18.3799],[101.5768,18.3811],[101.5776,18.3877],[101.6228,18.4187],[101.6588,18.4631],[101.7098,18.4809],[101.754,18.5362],[101.7591,18.5554],[101.8002,18.6202],[101.8139,18.6541],[101.8243,18.7193],[101.8613,18.7904],[101.8582,18.8128],[101.8397,18.8456],[101.8207,18.8622],[101.8038,18.8633],[101.8135,18.9386],[101.81,19.045],[101.8308,19.0665],[101.8485,19.0731],[101.8726,19.1048],[101.9142,19.113],[101.9665,19.1623],[102.0005,19.2697],[102.0385,19.2768],[102.0594,19.3079],[102.0803,19.3188],[102.1001,19.3891],[102.1242,19.4006],[102.2043,19.4082],[102.2468,19.3745],[102.2769,19.3835],[102.3093,19.3625],[102.3365,19.3684],[102.3549,19.3977],[102.3994,19.3688],[102.4596,19.3681],[102.4464,19.3349],[102.4586,19.3268],[102.487,19.3232],[102.515,19.2704],[102.5758,19.2243]]]}},{"type":"Feature","properties":{"id":"adm1_19","ten":"Xékong, Laos","country":"Laos","bounds":[106.3007,15.0298,107.6329,16.2079]},"geometry":{"type":"Polygon","coordinates":[[[107.1439,16.2079],[107.1561,16.1714],[107.1931,16.1443],[107.2065,16.1455],[107.2236,16.1374],[107.2416,16.1477],[107.2535,16.1356],[107.2613,16.1371],[107.2668,16.1182],[107.2826,16.1188],[107.3057,16.0823],[107.3269,16.068],[107.3326,16.055],[107.3456,16.0624],[107.3649,16.0613],[107.3768,16.0742],[107.3877,16.0626],[107.3981,16.0625],[107.4107,16.0845],[107.4263,16.078],[107.4423,16.083],[107.4466,16.091],[107.4588,16.076],[107.4446,16.0549],[107.445,16.0407],[107.4652,16.025],[107.4508,15.9947],[107.4414,15.9919],[107.4448,15.9807],[107.4141,15.9142],[107.383,15.8882],[107.3688,15.8988],[107.3258,15.8905],[107.3141,15.8854],[107.3024,15.8678],[107.2954,15.8698],[107.2797,15.8589],[107.2705,15.8614],[107.2692,15.8531],[107.2478,15.8409],[107.2317,15.8448],[107.21,15.8298],[107.2277,15.7854],[107.217,15.7778],[107.2103,15.7464],[107.2128,15.7388],[107.2472,15.7453],[107.2522,15.7388],[107.25,15.7215],[107.2648,15.7201],[107.2754,15.6974],[107.2625,15.6578],[107.2739,15.6353],[107.2893,15.6242],[107.3165,15.6263],[107.3411,15.6146],[107.3403,15.6043],[107.3474,15.6019],[107.3513,15.5907],[107.3413,15.5757],[107.3628,15.5705],[107.3625,15.5515],[107.3818,15.4936],[107.4298,15.4899],[107.4345,15.5037],[107.4685,15.4986],[107.4808,15.489],[107.4776,15.4781],[107.5126,15.473],[107.5254,15.4406],[107.5171,15.4166],[107.559,15.3945],[107.574,15.3981],[107.6026,15.4209],[107.6219,15.4158],[107.5959,15.3829],[107.6042,15.3672],[107.6077,15.3377],[107.6329,15.3195],[107.6224,15.3113],[107.6138,15.2885],[107.6217,15.2367],[107.6312,15.231],[107.6188,15.2274],[107.6193,15.2151],[107.6006,15.2056],[107.5928,15.212],[107.5817,15.2018],[107.6242,15.1504],[107.6195,15.1358],[107.6072,15.1329],[107.621,15.1082],[107.5974,15.0879],[107.6196,15.0537],[107.6142,15.0479],[107.5931,15.051],[107.5844,15.0302],[107.5391,15.0506],[107.5032,15.0298],[107.5065,15.0694],[107.5212,15.093],[107.5168,15.1068],[107.4927,15.1213],[107.4685,15.1741],[107.4412,15.202],[107.4261,15.1983],[107.3923,15.1618],[107.37,15.1588],[107.2957,15.1853],[107.2878,15.2035],[107.2668,15.2175],[107.2446,15.2507],[107.1429,15.2802],[107.1262,15.2808],[107.0873,15.2687],[107.0671,15.245],[107.0496,15.2424],[107.0394,15.2503],[106.9942,15.2468],[106.9581,15.2287],[106.9198,15.2218],[106.9031,15.2334],[106.8701,15.2381],[106.8538,15.2538],[106.7976,15.2574],[106.7772,15.2498],[106.7647,15.233],[106.7445,15.2273],[106.7368,15.1895],[106.7183,15.1706],[106.7024,15.1397],[106.6745,15.1356],[106.672,15.1396],[106.6868,15.1552],[106.6895,15.1904],[106.6503,15.2429],[106.6039,15.2676],[106.5606,15.3074],[106.5095,15.3051],[106.4595,15.3317],[106.4187,15.39],[106.3997,15.4062],[106.379,15.4079],[106.3735,15.4],[106.3105,15.4199],[106.302,15.4294],[106.3007,15.4697],[106.3086,15.4776],[106.3224,15.4792],[106.33,15.5099],[106.3713,15.5133],[106.3997,15.4936],[106.4374,15.4921],[106.4482,15.4952],[106.4581,15.5257],[106.4686,15.5359],[106.5449,15.5245],[106.5924,15.5306],[106.5937,15.5412],[106.6281,15.5563],[106.6895,15.5466],[106.6855,15.6074],[106.7013,15.6374],[106.6734,15.6824],[106.6727,15.699],[106.7018,15.7105],[106.6888,15.7278],[106.6581,15.7485],[106.6463,15.7747],[106.6722,15.7903],[106.6859,15.8279],[106.6933,15.8313],[106.7241,15.8882],[106.8044,15.9621],[106.7923,15.9905],[106.7968,16.0154],[106.8176,16.0493],[106.8555,16.043],[106.8744,16.0315],[106.9381,16.0285],[106.9567,16.0461],[106.9887,16.0392],[106.9966,16.0489],[107.0197,16.0536],[107.0383,16.0705],[107.0691,16.0776],[107.0918,16.1318],[107.1153,16.1475],[107.1387,16.1807],[107.1439,16.2079]]]}},{"type":"Feature","properties":{"id":"adm1_20","ten":"Xaignabouri, Laos","country":"Laos","bounds":[100.406,17.4653,101.8952,19.9182]},"geometry":{"type":"Polygon","coordinates":[[[101.8201,19.0549],[101.81,19.045],[101.8135,18.9386],[101.8038,18.8633],[101.8207,18.8622],[101.8397,18.8456],[101.8582,18.8128],[101.8613,18.7904],[101.8243,18.7193],[101.8139,18.6541],[101.7962,18.6112],[101.7591,18.5554],[101.754,18.5362],[101.7142,18.485],[101.6588,18.4631],[101.6228,18.4187],[101.5776,18.3877],[101.5768,18.3811],[101.5646,18.3799],[101.5353,18.3222],[101.5002,18.307],[101.4739,18.2867],[101.4585,18.2624],[101.4112,18.214],[101.4049,18.1899],[101.3998,18.1312],[101.4077,18.0984],[101.4287,18.0806],[101.4329,18.0683],[101.4272,18.0181],[101.4184,17.9961],[101.4143,17.9234],[101.4462,17.8751],[101.4856,17.8776],[101.5006,17.8675],[101.5387,17.8646],[101.5402,17.8478],[101.5308,17.832],[101.534,17.8222],[101.5744,17.8015],[101.5809,17.7839],[101.5547,17.7878],[101.5437,17.7743],[101.5201,17.7665],[101.5078,17.755],[101.5065,17.7408],[101.4928,17.7224],[101.4865,17.7251],[101.4932,17.7431],[101.4771,17.746],[101.4837,17.7583],[101.4481,17.7267],[101.4094,17.7328],[101.4044,17.7265],[101.4082,17.7239],[101.4254,17.7233],[101.4368,17.7142],[101.4136,17.7],[101.4079,17.6807],[101.3904,17.6943],[101.3579,17.6618],[101.3158,17.6493],[101.3131,17.6329],[101.2728,17.6038],[101.2645,17.5847],[101.2545,17.5788],[101.2346,17.5342],[101.1861,17.5239],[101.1891,17.4974],[101.1726,17.4912],[101.1693,17.469],[101.1525,17.4653],[101.1488,17.4745],[101.133,17.4721],[101.1368,17.4826],[101.1114,17.4797],[101.1084,17.4901],[101.0955,17.4937],[101.1043,17.5064],[101.0819,17.5001],[101.0632,17.5097],[101.0622,17.5244],[101.0485,17.5274],[101.047,17.5428],[101.0419,17.5387],[101.0253,17.5552],[101.0058,17.5538],[100.9799,17.5697],[100.9601,17.5722],[100.9931,17.6175],[100.9936,17.6729],[101.0108,17.6981],[101.0014,17.6974],[101.0066,17.7019],[101.0074,17.724],[100.9796,17.7511],[100.9792,17.7599],[101.0037,17.7745],[101.008,17.7834],[100.9943,17.8029],[101.0026,17.8213],[101.032,17.8325],[101.0331,17.8539],[101.0188,17.8765],[101.0204,17.8892],[101.0493,17.9119],[101.0905,17.9236],[101.1051,17.9447],[101.1193,17.95],[101.1166,17.9697],[101.1238,17.9982],[101.1526,18.035],[101.163,18.0289],[101.186,18.0636],[101.1741,18.0754],[101.1627,18.1216],[101.193,18.2086],[101.182,18.2172],[101.1672,18.216],[101.1613,18.244],[101.146,18.2589],[101.161,18.2735],[101.151,18.2955],[101.1816,18.325],[101.1836,18.3374],[101.15,18.3455],[101.1256,18.3682],[101.0867,18.3798],[101.0811,18.4034],[101.0546,18.4236],[101.056,18.4398],[101.0959,18.482],[101.0937,18.4972],[101.1057,18.5196],[101.1398,18.5261],[101.1513,18.5511],[101.1848,18.5587],[101.1886,18.5772],[101.1817,18.5866],[101.1837,18.6098],[101.229,18.6272],[101.273,18.6886],[101.2511,18.7085],[101.2363,18.7098],[101.2257,18.7307],[101.2392,18.746],[101.2406,18.7622],[101.2512,18.7757],[101.2554,18.8116],[101.2448,18.8303],[101.2566,18.8629],[101.2477,18.8864],[101.2556,18.9038],[101.2768,18.9156],[101.2766,18.9282],[101.2976,18.9376],[101.2952,18.9791],[101.3075,18.9861],[101.3125,19.0004],[101.3384,19.0026],[101.3594,19.048],[101.3431,19.0674],[101.3353,19.0659],[101.2876,19.1077],[101.2587,19.1226],[101.258,19.1501],[101.2471,19.1787],[101.2531,19.1914],[101.2556,19.2376],[101.2292,19.3035],[101.2401,19.3285],[101.2304,19.3448],[101.2217,19.3419],[101.2074,19.3479],[101.189,19.3957],[101.1981,19.3973],[101.197,19.4042],[101.2171,19.4297],[101.2072,19.4565],[101.2125,19.471],[101.238,19.4756],[101.2419,19.4705],[101.2683,19.4683],[101.2697,19.5016],[101.2874,19.5253],[101.2761,19.5486],[101.29,19.5663],[101.283,19.5804],[101.2641,19.5912],[101.2484,19.5924],[101.246,19.6017],[101.2088,19.6034],[101.2,19.5751],[101.1812,19.5764],[101.1717,19.584],[101.1246,19.5706],[101.1182,19.5821],[101.0995,19.5824],[101.083,19.6016],[101.0693,19.6024],[101.0643,19.6173],[101.0372,19.6267],[101.026,19.628],[101.0163,19.6179],[100.9842,19.6253],[100.9746,19.6173],[100.9598,19.6231],[100.9183,19.6198],[100.896,19.6318],[100.8846,19.6042],[100.8606,19.579],[100.862,19.5715],[100.85,19.5664],[100.8185,19.5234],[100.7937,19.5083],[100.7738,19.4852],[100.7583,19.5021],[100.7597,19.5098],[100.6747,19.5475],[100.6622,19.5459],[100.6529,19.5549],[100.6191,19.5495],[100.6049,19.5253],[100.6012,19.495],[100.5858,19.4815],[100.5307,19.494],[100.5085,19.4858],[100.4823,19.4872],[100.4812,19.5127],[100.4726,19.5289],[100.4894,19.5658],[100.4876,19.5965],[100.4448,19.6333],[100.4434,19.6628],[100.4299,19.6713],[100.4432,19.7088],[100.4392,19.7177],[100.406,19.7397],[100.4163,19.7781],[100.4364,19.7964],[100.4631,19.7787],[100.4938,19.7775],[100.5614,19.7884],[100.5789,19.8105],[100.619,19.8079],[100.6429,19.8169],[100.6613,19.8105],[100.7059,19.8155],[100.7262,19.8462],[100.7586,19.8655],[100.7609,19.874],[100.8032,19.8901],[100.8564,19.8755],[100.9705,19.8618],[100.9909,19.8521],[100.9939,19.8346],[101.0167,19.8269],[101.0355,19.8334],[101.066,19.8301],[101.1213,19.877],[101.134,19.8803],[101.159,19.8548],[101.2486,19.8084],[101.2839,19.8126],[101.3103,19.8233],[101.3519,19.8061],[101.4518,19.8225],[101.6089,19.8178],[101.6229,19.8333],[101.5992,19.8572],[101.6032,19.8646],[101.6375,19.8703],[101.669,19.8837],[101.6901,19.9045],[101.7137,19.9182],[101.7215,19.915],[101.7313,19.8962],[101.7638,19.8724],[101.7772,19.8432],[101.7776,19.8198],[101.7675,19.8087],[101.7655,19.777],[101.7452,19.7498],[101.7448,19.7016],[101.754,19.6462],[101.7721,19.6394],[101.7998,19.6461],[101.8283,19.6676],[101.8324,19.6671],[101.8138,19.6476],[101.7996,19.6046],[101.8205,19.5413],[101.8089,19.4846],[101.8302,19.4486],[101.8573,19.4332],[101.8906,19.4252],[101.8936,19.4158],[101.8952,19.3888],[101.8515,19.3511],[101.8231,19.2916],[101.8284,19.1689],[101.8097,19.0607],[101.8201,19.0549]]]}},{"type":"Feature","properties":{"id":"adm1_21","ten":"Xaisômboun, Laos","country":"Laos","bounds":[102.5168,18.4836,103.8902,19.312]},"geometry":{"type":"Polygon","coordinates":[[[103.8855,18.8772],[103.8286,18.8547],[103.8004,18.8275],[103.7611,18.8275],[103.7415,18.8476],[103.6854,18.87],[103.6589,18.8979],[103.6048,18.9136],[103.5842,18.9411],[103.5687,18.9507],[103.4876,18.9392],[103.4848,18.8902],[103.5029,18.8477],[103.5205,18.8423],[103.5103,18.8322],[103.4819,18.827],[103.486,18.7737],[103.4993,18.743],[103.4957,18.6364],[103.4842,18.633],[103.4431,18.5935],[103.3825,18.5523],[103.2752,18.5313],[103.1687,18.5274],[103.1214,18.5134],[102.9058,18.5227],[102.832,18.5178],[102.7917,18.4953],[102.7306,18.4836],[102.712,18.4954],[102.7177,18.509],[102.7133,18.5315],[102.6803,18.5832],[102.663,18.6447],[102.6207,18.695],[102.6079,18.7275],[102.5867,18.7463],[102.5836,18.7627],[102.5969,18.7966],[102.6112,18.8055],[102.6257,18.8323],[102.6353,18.8964],[102.6053,18.9545],[102.5624,18.9682],[102.5558,18.9761],[102.5584,19.0197],[102.5422,19.0496],[102.5358,19.1066],[102.5176,19.1209],[102.5168,19.1647],[102.5183,19.1711],[102.5561,19.1808],[102.5709,19.223],[102.6037,19.23],[102.6301,19.2552],[102.7009,19.2729],[102.7476,19.312],[102.7903,19.2785],[102.8295,19.2709],[102.8385,19.2569],[102.8378,19.2421],[102.8866,19.2181],[102.9137,19.1967],[102.9235,19.1951],[102.9477,19.2084],[103.0304,19.1879],[103.0724,19.1718],[103.097,19.1468],[103.1501,19.1444],[103.2703,19.1202],[103.2799,19.1213],[103.2901,19.1361],[103.3265,19.1325],[103.3477,19.1375],[103.3484,19.1437],[103.3657,19.1385],[103.3828,19.1434],[103.4218,19.1181],[103.4343,19.1189],[103.4426,19.1432],[103.4582,19.1509],[103.5082,19.1521],[103.5815,19.086],[103.6156,19.0829],[103.6757,19.0625],[103.7086,19.0725],[103.7309,19.0704],[103.7778,19.0376],[103.8193,19.0448],[103.8443,19.0386],[103.8773,19.0198],[103.8902,18.9971],[103.8855,18.8772]]]}},{"type":"Feature","properties":{"id":"adm1_22","ten":"Xiangkhoang, Laos","country":"Laos","bounds":[102.6593,18.8145,104.2624,20.0306]},"geometry":{"type":"Polygon","coordinates":[[[104.1998,19.6968],[104.1731,19.6893],[104.1572,19.6972],[104.1525,19.6703],[104.1323,19.6625],[104.1047,19.6621],[104.0677,19.6828],[104.065,19.6638],[104.0551,19.6527],[104.065,19.6366],[104.0576,19.6202],[104.0832,19.5829],[104.1041,19.5698],[104.1055,19.5335],[104.1006,19.5223],[104.1189,19.5016],[104.1079,19.4903],[104.0906,19.4986],[104.0813,19.4693],[104.0622,19.4538],[104.0727,19.4497],[104.0675,19.4173],[104.0521,19.4193],[104.0469,19.4267],[104.0199,19.4173],[104.0099,19.4037],[103.9939,19.4067],[103.9738,19.4],[103.9549,19.3845],[103.9587,19.3758],[103.9502,19.359],[103.9172,19.3428],[103.9086,19.3325],[103.8854,19.3295],[103.8718,19.3128],[103.8849,19.301],[103.8982,19.3096],[103.9145,19.3034],[103.9232,19.2855],[103.9602,19.2522],[103.9977,19.2315],[104.0691,19.2476],[104.1015,19.214],[104.1112,19.2234],[104.129,19.2041],[104.1785,19.1978],[104.1974,19.1628],[104.2221,19.1568],[104.2095,19.1275],[104.2126,19.1211],[104.2313,19.1127],[104.2623,19.114],[104.2624,19.0973],[104.248,19.0624],[104.2535,18.9809],[104.2109,18.9507],[104.2049,18.9127],[104.1632,18.8839],[104.1255,18.8347],[104.1179,18.8149],[104.0235,18.8145],[104.0007,18.834],[103.8946,18.8787],[103.8855,18.8772],[103.8911,18.9921],[103.8832,19.013],[103.8623,19.0312],[103.8193,19.0448],[103.7778,19.0376],[103.7309,19.0704],[103.7086,19.0725],[103.6757,19.0625],[103.6156,19.0829],[103.5815,19.086],[103.5082,19.1521],[103.4811,19.1549],[103.4518,19.1483],[103.4426,19.1432],[103.4343,19.1189],[103.4113,19.1217],[103.399,19.1365],[103.3828,19.1434],[103.3657,19.1385],[103.3484,19.1437],[103.3477,19.1375],[103.3265,19.1325],[103.2901,19.1361],[103.2799,19.1213],[103.2685,19.1202],[103.1501,19.1444],[103.097,19.1468],[103.0724,19.1718],[102.9703,19.2039],[102.9477,19.2084],[102.9235,19.1951],[102.9137,19.1967],[102.8866,19.2181],[102.8378,19.2421],[102.8385,19.2569],[102.8295,19.2709],[102.7903,19.2785],[102.7595,19.3057],[102.7422,19.3119],[102.732,19.3312],[102.7236,19.3743],[102.6792,19.4121],[102.6638,19.4452],[102.6666,19.4645],[102.6593,19.501],[102.6679,19.5229],[102.7127,19.555],[102.7373,19.5909],[102.7671,19.6032],[102.8485,19.6631],[102.8701,19.6862],[102.8669,19.7193],[102.9413,19.7217],[102.9509,19.7524],[102.95,19.8173],[103.0275,19.8646],[103.0664,19.876],[103.1026,19.8742],[103.1272,19.8936],[103.1393,19.9183],[103.2234,19.9334],[103.256,19.899],[103.279,19.8952],[103.3272,19.9151],[103.38,19.8794],[103.4042,19.8916],[103.4788,19.8657],[103.4971,19.8744],[103.5124,19.8916],[103.5571,19.9054],[103.5843,19.9041],[103.6041,19.9102],[103.6193,19.9207],[103.6303,19.9391],[103.6815,19.923],[103.6881,19.9316],[103.6864,19.9849],[103.7522,20.0306],[103.8056,20.0265],[103.8813,19.9661],[103.8886,19.9452],[103.8803,19.9185],[103.8987,19.8892],[103.8709,19.8518],[103.8768,19.8451],[103.8994,19.8471],[103.927,19.8323],[103.9471,19.8075],[103.9564,19.7845],[103.9707,19.7821],[104.019,19.8027],[104.0405,19.8046],[104.0505,19.8128],[104.061,19.8459],[104.0827,19.8643],[104.0987,19.8503],[104.1382,19.8383],[104.18,19.8524],[104.1917,19.8635],[104.1954,19.8937],[104.2049,19.9023],[104.2094,19.84],[104.1844,19.7898],[104.1892,19.7608],[104.2017,19.7402],[104.1998,19.6968]]]}},{"type":"Feature","properties":{"id":"adm1_23","ten":"Bântéay Méanchey, Cambodia","country":"Cambodia","bounds":[102.3356,13.3552,103.4459,14.2481]},"geometry":{"type":"Polygon","coordinates":[[[103.4382,13.8764],[103.4274,13.8732],[103.434,13.8637],[103.4208,13.8406],[103.4286,13.8402],[103.424,13.8308],[103.4283,13.8215],[103.4355,13.8223],[103.4333,13.8144],[103.4445,13.814],[103.4319,13.8052],[103.4367,13.7981],[103.4237,13.7945],[103.4273,13.7894],[103.4309,13.7929],[103.4247,13.7863],[103.4273,13.7748],[103.4223,13.7766],[103.4256,13.771],[103.4123,13.7733],[103.4267,13.7641],[103.4254,13.752],[103.4346,13.7505],[103.4228,13.7412],[103.427,13.7381],[103.4217,13.7327],[103.4329,13.7334],[103.4241,13.728],[103.4312,13.722],[103.4232,13.7204],[103.4236,13.7068],[103.4424,13.6881],[103.4157,13.6695],[103.4164,13.6635],[103.4031,13.6528],[103.3989,13.6419],[103.4115,13.6306],[103.4001,13.6304],[103.3993,13.6214],[103.3919,13.6186],[103.4011,13.6114],[103.398,13.6051],[103.4108,13.6093],[103.4085,13.6019],[103.4176,13.5939],[103.4066,13.5856],[103.416,13.58],[103.4103,13.5787],[103.4131,13.5733],[103.4205,13.5763],[103.416,13.5681],[103.4055,13.566],[103.4116,13.5629],[103.4101,13.5559],[103.4178,13.5578],[103.4122,13.548],[103.4207,13.5401],[103.4207,13.5267],[103.4149,13.5254],[103.4168,13.5104],[103.4079,13.5114],[103.4157,13.4967],[103.4104,13.4972],[103.4111,13.4907],[103.4049,13.4956],[103.4066,13.4759],[103.4018,13.4736],[103.417,13.4602],[103.4058,13.4499],[103.3962,13.4208],[103.3968,13.4096],[103.4145,13.3859],[103.4181,13.3645],[103.3974,13.3552],[103.3561,13.3785],[103.2235,13.3845],[103.1687,13.4091],[103.1578,13.4],[103.1505,13.4091],[103.127,13.4094],[103.0612,13.3891],[103.0327,13.3936],[103.019,13.3887],[103.0048,13.3729],[102.9915,13.3766],[102.9867,13.3582],[102.9251,13.3621],[102.8629,13.3848],[102.8521,13.3797],[102.7479,13.4093],[102.6907,13.3773],[102.6898,13.4763],[102.3606,13.4729],[102.3655,13.5029],[102.3356,13.5357],[102.3416,13.5576],[102.3608,13.5631],[102.3596,13.5696],[102.3684,13.5764],[102.3947,13.5654],[102.4229,13.5696],[102.4406,13.5581],[102.4736,13.5631],[102.4819,13.5708],[102.5283,13.5626],[102.5645,13.577],[102.576,13.6019],[102.626,13.607],[102.5899,13.6268],[102.5785,13.6268],[102.5723,13.6409],[102.5501,13.6568],[102.5639,13.6813],[102.5928,13.705],[102.6904,13.7501],[102.7188,13.7728],[102.7337,13.7722],[102.734,13.7832],[102.7251,13.7911],[102.7697,13.8543],[102.7849,13.9309],[102.805,13.9411],[102.8176,13.9635],[102.8686,14.0023],[102.8819,14.0018],[102.8875,14.0086],[102.896,14.0054],[102.9134,14.0153],[102.8998,14.0498],[102.9028,14.0814],[102.9248,14.1031],[102.927,14.1301],[102.9425,14.1463],[102.9313,14.1751],[102.9423,14.1842],[102.9406,14.1927],[102.9575,14.1947],[102.9542,14.2049],[102.9646,14.2101],[102.9997,14.2125],[103.0137,14.2299],[103.0258,14.2296],[103.0346,14.2393],[103.034,14.2481],[103.0825,14.1532],[103.0857,14.1369],[103.1135,14.1131],[103.1289,14.1054],[103.1674,14.1089],[103.1885,14.1022],[103.2137,14.1066],[103.2027,14.0636],[103.189,14.0496],[103.1987,14.0358],[103.1966,14.021],[103.1735,13.9938],[103.2066,13.9353],[103.2219,13.9469],[103.2675,13.9519],[103.3312,14.0234],[103.3892,13.9323],[103.442,13.9133],[103.4392,13.9012],[103.4459,13.8962],[103.437,13.8888],[103.4382,13.8764]]]}},{"type":"Feature","properties":{"id":"adm1_24","ten":"Batdâmbâng, Cambodia","country":"Cambodia","bounds":[102.3469,12.3687,103.8993,13.4763]},"geometry":{"type":"Polygon","coordinates":[[[103.4181,13.3645],[103.4605,13.3517],[103.4665,13.3437],[103.4804,13.3512],[103.4959,13.3413],[103.5078,13.3498],[103.5267,13.3473],[103.5307,13.3376],[103.5567,13.328],[103.5621,13.3091],[103.5822,13.3102],[103.5969,13.2905],[103.6279,13.2959],[103.6494,13.291],[103.6707,13.2719],[103.6855,13.2836],[103.7089,13.2654],[103.7186,13.219],[103.7582,13.1704],[103.8393,13.1139],[103.8993,13.0584],[103.8661,13.0362],[103.787,13.0071],[103.7434,13.0061],[103.733,12.9823],[103.7202,12.971],[103.721,12.9541],[103.7325,12.9452],[103.7345,12.9301],[103.7138,12.9242],[103.7026,12.9125],[103.6977,12.8675],[103.692,12.8603],[103.6707,12.8617],[103.6453,12.8534],[103.6349,12.8431],[103.6333,12.8208],[103.6462,12.8184],[103.648,12.8126],[103.6208,12.7641],[103.6248,12.7188],[103.6382,12.6993],[103.6206,12.6753],[103.6401,12.6612],[103.6475,12.662],[103.6518,12.64],[103.6376,12.627],[103.6362,12.613],[103.643,12.6054],[103.6338,12.5952],[103.6449,12.5758],[103.624,12.5589],[103.6127,12.5238],[103.5648,12.519],[103.5247,12.5015],[103.5079,12.5036],[103.4606,12.5334],[103.4051,12.555],[103.3853,12.5564],[103.3755,12.5485],[103.3639,12.5489],[103.3625,12.558],[103.3269,12.5654],[103.3308,12.5571],[103.3092,12.559],[103.3054,12.5445],[103.2873,12.5472],[103.2498,12.5168],[103.2296,12.5244],[103.2085,12.5088],[103.1848,12.5026],[103.1624,12.4792],[103.1394,12.4871],[103.1052,12.4612],[103.0741,12.4574],[103.0696,12.4346],[103.0232,12.4449],[103.0105,12.4738],[102.9988,12.4832],[102.9841,12.4704],[102.9716,12.4453],[102.9528,12.4389],[102.9439,12.428],[102.9246,12.4325],[102.9141,12.4256],[102.9053,12.4307],[102.8756,12.3951],[102.839,12.4101],[102.8118,12.3687],[102.785,12.4008],[102.7848,12.4258],[102.7734,12.4354],[102.7668,12.4544],[102.7561,12.4538],[102.7525,12.4596],[102.7468,12.456],[102.7374,12.4655],[102.74,12.4825],[102.7332,12.4881],[102.7211,12.4859],[102.7299,12.5103],[102.7167,12.5048],[102.7064,12.5175],[102.6981,12.5178],[102.6939,12.5306],[102.6788,12.5377],[102.6861,12.5472],[102.6684,12.5624],[102.6635,12.5804],[102.6455,12.5839],[102.6471,12.609],[102.6195,12.6129],[102.5821,12.6508],[102.5694,12.6553],[102.5552,12.6499],[102.5454,12.6554],[102.5395,12.6509],[102.5209,12.6614],[102.6691,12.6873],[102.7557,12.7469],[102.754,13.024],[102.6987,13.099],[102.6899,13.0983],[102.683,13.1083],[102.67,13.1126],[102.6535,13.1137],[102.6468,13.1083],[102.6367,13.1115],[102.6372,13.1028],[102.6129,13.0941],[102.6077,13.0983],[102.5993,13.091],[102.6029,13.0838],[102.5883,13.0825],[102.5957,13.0788],[102.5814,13.0712],[102.5765,13.0597],[102.5873,13.0457],[102.5833,13.0289],[102.5895,13.0214],[102.5768,12.9959],[102.5702,12.9924],[102.5531,12.9984],[102.5395,12.9924],[102.5381,13.0001],[102.5066,13.0042],[102.4968,13.0113],[102.4624,13.0793],[102.4387,13.0858],[102.4342,13.1022],[102.418,13.1216],[102.4196,13.1353],[102.4005,13.1552],[102.3947,13.1976],[102.3721,13.2353],[102.3688,13.261],[102.351,13.2758],[102.3613,13.3119],[102.3469,13.3457],[102.3626,13.4039],[102.3585,13.4738],[102.6898,13.4763],[102.6907,13.3773],[102.7479,13.4093],[102.8521,13.3797],[102.8629,13.3848],[102.9251,13.3621],[102.9867,13.3582],[102.9915,13.3766],[103.0048,13.3729],[103.019,13.3887],[103.0327,13.3936],[103.0612,13.3891],[103.127,13.4094],[103.1505,13.4091],[103.1578,13.4],[103.1687,13.4091],[103.2235,13.3845],[103.3546,13.3788],[103.3974,13.3552],[103.4181,13.3645]]]}},{"type":"Feature","properties":{"id":"adm1_25","ten":"Kâmpóng Cham, Cambodia","country":"Cambodia","bounds":[104.8205,11.7333,105.7762,12.5001]},"geometry":{"type":"Polygon","coordinates":[[[105.735,12.4986],[105.7697,12.3956],[105.7762,12.3416],[105.7717,12.3157],[105.7421,12.2991],[105.7438,12.2679],[105.646,12.2845],[105.6074,12.3037],[105.5757,12.2916],[105.555,12.273],[105.5387,12.2321],[105.5401,12.1737],[105.5315,12.1144],[105.5096,12.0633],[105.4932,12.0572],[105.4818,12.0364],[105.4717,12.0002],[105.4699,11.9457],[105.4552,11.9133],[105.4662,11.9009],[105.4545,11.8882],[105.4445,11.8326],[105.4185,11.8261],[105.4049,11.845],[105.3913,11.8377],[105.3632,11.8559],[105.3439,11.8528],[105.3283,11.8697],[105.3093,11.8595],[105.2844,11.8566],[105.2873,11.8446],[105.2804,11.8468],[105.2765,11.8396],[105.2674,11.8389],[105.2536,11.8116],[105.1958,11.7818],[105.1824,11.7672],[105.1579,11.7609],[105.165,11.7436],[105.1606,11.7346],[105.1508,11.7333],[105.1214,11.741],[105.1019,11.7336],[105.0883,11.7494],[105.0499,11.7512],[105.0508,11.7919],[105.0669,11.8072],[105.0655,11.8157],[105.0394,11.8486],[105.0052,11.8537],[104.9918,11.8791],[104.9644,11.8563],[104.9554,11.874],[104.9404,11.8328],[104.9187,11.8082],[104.9045,11.8072],[104.8917,11.8214],[104.8735,11.8191],[104.8557,11.8322],[104.8473,11.8232],[104.8316,11.825],[104.8374,11.8679],[104.8205,11.8948],[104.8302,11.9371],[104.8463,11.9502],[104.861,11.9819],[104.878,11.9893],[104.8781,11.9846],[104.8856,11.9863],[104.8883,12.0093],[104.8956,12.0165],[104.8884,12.0302],[104.8934,12.0404],[104.8898,12.0585],[104.879,12.0728],[104.8699,12.0718],[104.8868,12.1335],[104.9024,12.1565],[104.901,12.1998],[104.8983,12.207],[104.8847,12.2061],[104.8894,12.2222],[104.8785,12.2258],[104.8731,12.2381],[104.902,12.2439],[104.9056,12.2554],[104.9188,12.2612],[104.9641,12.2558],[104.963,12.2642],[104.9719,12.2643],[104.9838,12.2557],[104.986,12.2415],[105.0114,12.2184],[105.0617,12.2249],[105.1008,12.2209],[105.1007,12.2054],[105.1146,12.2024],[105.1261,12.2064],[105.1349,12.219],[105.1476,12.2186],[105.1653,12.2092],[105.1738,12.1935],[105.1862,12.1948],[105.1933,12.1875],[105.2029,12.1987],[105.1906,12.2399],[105.1962,12.2629],[105.1725,12.2841],[105.1652,12.3147],[105.1709,12.3288],[105.1511,12.3344],[105.1308,12.3642],[105.1474,12.3777],[105.1619,12.3805],[105.1687,12.3981],[105.198,12.3905],[105.2208,12.4006],[105.238,12.3928],[105.2646,12.3982],[105.2784,12.3821],[105.3176,12.3812],[105.3313,12.3678],[105.3315,12.3563],[105.3468,12.3554],[105.3658,12.3654],[105.38,12.4064],[105.3753,12.4112],[105.3898,12.4319],[105.3953,12.4616],[105.4035,12.4669],[105.3999,12.4857],[105.4139,12.4794],[105.4177,12.4877],[105.4326,12.4863],[105.442,12.4929],[105.4546,12.4804],[105.4526,12.4746],[105.4589,12.4771],[105.467,12.4661],[105.4706,12.4715],[105.4779,12.4661],[105.4742,12.4577],[105.4855,12.462],[105.4918,12.4552],[105.4882,12.4504],[105.499,12.4479],[105.5246,12.4538],[105.5305,12.4717],[105.5479,12.4909],[105.6363,12.4937],[105.6734,12.4889],[105.7173,12.5001],[105.735,12.4986]]]}},{"type":"Feature","properties":{"id":"adm1_26","ten":"Kâmpóng Chhnang, Cambodia","country":"Cambodia","bounds":[104.1724,11.7333,104.9024,12.6286]},"geometry":{"type":"MultiPolygon","coordinates":[[[[104.8522,12.2835],[104.8785,12.2258],[104.8894,12.2222],[104.8847,12.2061],[104.8983,12.207],[104.901,12.1998],[104.9024,12.1565],[104.8868,12.1335],[104.8699,12.0718],[104.879,12.0728],[104.8898,12.0585],[104.8934,12.0404],[104.8884,12.0302],[104.8956,12.0165],[104.8883,12.0093],[104.8856,11.9863],[104.8781,11.9846],[104.878,11.9893],[104.861,11.9819],[104.8463,11.9502],[104.833,11.9442],[104.8219,11.8852],[104.8109,11.8932],[104.7869,11.8874],[104.7815,11.8791],[104.7727,11.8862],[104.7646,11.8798],[104.7726,11.8655],[104.7704,11.8511],[104.7816,11.8367],[104.7578,11.8265],[104.7271,11.8241],[104.7259,11.8155],[104.7052,11.8078],[104.6893,11.8139],[104.6733,11.803],[104.6527,11.8105],[104.643,11.8044],[104.6226,11.8048],[104.6101,11.7918],[104.5953,11.7901],[104.5535,11.7413],[104.5166,11.7333],[104.4887,11.7342],[104.4655,11.7544],[104.419,11.7595],[104.4018,11.7677],[104.3773,11.7668],[104.3364,11.8082],[104.3239,11.8273],[104.3262,11.8524],[104.3129,11.8774],[104.267,11.9122],[104.2695,11.9254],[104.2567,11.9476],[104.2645,11.9765],[104.2596,11.9944],[104.2524,12.0045],[104.2245,12.0109],[104.2179,12.0183],[104.1984,12.0935],[104.186,12.1048],[104.1861,12.1623],[104.1724,12.1774],[104.1815,12.2398],[104.212,12.2813],[104.2236,12.2898],[104.2647,12.2972],[104.2848,12.321],[104.3154,12.3242],[104.3401,12.3533],[104.3541,12.397],[104.3776,12.4152],[104.3941,12.419],[104.3815,12.4545],[104.3905,12.5189],[104.3597,12.6286],[104.4125,12.6034],[104.4162,12.5611],[104.4027,12.5549],[104.409,12.5394],[104.4322,12.5308],[104.4145,12.5482],[104.4267,12.5406],[104.4259,12.545],[104.4508,12.5247],[104.4753,12.515],[104.5033,12.5188],[104.5162,12.5429],[104.5111,12.5585],[104.5429,12.5799],[104.5953,12.6007],[104.6284,12.6058],[104.6957,12.5783],[104.7452,12.5487],[104.8203,12.5296],[104.8298,12.5191],[104.8169,12.4832],[104.8417,12.4727],[104.8294,12.4652],[104.8365,12.4484],[104.8439,12.4481],[104.8372,12.4408],[104.8438,12.4402],[104.8424,12.4317],[104.8499,12.4252],[104.8626,12.4281],[104.8676,12.409],[104.8622,12.3689],[104.8738,12.3703],[104.8852,12.3809],[104.8844,12.3908],[104.8915,12.3987],[104.8973,12.388],[104.8947,12.3744],[104.9011,12.3681],[104.8917,12.3526],[104.894,12.3413],[104.8634,12.3237],[104.854,12.3025],[104.8522,12.2835]]],[[[104.4788,12.5276],[104.4858,12.5298],[104.49,12.5203],[104.4788,12.5276]]]]}},{"type":"Feature","properties":{"id":"adm1_27","ten":"Kâmpóng Spœ, Cambodia","country":"Cambodia","bounds":[103.7748,11.0773,104.7932,12.0754]},"geometry":{"type":"Polygon","coordinates":[[[104.7264,11.8237],[104.7512,11.8201],[104.7516,11.7993],[104.6871,11.6402],[104.6777,11.5942],[104.6794,11.5594],[104.6621,11.4944],[104.656,11.4356],[104.6782,11.4208],[104.6903,11.4359],[104.7028,11.4281],[104.7219,11.4385],[104.7426,11.4253],[104.7502,11.4237],[104.7538,11.431],[104.7681,11.4205],[104.7736,11.4302],[104.7731,11.4207],[104.7836,11.4212],[104.7801,11.4156],[104.7868,11.4163],[104.7867,11.4239],[104.7932,11.4192],[104.7113,11.3204],[104.6858,11.1689],[104.6852,11.0893],[104.6428,11.0851],[104.6359,11.0773],[104.5388,11.106],[104.5155,11.1303],[104.4859,11.1223],[104.4603,11.1227],[104.4446,11.1314],[104.4291,11.1271],[104.4084,11.1358],[104.3981,11.1477],[104.3885,11.1362],[104.369,11.1315],[104.3416,11.1392],[104.3073,11.102],[104.2939,11.1041],[104.2471,11.0921],[104.2141,11.0934],[104.1935,11.1018],[104.1625,11.1451],[104.1475,11.152],[104.1042,11.2068],[104.1016,11.2419],[104.0906,11.272],[104.1055,11.2951],[104.1051,11.326],[104.0868,11.3646],[104.0708,11.3691],[104.051,11.3851],[104.0539,11.4003],[104.0447,11.4147],[104.042,11.4337],[104.0488,11.447],[104.0654,11.4576],[104.0541,11.4943],[104.026,11.5002],[104.0032,11.5286],[103.939,11.5151],[103.9278,11.5347],[103.9175,11.5359],[103.9124,11.5519],[103.8616,11.5719],[103.8644,11.5782],[103.8397,11.5941],[103.8195,11.6178],[103.7961,11.6216],[103.8031,11.677],[103.775,11.7186],[103.7842,11.7494],[103.7748,11.7727],[103.794,11.79],[103.7942,11.8018],[103.785,11.8087],[103.7854,11.8479],[103.832,11.8343],[103.8766,11.8469],[103.8742,11.8601],[103.8934,11.8836],[103.9223,11.8963],[103.9186,11.9298],[103.9363,11.9341],[103.9443,11.9426],[103.9755,11.9339],[103.9941,11.9006],[104.0199,11.8994],[104.0436,11.9204],[104.0603,11.9198],[104.0644,11.9258],[104.0515,11.9553],[104.059,11.967],[104.0745,11.9675],[104.0787,11.983],[104.0893,11.9807],[104.0986,12.0205],[104.0946,12.0375],[104.1053,12.0366],[104.1165,12.0458],[104.1447,12.0419],[104.1508,12.0492],[104.1823,12.0364],[104.1827,12.0515],[104.2008,12.0754],[104.2211,12.0135],[104.2524,12.0045],[104.2596,11.9944],[104.2645,11.9765],[104.2567,11.9476],[104.2695,11.9254],[104.2675,11.911],[104.3129,11.8774],[104.3262,11.8524],[104.3244,11.8261],[104.3773,11.7668],[104.4018,11.7677],[104.419,11.7595],[104.4655,11.7544],[104.4887,11.7342],[104.5339,11.7357],[104.5379,11.7417],[104.5535,11.7413],[104.5953,11.7901],[104.6101,11.7918],[104.6226,11.8048],[104.643,11.8044],[104.6527,11.8105],[104.6733,11.803],[104.6893,11.8139],[104.7052,11.8078],[104.7259,11.8155],[104.7264,11.8237]]]}},{"type":"Feature","properties":{"id":"adm1_28","ten":"Kâmpóng Thum, Cambodia","country":"Cambodia","bounds":[104.185,12.1875,105.735,13.4478]},"geometry":{"type":"Polygon","coordinates":[[[105.5882,13.2489],[105.5891,13.2079],[105.6057,13.1506],[105.6361,13.1283],[105.6484,13.1103],[105.6319,13.0573],[105.6503,13.0051],[105.6434,12.9808],[105.6786,12.9525],[105.671,12.932],[105.656,12.9181],[105.6622,12.902],[105.679,12.8943],[105.6911,12.864],[105.684,12.8427],[105.6721,12.8305],[105.6855,12.8091],[105.68,12.8048],[105.677,12.7784],[105.6866,12.7722],[105.698,12.7463],[105.6918,12.7205],[105.7132,12.6913],[105.7232,12.6372],[105.7178,12.5948],[105.735,12.4986],[105.7173,12.5001],[105.6734,12.4889],[105.6363,12.4937],[105.5479,12.4909],[105.5305,12.4717],[105.5246,12.4538],[105.499,12.4479],[105.4882,12.4504],[105.4918,12.4552],[105.4855,12.462],[105.4742,12.4577],[105.4779,12.4661],[105.4706,12.4715],[105.467,12.4661],[105.4589,12.4771],[105.4526,12.4746],[105.4546,12.4804],[105.442,12.4929],[105.4326,12.4863],[105.4177,12.4877],[105.4139,12.4794],[105.3999,12.4857],[105.4035,12.4669],[105.3953,12.4616],[105.3898,12.4319],[105.3753,12.4112],[105.38,12.4064],[105.3658,12.3654],[105.3468,12.3554],[105.3315,12.3563],[105.3313,12.3678],[105.3176,12.3812],[105.2784,12.3821],[105.2646,12.3982],[105.238,12.3928],[105.2208,12.4006],[105.198,12.3905],[105.1687,12.3981],[105.1619,12.3805],[105.1474,12.3777],[105.1308,12.3642],[105.1511,12.3344],[105.1709,12.3288],[105.1652,12.3147],[105.1725,12.2841],[105.1962,12.2629],[105.1906,12.2399],[105.2029,12.1987],[105.1933,12.1875],[105.1862,12.1948],[105.1738,12.1935],[105.1653,12.2092],[105.1476,12.2186],[105.1349,12.219],[105.1261,12.2064],[105.1146,12.2024],[105.1007,12.2054],[105.1008,12.2209],[105.0617,12.2249],[105.0114,12.2184],[104.986,12.2415],[104.9838,12.2557],[104.9719,12.2643],[104.963,12.2642],[104.9641,12.2558],[104.9188,12.2612],[104.9056,12.2554],[104.902,12.2439],[104.8731,12.2381],[104.8522,12.2835],[104.854,12.3025],[104.8634,12.3237],[104.894,12.3413],[104.8917,12.3526],[104.9011,12.3681],[104.8947,12.3744],[104.8973,12.388],[104.8915,12.3987],[104.8844,12.3908],[104.8852,12.3809],[104.8738,12.3703],[104.8622,12.3689],[104.8676,12.409],[104.8626,12.4281],[104.8499,12.4252],[104.8424,12.4317],[104.8438,12.4402],[104.8372,12.4408],[104.8439,12.4481],[104.8365,12.4484],[104.8294,12.4652],[104.8417,12.4727],[104.8169,12.4832],[104.8298,12.5191],[104.8203,12.5296],[104.7452,12.5487],[104.6957,12.5783],[104.6284,12.6058],[104.5953,12.6007],[104.5429,12.5799],[104.5111,12.5585],[104.5162,12.5429],[104.5033,12.5188],[104.4753,12.515],[104.4508,12.5247],[104.4259,12.545],[104.4267,12.5406],[104.4145,12.5482],[104.4322,12.5308],[104.4076,12.541],[104.4032,12.5561],[104.4162,12.5611],[104.4125,12.6034],[104.2002,12.698],[104.185,12.7332],[104.2102,12.7631],[104.2173,12.792],[104.2226,12.7981],[104.2308,12.7966],[104.2336,12.8129],[104.2704,12.8549],[104.2703,12.8644],[104.2786,12.8627],[104.283,12.8739],[104.3054,12.8758],[104.3102,12.884],[104.3614,12.8991],[104.3833,12.9433],[104.4036,12.9558],[104.4246,12.984],[104.4418,12.9833],[104.4466,12.9952],[104.4581,13.0021],[104.4628,13.0091],[104.4547,13.0187],[104.454,13.0345],[104.4612,13.0494],[104.4676,13.0459],[104.4732,13.1525],[104.4823,13.1765],[104.5508,13.2049],[104.5666,13.2492],[104.6559,13.2718],[104.7116,13.304],[104.7268,13.3023],[104.7342,13.3086],[104.7606,13.312],[104.7779,13.2999],[104.8369,13.3071],[104.8947,13.3057],[104.9044,13.2812],[104.8765,13.2174],[104.8787,13.1676],[104.8903,13.1545],[104.8895,13.1381],[104.914,13.1008],[104.9469,13.0622],[104.9676,13.0535],[104.9865,13.059],[105.0608,13.1127],[105.1443,13.1621],[105.1655,13.1823],[105.1923,13.2269],[105.2384,13.2554],[105.2801,13.2723],[105.3604,13.3618],[105.4495,13.3997],[105.4813,13.4195],[105.5256,13.4315],[105.5393,13.4478],[105.5473,13.4364],[105.5527,13.4071],[105.5469,13.3666],[105.55,13.2762],[105.5698,13.2681],[105.5882,13.2489]],[[104.4858,12.5298],[104.4788,12.5276],[104.49,12.5203],[104.4858,12.5298]]]}},{"type":"Feature","properties":{"id":"adm1_29","ten":"Kâmpôt, Cambodia","country":"Cambodia","bounds":[103.9167,10.4121,104.7271,11.1708]},"geometry":{"type":"MultiPolygon","coordinates":[[[[104.0798,11.1708],[104.1625,11.1451],[104.1935,11.1018],[104.2141,11.0934],[104.2471,11.0921],[104.3129,11.1038],[104.3416,11.1392],[104.369,11.1315],[104.3885,11.1362],[104.3981,11.1477],[104.4107,11.1369],[104.4106,11.0768],[104.4321,11.0809],[104.4554,11.0692],[104.4554,11.0572],[104.4613,11.063],[104.4687,11.0563],[104.488,11.0702],[104.4871,11.059],[104.4998,11.0577],[104.5231,11.0239],[104.5417,10.9634],[104.5412,10.9294],[104.5225,10.8938],[104.536,10.8865],[104.5853,10.8856],[104.6317,10.9045],[104.6542,10.9066],[104.6737,10.8982],[104.7066,10.8385],[104.7059,10.8063],[104.7271,10.7802],[104.7042,10.7649],[104.7021,10.7397],[104.6708,10.695],[104.6735,10.6211],[104.7097,10.6173],[104.7064,10.5852],[104.7128,10.5788],[104.7116,10.5486],[104.718,10.5336],[104.659,10.5409],[104.6436,10.5405],[104.6394,10.5323],[104.627,10.5311],[104.6046,10.5407],[104.5893,10.5375],[104.5802,10.5226],[104.581,10.5047],[104.5564,10.4998],[104.553,10.4942],[104.5472,10.4598],[104.5351,10.4494],[104.5314,10.4532],[104.5197,10.4487],[104.5082,10.4208],[104.4935,10.4121],[104.4796,10.4299],[104.4389,10.4236],[104.4261,10.4439],[104.4156,10.4439],[104.4257,10.458],[104.4151,10.4659],[104.4196,10.4696],[104.4161,10.474],[104.4057,10.4666],[104.4007,10.4697],[104.4084,10.4828],[104.4038,10.4795],[104.3988,10.4867],[104.4023,10.4933],[104.4087,10.4941],[104.4112,10.487],[104.4217,10.4931],[104.4148,10.4978],[104.419,10.5007],[104.4138,10.5181],[104.3996,10.5238],[104.3849,10.5421],[104.3855,10.5676],[104.3793,10.5747],[104.3735,10.5689],[104.3694,10.5772],[104.2936,10.5759],[104.2761,10.5905],[104.2658,10.5492],[104.2458,10.5708],[104.2283,10.5664],[104.214,10.5703],[104.2164,10.5575],[104.2024,10.5598],[104.18,10.5389],[104.1703,10.545],[104.1664,10.5685],[104.1514,10.5589],[104.1342,10.5625],[104.1019,10.5461],[104.0564,10.5478],[103.9771,10.5827],[103.9412,10.5868],[103.9296,10.5954],[103.9206,10.6077],[103.9331,10.615],[103.9314,10.6211],[103.9415,10.6152],[103.9531,10.623],[103.9679,10.6698],[103.9576,10.7071],[103.9461,10.7117],[103.9248,10.7475],[103.9223,10.7679],[103.9347,10.7788],[103.9338,10.8017],[103.946,10.8209],[103.9233,10.851],[103.9326,10.8623],[103.9183,10.8757],[103.9252,10.8962],[103.9336,10.9012],[103.935,10.9383],[103.9196,10.9454],[103.9167,10.9545],[103.9731,10.9929],[103.9964,11.0194],[104.0178,11.0194],[104.0226,11.0085],[104.0465,11.0126],[104.0739,11.0279],[104.0756,11.0414],[104.0598,11.0598],[104.0777,11.0724],[104.07,11.1071],[104.0712,11.1468],[104.0529,11.1698],[104.0798,11.1708]]],[[[104.2193,10.5674],[104.2256,10.5658],[104.2272,10.5631],[104.2206,10.5611],[104.2193,10.5674]]],[[[104.1649,10.5643],[104.1653,10.5528],[104.1544,10.5569],[104.1581,10.5622],[104.1649,10.5643]]]]}},{"type":"Feature","properties":{"id":"adm1_30","ten":"Kândal, Cambodia","country":"Cambodia","bounds":[104.6563,10.8984,105.2971,11.8932]},"geometry":{"type":"Polygon","coordinates":[[[104.8109,11.8932],[104.8374,11.8679],[104.8339,11.8225],[104.8523,11.8248],[104.8557,11.8322],[104.8735,11.8191],[104.8917,11.8214],[104.9107,11.8061],[104.9194,11.8085],[104.9404,11.8328],[104.9554,11.874],[104.9644,11.8563],[104.9871,11.88],[104.9924,11.8789],[105.0052,11.8537],[105.0394,11.8486],[105.0655,11.8157],[105.0669,11.8072],[105.0508,11.7919],[105.0499,11.7512],[105.0883,11.7494],[105.1019,11.7336],[105.1214,11.741],[105.1606,11.7346],[105.1548,11.7261],[105.1569,11.7072],[105.1485,11.7055],[105.1476,11.6988],[105.1342,11.6986],[105.1292,11.6764],[105.1216,11.669],[105.1325,11.6505],[105.1115,11.6408],[105.112,11.6325],[105.1032,11.6232],[105.1124,11.6124],[105.1182,11.5758],[105.1135,11.5696],[105.122,11.5536],[105.1347,11.5484],[105.1286,11.5347],[105.145,11.526],[105.1591,11.5311],[105.1846,11.5168],[105.199,11.5218],[105.2121,11.5025],[105.2139,11.4875],[105.228,11.4852],[105.227,11.4726],[105.2373,11.4617],[105.2555,11.4508],[105.2631,11.4574],[105.2705,11.4491],[105.2787,11.4581],[105.2868,11.4488],[105.2828,11.4418],[105.2971,11.4243],[105.256,11.39],[105.2601,11.3572],[105.274,11.3208],[105.281,11.2512],[105.2622,11.2023],[105.2458,11.1883],[105.2452,11.1611],[105.234,11.1298],[105.1942,11.0873],[105.1968,11.0271],[105.1836,10.9557],[105.1892,10.9132],[105.1563,10.9235],[105.1016,10.9208],[105.1173,10.9447],[105.1168,10.9616],[105.0964,10.9548],[105.0769,10.9596],[105.0745,10.9446],[105.0491,10.9311],[105.0357,10.8984],[105.0321,10.9072],[105.0425,10.9268],[105.031,10.9611],[105.0306,10.9901],[104.996,10.9972],[104.9906,11.0064],[104.9979,11.028],[104.9925,11.0358],[104.9958,11.055],[105.0014,11.0568],[105.0108,11.0937],[105.0179,11.0989],[105.0194,11.156],[105.0264,11.1606],[105.0122,11.1593],[105.0177,11.1726],[104.9867,11.1734],[104.9797,11.1826],[104.9853,11.2033],[104.9806,11.2205],[104.9339,11.25],[104.9271,11.2694],[104.9397,11.2978],[104.9387,11.3279],[104.9278,11.3249],[104.9097,11.3423],[104.8934,11.3487],[104.8761,11.346],[104.8721,11.351],[104.8533,11.341],[104.8378,11.3412],[104.8008,11.3523],[104.7552,11.336],[104.7332,11.35],[104.7829,11.4031],[104.7929,11.4229],[104.7867,11.4239],[104.7868,11.4163],[104.7808,11.4152],[104.7836,11.4212],[104.7731,11.4207],[104.777,11.427],[104.7736,11.4302],[104.7676,11.4205],[104.7538,11.431],[104.7502,11.4237],[104.7364,11.4269],[104.7207,11.4385],[104.7028,11.4281],[104.6903,11.4359],[104.6782,11.4208],[104.6563,11.4345],[104.6621,11.4944],[104.6794,11.5594],[104.6777,11.5942],[104.6871,11.6402],[104.7516,11.7993],[104.7512,11.8201],[104.7377,11.8252],[104.7578,11.8265],[104.7825,11.8378],[104.7704,11.8511],[104.7726,11.8655],[104.7646,11.8798],[104.7727,11.8862],[104.7804,11.8789],[104.7869,11.8874],[104.8109,11.8932]],[[104.9241,11.6718],[104.8582,11.6713],[104.8682,11.6586],[104.8426,11.6398],[104.8419,11.6528],[104.8295,11.6467],[104.8224,11.6601],[104.8154,11.65],[104.8057,11.6502],[104.806,11.6382],[104.7958,11.6361],[104.7981,11.6238],[104.7893,11.6165],[104.7838,11.5497],[104.7955,11.5479],[104.8018,11.5305],[104.8145,11.5325],[104.8216,11.5175],[104.8204,11.5091],[104.7934,11.5024],[104.7827,11.4484],[104.7997,11.4433],[104.8015,11.4331],[104.8099,11.4293],[104.8177,11.4312],[104.8206,11.4428],[104.8373,11.4395],[104.8394,11.4456],[104.8599,11.4528],[104.8662,11.4588],[104.8614,11.4638],[104.8656,11.471],[104.8772,11.477],[104.8918,11.4715],[104.8905,11.4658],[104.9007,11.4564],[104.9059,11.4598],[104.9161,11.4456],[104.9231,11.4509],[104.9217,11.4837],[104.9471,11.4931],[104.9605,11.4908],[104.9752,11.5013],[104.9598,11.5529],[104.9463,11.5625],[104.9429,11.5915],[104.9192,11.6543],[104.9241,11.6718]]]}},{"type":"Feature","properties":{"id":"adm1_31","ten":"Kaôh Kong, Cambodia","country":"Cambodia","bounds":[102.7814,9.9146,104.1475,12.1142]},"geometry":{"type":"MultiPolygon","coordinates":[[[[103.8589,11.8418],[103.8295,11.8344],[103.7854,11.8479],[103.785,11.8087],[103.7942,11.8018],[103.794,11.79],[103.7748,11.7727],[103.7842,11.7494],[103.7749,11.7201],[103.8031,11.677],[103.7958,11.6224],[103.8195,11.6178],[103.8397,11.5941],[103.8644,11.5782],[103.8616,11.5719],[103.9124,11.5519],[103.9175,11.5359],[103.9278,11.5347],[103.939,11.5151],[104.0032,11.5286],[104.026,11.5002],[104.0527,11.4951],[104.0589,11.4853],[104.0654,11.4576],[104.0488,11.447],[104.042,11.4337],[104.0539,11.4003],[104.051,11.3851],[104.0708,11.3691],[104.0868,11.3646],[104.1051,11.326],[104.1055,11.2951],[104.0906,11.272],[104.1016,11.2419],[104.1042,11.2068],[104.1475,11.152],[104.0798,11.1708],[104.0529,11.1698],[104.0712,11.1468],[104.07,11.1071],[104.0777,11.0724],[104.0598,11.0598],[104.0756,11.0414],[104.0739,11.0279],[104.0465,11.0126],[104.0226,11.0085],[104.0178,11.0194],[103.9964,11.0194],[103.9731,10.9929],[103.9147,10.9492],[103.818,10.9012],[103.7876,10.9154],[103.7603,10.8222],[103.6939,10.7483],[103.6822,10.7444],[103.6629,10.7503],[103.6578,10.7681],[103.6658,10.7686],[103.6716,10.7789],[103.6739,10.8095],[103.7007,10.824],[103.7083,10.8372],[103.7119,10.8737],[103.7032,10.9139],[103.6835,10.9606],[103.6578,10.9969],[103.6656,11.0058],[103.6639,11.0222],[103.6478,11.0522],[103.6614,11.06],[103.6836,11.0592],[103.6939,11.0672],[103.7053,11.0647],[103.7005,11.0717],[103.69,11.0725],[103.7217,11.1125],[103.7453,11.1264],[103.7628,11.1267],[103.7758,11.1386],[103.7847,11.1294],[103.7839,11.1392],[103.775,11.1403],[103.7664,11.1367],[103.7608,11.1278],[103.75,11.1306],[103.7306,11.1245],[103.7255,11.1214],[103.6904,11.0893],[103.6842,11.0717],[103.6686,11.0633],[103.6592,11.0692],[103.6586,11.0803],[103.6271,11.0889],[103.6136,11.085],[103.5925,11.0933],[103.5547,11.1569],[103.5542,11.1672],[103.5142,11.1686],[103.4808,11.1453],[103.4825,11.1583],[103.4767,11.1606],[103.4808,11.1558],[103.4706,11.1308],[103.4436,11.1017],[103.435,11.0978],[103.4322,11.1067],[103.4228,11.1058],[103.4317,11.1053],[103.435,11.0964],[103.4644,11.1053],[103.4697,11.1008],[103.4664,11.0871],[103.4494,11.0717],[103.4464,11.0433],[103.4114,10.9606],[103.4247,10.8917],[103.4084,10.8925],[103.4099,10.885],[103.4063,10.8895],[103.3858,10.875],[103.3681,10.88],[103.354,10.8648],[103.3385,10.8967],[103.3127,10.9084],[103.3111,10.9148],[103.2872,10.9159],[103.2883,10.9215],[103.2732,10.9324],[103.2785,10.9222],[103.2445,10.9177],[103.2107,10.8836],[103.2253,10.8822],[103.1828,10.8697],[103.1821,10.8569],[103.1554,10.8735],[103.1471,10.8724],[103.1429,10.8617],[103.1229,10.8698],[103.1175,10.8778],[103.1288,10.8753],[103.1309,10.8913],[103.1225,10.9034],[103.0981,10.9175],[103.0958,10.9478],[103.1086,10.9656],[103.1089,11.0022],[103.0967,11.0753],[103.0886,11.0792],[103.0936,11.0842],[103.099,11.0773],[103.1064,11.0797],[103.1172,11.0994],[103.1108,11.1467],[103.1223,11.1445],[103.1242,11.1364],[103.1269,11.1333],[103.1375,11.135],[103.1281,11.1294],[103.1256,11.1186],[103.1278,11.1133],[103.1292,11.1294],[103.1391,11.1339],[103.1358,11.1381],[103.1272,11.1344],[103.1211,11.1472],[103.1078,11.1519],[103.092,11.1994],[103.0778,11.2222],[103.0533,11.2153],[103.0464,11.2231],[103.0711,11.2386],[103.065,11.255],[103.0767,11.2694],[103.07,11.2853],[103.0883,11.2861],[103.0894,11.2792],[103.0956,11.2739],[103.0867,11.2697],[103.0879,11.2617],[103.0833,11.2619],[103.0883,11.2608],[103.0899,11.2706],[103.0975,11.2728],[103.0911,11.2814],[103.0919,11.3],[103.1047,11.2983],[103.1183,11.3086],[103.1197,11.3181],[103.1331,11.3117],[103.1439,11.3179],[103.1444,11.2922],[103.1592,11.2978],[103.1622,11.2956],[103.1636,11.29],[103.1658,11.2886],[103.1606,11.2992],[103.1469,11.3006],[103.1494,11.3149],[103.1339,11.3397],[103.1347,11.3489],[103.1075,11.3422],[103.0947,11.3514],[103.0854,11.3956],[103.0908,11.4],[103.077,11.4224],[103.075,11.415],[103.0709,11.4199],[103.0749,11.4339],[103.0842,11.4333],[103.0892,11.4367],[103.0936,11.4431],[103.0794,11.4381],[103.1164,11.4639],[103.1314,11.4611],[103.1542,11.4364],[103.1345,11.4633],[103.1436,11.4847],[103.1271,11.4956],[103.1294,11.48],[103.11,11.4694],[103.0958,11.4781],[103.0819,11.4778],[103.0864,11.4856],[103.0794,11.4925],[103.0528,11.5017],[103.0511,11.5119],[103.0617,11.5186],[103.0475,11.5142],[103.04,11.5242],[103.0406,11.5506],[103.0508,11.5397],[103.0461,11.5481],[103.0525,11.5617],[103.0425,11.5542],[103.0389,11.5664],[103.0453,11.5742],[103.0417,11.5861],[103.0508,11.585],[103.0467,11.5894],[103.0403,11.5861],[103.0394,11.5725],[103.0322,11.5972],[103.0272,11.5975],[103.0344,11.5872],[103.0289,11.5819],[103.035,11.5806],[103.0372,11.55],[103.0353,11.5453],[103.0283,11.5497],[103.0344,11.5433],[103.0206,11.5459],[103.0135,11.5628],[103.0164,11.5458],[102.9986,11.5422],[102.9983,11.5642],[102.994,11.5426],[102.9839,11.5467],[102.9953,11.5364],[102.9875,11.5256],[102.9625,11.5344],[102.9664,11.5408],[102.9603,11.5411],[102.9608,11.535],[102.9816,11.5192],[102.9692,11.5233],[102.955,11.5397],[102.95,11.5522],[102.9631,11.5692],[102.9767,11.5569],[102.9833,11.5597],[102.9685,11.5721],[102.9808,11.6372],[103.0008,11.6331],[103.005,11.6372],[103.0033,11.625],[103.0114,11.6197],[103.0331,11.6244],[103.0402,11.6325],[103.0292,11.6243],[103.02,11.6272],[103.0114,11.6211],[103.0072,11.6264],[103.0125,11.6336],[103.0022,11.645],[102.9842,11.6494],[102.9883,11.66],[102.9825,11.6594],[102.9836,11.6669],[102.9811,11.6606],[102.9844,11.652],[102.9815,11.6429],[102.9791,11.6432],[102.9744,11.6569],[102.9711,11.66],[102.977,11.6381],[102.9708,11.6328],[102.9639,11.6431],[102.9619,11.6736],[102.9717,11.6817],[102.9844,11.7032],[102.9675,11.7067],[102.9722,11.7217],[102.9552,11.7429],[102.9505,11.7627],[102.9101,11.7891],[102.9076,11.8051],[102.8917,11.8308],[102.9058,11.7881],[102.9331,11.765],[102.9475,11.7614],[102.9528,11.7358],[102.9658,11.7236],[102.9567,11.7011],[102.9555,11.6554],[102.9472,11.6506],[102.9594,11.6486],[102.9539,11.6342],[102.9639,11.6189],[102.9556,11.5658],[102.94,11.5875],[102.9328,11.5861],[102.9361,11.6125],[102.9252,11.6297],[102.9189,11.63],[102.9106,11.6491],[102.9152,11.653],[102.9114,11.7457],[102.9045,11.7687],[102.8933,11.7859],[102.8818,11.7901],[102.8852,11.7982],[102.8668,11.8062],[102.8626,11.8239],[102.8534,11.8262],[102.8342,11.8557],[102.8202,11.8922],[102.8165,11.933],[102.801,11.949],[102.782,11.9889],[102.7814,12.02],[102.7996,12.0116],[102.9744,12.0004],[103.1165,11.945],[103.1618,11.9419],[103.2004,11.9617],[103.2252,11.955],[103.2319,11.9734],[103.255,11.9715],[103.2698,11.9867],[103.2921,11.978],[103.3132,11.984],[103.332,12.0174],[103.3641,12.028],[103.366,12.0596],[103.3885,12.0702],[103.3825,12.0874],[103.3935,12.1062],[103.4018,12.107],[103.435,12.0849],[103.477,12.1142],[103.4929,12.0968],[103.5097,12.1039],[103.5391,12.0932],[103.5381,12.0832],[103.5852,12.0515],[103.6061,12.0226],[103.635,12.012],[103.6377,12.0004],[103.6293,11.993],[103.638,11.9842],[103.6511,11.982],[103.6758,11.9642],[103.6983,11.9618],[103.7016,11.945],[103.6959,11.9399],[103.7148,11.9278],[103.7232,11.9262],[103.7426,11.9385],[103.7585,11.9246],[103.7721,11.9325],[103.7903,11.9299],[103.832,11.8787],[103.8435,11.8532],[103.8589,11.8418]]],[[[102.9256,11.7739],[102.9278,11.7744],[102.9292,11.7714],[102.9256,11.7739]]],[[[102.9341,11.7657],[102.9389,11.7668],[102.9422,11.7653],[102.9341,11.7657]]],[[[102.9675,11.7125],[102.9647,11.7103],[102.9669,11.7147],[102.9675,11.7125]]],[[[102.9697,11.7039],[102.9636,11.7017],[102.9668,11.7061],[102.9697,11.7039]]],[[[102.9739,11.6998],[102.9653,11.6867],[102.9697,11.7019],[102.9739,11.6998]]],[[[102.9711,11.6828],[102.9658,11.6797],[102.9711,11.6844],[102.9711,11.6828]]],[[[103.0222,11.6236],[103.0242,11.6247],[103.025,11.6239],[103.0222,11.6236]]],[[[103.0144,11.5417],[103.0264,11.5425],[103.0283,11.5403],[103.0144,11.5417]]],[[[103.0317,11.5203],[103.0264,11.5244],[103.0367,11.5339],[103.0378,11.5306],[103.0317,11.5203]]],[[[103.0211,11.5292],[103.0239,11.5125],[103.0144,11.5097],[103.0217,11.51],[103.015,11.5047],[103.0156,11.4967],[103.0272,11.5122],[103.0356,11.5017],[103.0267,11.4986],[103.0378,11.4953],[103.0264,11.4844],[103.0381,11.4919],[103.0417,11.4822],[103.0328,11.4811],[103.068,11.4764],[103.0714,11.4703],[103.0698,11.4662],[103.0633,11.4697],[103.0522,11.4639],[103.0456,11.4531],[103.0386,11.4703],[103.0344,11.4714],[103.0425,11.4603],[103.0433,11.445],[103.0183,11.4208],[103.0117,11.4331],[103.0142,11.4583],[102.9831,11.5072],[102.9961,11.5242],[103.01,11.5283],[103.0103,11.5169],[103.013,11.5281],[103.0211,11.5292]]],[[[103.0336,11.5128],[103.0394,11.5139],[103.0367,11.5108],[103.0336,11.5128]]],[[[103.0472,11.5072],[103.0523,11.4979],[103.0778,11.49],[103.0739,11.4797],[103.0476,11.4807],[103.0403,11.5053],[103.0472,11.5072]]],[[[103.1356,11.4869],[103.1414,11.4828],[103.1378,11.4772],[103.1155,11.4672],[103.1307,11.479],[103.1356,11.4869]]],[[[103.0962,11.476],[103.1075,11.4689],[103.1119,11.4683],[103.0981,11.4625],[103.0962,11.476]]],[[[103.0833,11.4725],[103.0967,11.4603],[103.1078,11.4617],[103.0956,11.4564],[103.0864,11.4586],[103.0786,11.4583],[103.0731,11.4633],[103.0722,11.4697],[103.0829,11.4628],[103.0833,11.4725]]],[[[103.1339,11.4714],[103.1344,11.4661],[103.1325,11.4642],[103.1275,11.4681],[103.1339,11.4714]]],[[[103.0639,11.4664],[103.0733,11.4614],[103.0717,11.4525],[103.0469,11.4478],[103.0506,11.4611],[103.0639,11.4664]]],[[[103.0769,11.4581],[103.0867,11.4575],[103.0903,11.4544],[103.0775,11.4536],[103.0847,11.4478],[103.0736,11.4481],[103.0769,11.4581]]],[[[103.0581,11.4439],[103.0752,11.4401],[103.0644,11.4194],[103.0653,11.4316],[103.0528,11.44],[103.05,11.4372],[103.0464,11.4375],[103.0581,11.4439]]],[[[103.0773,11.437],[103.0732,11.4358],[103.0774,11.4389],[103.0773,11.437]]],[[[103.0058,11.4369],[103.0061,11.4325],[103.0047,11.4361],[103.0058,11.4369]]],[[[102.9833,11.4216],[102.9872,11.4063],[103.0039,11.4185],[103.018,11.416],[103.0347,11.3768],[103.0281,11.3471],[103.0414,11.3349],[103.0378,11.3205],[103.0447,11.3058],[103.0255,11.2485],[103.0169,11.2424],[103.0064,11.2508],[102.9989,11.2466],[102.9975,11.2599],[102.9886,11.2544],[102.9919,11.2721],[102.9803,11.2747],[102.9861,11.2783],[102.9842,11.3008],[102.9894,11.2985],[102.9803,11.3054],[102.9903,11.3182],[102.9805,11.348],[102.9858,11.3338],[102.9869,11.3333],[102.988,11.3388],[102.9747,11.3555],[102.9806,11.371],[102.97,11.3952],[102.9833,11.4216]]],[[[103.7486,11.1275],[103.7464,11.1283],[103.7485,11.1281],[103.7486,11.1275]]],[[[103.7271,11.1181],[103.7246,11.1196],[103.7306,11.1235],[103.7271,11.1181]]],[[[103.7061,11.0997],[103.7031,11.0994],[103.7058,11.1022],[103.7061,11.0997]]],[[[103.6981,11.0905],[103.7023,11.0888],[103.6956,11.0874],[103.6981,11.0905]]],[[[103.6889,11.0786],[103.6919,11.08],[103.6891,11.0739],[103.6889,11.0786]]],[[[103.0847,11.0658],[103.0828,11.0602],[103.078,11.06],[103.078,11.0611],[103.0847,11.0658]]],[[[103.0702,11.0628],[103.0736,11.0597],[103.0705,11.0589],[103.0702,11.0628]]],[[[103.088,11.0539],[103.0911,11.0505],[103.0864,11.0516],[103.088,11.0539]]],[[[103.0494,11.0033],[103.0506,11.0022],[103.0486,11.0014],[103.0494,11.0033]]],[[[103.0803,10.9814],[103.0658,10.9744],[103.07,10.9814],[103.0803,10.9814]]],[[[103.0541,10.9545],[103.0497,10.9602],[103.0566,10.9611],[103.0541,10.9545]]],[[[103.0803,10.9453],[103.0686,10.9275],[103.0722,10.9378],[103.0803,10.9453]]],[[[103.0653,10.9294],[103.0617,10.9267],[103.0617,10.9281],[103.0653,10.9294]]],[[[103.0533,10.9156],[103.05,10.9123],[103.0508,10.9166],[103.0533,10.9156]]],[[[103.0575,10.9122],[103.0549,10.9116],[103.0565,10.9133],[103.0575,10.9122]]],[[[103.0673,10.9114],[103.0646,10.9093],[103.0642,10.9103],[103.0673,10.9114]]],[[[103.058,10.9063],[103.0634,10.9099],[103.0623,10.9062],[103.058,10.9063]]],[[[103.0906,10.8889],[103.0669,10.8889],[103.0719,10.9056],[103.09,10.895],[103.0906,10.8889]]],[[[103.1544,10.8508],[103.1523,10.8491],[103.1522,10.8508],[103.1544,10.8508]]],[[[103.1751,10.8383],[103.1714,10.8381],[103.1753,10.8407],[103.1751,10.8383]]],[[[103.1837,10.8365],[103.1963,10.8209],[103.1767,10.8161],[103.1658,10.8312],[103.1837,10.8365]]],[[[103.1983,10.8071],[103.2067,10.8044],[103.1924,10.8007],[103.1983,10.8071]]],[[[103.2316,10.7805],[103.2568,10.7717],[103.2507,10.7658],[103.2583,10.7412],[103.2534,10.7343],[103.2623,10.7206],[103.2892,10.7239],[103.2966,10.7121],[103.2921,10.7056],[103.3,10.7008],[103.3087,10.7124],[103.3161,10.7091],[103.3122,10.6922],[103.2978,10.679],[103.2819,10.68],[103.2669,10.6509],[103.2595,10.6549],[103.2569,10.6818],[103.2456,10.7035],[103.2334,10.7091],[103.226,10.7011],[103.211,10.7045],[103.2017,10.7152],[103.2017,10.7353],[103.1934,10.7386],[103.1872,10.7317],[103.182,10.737],[103.1945,10.7711],[103.2182,10.7648],[103.2295,10.7717],[103.2316,10.7805]]],[[[103.2647,10.7592],[103.2634,10.7573],[103.2631,10.7586],[103.2647,10.7592]]],[[[103.2628,10.7557],[103.2613,10.7564],[103.2624,10.7568],[103.2628,10.7557]]],[[[103.6753,10.7456],[103.6792,10.7444],[103.675,10.745],[103.6753,10.7456]]],[[[103.3035,10.636],[103.3036,10.6291],[103.2972,10.627],[103.2986,10.635],[103.3035,10.636]]],[[[103.3123,10.6254],[103.3236,10.6066],[103.303,10.6038],[103.3116,10.5923],[103.3054,10.5835],[103.3235,10.5721],[103.3324,10.5899],[103.3397,10.5749],[103.3253,10.5608],[103.3252,10.5437],[103.3171,10.5421],[103.3047,10.5658],[103.2954,10.5662],[103.2958,10.5764],[103.284,10.5863],[103.2781,10.6094],[103.2932,10.6238],[103.2996,10.6172],[103.3123,10.6254]]],[[[102.9551,10.3757],[102.9684,10.3746],[102.9523,10.3708],[102.9551,10.3757]]],[[[102.9433,10.3663],[102.9401,10.365],[102.9407,10.3669],[102.9433,10.3663]]],[[[103.1426,10.3136],[103.1516,10.3125],[103.1412,10.3087],[103.1385,10.2972],[103.15,10.2814],[103.1572,10.2806],[103.1567,10.2728],[103.1467,10.2672],[103.1431,10.2889],[103.1281,10.2945],[103.1227,10.3045],[103.1328,10.3128],[103.1353,10.3246],[103.1426,10.3136]]],[[[103.1776,10.257],[103.1689,10.2539],[103.1714,10.2604],[103.1776,10.257]]],[[[103.2329,10.2562],[103.2316,10.2545],[103.2306,10.2558],[103.2329,10.2562]]],[[[103.2419,10.2508],[103.2403,10.2511],[103.2419,10.2519],[103.2419,10.2508]]],[[[102.8829,10.2371],[102.8804,10.2345],[102.8798,10.2353],[102.8829,10.2371]]],[[[102.9125,9.9344],[102.9383,9.9184],[102.9296,9.9149],[102.9125,9.9344]]],[[[102.8795,9.9318],[102.8927,9.9221],[102.9075,9.9157],[102.8965,9.9146],[102.8795,9.9318]]]]}},{"type":"Feature","properties":{"id":"adm1_32","ten":"Kep, Cambodia","country":"Cambodia","bounds":[104.2658,10.4458,104.4257,10.5905]},"geometry":{"type":"Polygon","coordinates":[[[104.4153,10.4458],[104.3892,10.4522],[104.349,10.4964],[104.3061,10.4758],[104.2892,10.4783],[104.2867,10.5128],[104.2658,10.5492],[104.2761,10.5905],[104.2936,10.5759],[104.3612,10.5776],[104.3694,10.5772],[104.3735,10.5689],[104.3752,10.5756],[104.3831,10.5717],[104.3849,10.5421],[104.3996,10.5238],[104.4138,10.5181],[104.419,10.5007],[104.4148,10.4978],[104.4217,10.4931],[104.4112,10.487],[104.4087,10.4941],[104.4023,10.4933],[104.3988,10.4867],[104.4038,10.4795],[104.4084,10.4828],[104.4007,10.4697],[104.4057,10.4666],[104.4161,10.474],[104.4196,10.4696],[104.4151,10.4659],[104.4257,10.458],[104.4153,10.4458]]]}},{"type":"Feature","properties":{"id":"adm1_33","ten":"Krâchéh, Cambodia","country":"Cambodia","bounds":[105.5891,11.9489,106.8016,13.4057]},"geometry":{"type":"Polygon","coordinates":[[[106.3506,13.3989],[106.3511,13.3601],[106.3577,13.3398],[106.3477,13.2855],[106.3714,13.2327],[106.4093,13.2111],[106.425,13.1927],[106.4317,13.1707],[106.4149,13.1676],[106.4003,13.1748],[106.3501,13.1702],[106.3391,13.1335],[106.3413,13.104],[106.3805,13.0542],[106.4051,13.0429],[106.4166,13.0198],[106.442,13.0088],[106.4641,13.0115],[106.5502,12.9629],[106.5999,12.9271],[106.6138,12.8991],[106.6097,12.8554],[106.5932,12.8306],[106.5423,12.786],[106.5032,12.7788],[106.4277,12.7163],[106.4033,12.6746],[106.3994,12.641],[106.3639,12.5552],[106.3594,12.5266],[106.3718,12.5125],[106.4974,12.4374],[106.5191,12.4355],[106.5351,12.4181],[106.5656,12.4064],[106.6073,12.3141],[106.7035,12.2869],[106.7397,12.2683],[106.7638,12.2468],[106.7678,12.2329],[106.8016,12.1898],[106.7923,12.1507],[106.7983,12.1339],[106.7901,12.114],[106.799,12.0843],[106.7794,12.0696],[106.7576,12.0388],[106.7386,11.9967],[106.7104,11.9684],[106.6818,11.9694],[106.6563,11.9889],[106.6492,11.9804],[106.6573,11.9652],[106.6448,11.9658],[106.6394,11.9759],[106.6308,11.9621],[106.6256,11.976],[106.5311,11.97],[106.5301,11.9764],[106.5139,11.9821],[106.4847,11.9728],[106.447,11.9895],[106.4291,11.9726],[106.3997,11.9772],[106.3852,11.959],[106.3691,11.9507],[106.3634,11.955],[106.3528,11.9489],[106.3119,11.9643],[106.2552,11.9519],[106.2352,11.9665],[106.2227,11.9558],[106.2209,11.9643],[106.1999,11.9635],[106.1994,11.9679],[106.1794,11.9494],[106.1763,11.9641],[106.1658,11.9653],[106.1739,11.9706],[106.1713,11.9961],[106.1816,12.0062],[106.173,12.0341],[106.1628,12.042],[106.1574,12.0394],[106.1479,12.0538],[106.1397,12.0477],[106.1351,12.0516],[106.1334,12.0445],[106.1321,12.0551],[106.1201,12.0555],[106.1116,12.075],[106.1057,12.0671],[106.1071,12.0737],[106.101,12.075],[106.086,12.074],[106.0826,12.0682],[106.0736,12.0709],[106.0764,12.0819],[106.0691,12.0785],[106.0523,12.0861],[106.0439,12.081],[106.0505,12.0893],[106.0409,12.0955],[106.0494,12.1076],[106.0592,12.11],[106.0545,12.1209],[106.0601,12.1302],[106.0505,12.1353],[106.0477,12.1452],[106.0422,12.1441],[106.0452,12.1564],[106.0298,12.1455],[106.0169,12.1456],[106.0192,12.1607],[106.0071,12.1751],[106.0107,12.1801],[105.9967,12.1845],[105.9941,12.1779],[105.9846,12.1896],[105.9944,12.1895],[105.9939,12.2003],[105.9869,12.2026],[105.9849,12.1976],[105.9806,12.2044],[105.9709,12.1945],[105.9542,12.1998],[105.9473,12.196],[105.9313,12.2211],[105.9155,12.2124],[105.9092,12.2207],[105.9099,12.2131],[105.8944,12.2095],[105.8828,12.2104],[105.8782,12.2182],[105.8714,12.2142],[105.8655,12.2217],[105.8535,12.2016],[105.8453,12.2033],[105.8305,12.2403],[105.8302,12.2566],[105.7782,12.258],[105.7418,12.2715],[105.7421,12.2991],[105.7717,12.3157],[105.7737,12.3721],[105.7613,12.4254],[105.7344,12.4915],[105.7304,12.5443],[105.7178,12.5948],[105.7232,12.6372],[105.7132,12.6913],[105.6918,12.7205],[105.698,12.7463],[105.6866,12.7722],[105.677,12.7779],[105.68,12.8048],[105.6855,12.8091],[105.6721,12.8305],[105.684,12.8427],[105.6911,12.864],[105.679,12.8943],[105.6622,12.902],[105.656,12.9181],[105.6712,12.9324],[105.678,12.9544],[105.6432,12.9819],[105.6503,13.0051],[105.6319,13.0573],[105.6484,13.1103],[105.6361,13.1283],[105.6057,13.1506],[105.5891,13.2079],[105.5901,13.2286],[105.6082,13.2278],[105.6594,13.2047],[105.696,13.2047],[105.7431,13.1818],[105.803,13.1301],[105.854,13.112],[105.8755,13.1129],[105.9067,13.1365],[105.9288,13.1379],[105.9463,13.1489],[105.9483,13.1667],[105.966,13.1941],[105.9676,13.2281],[106.0057,13.213],[106.0243,13.2243],[106.0262,13.2583],[106.0858,13.3333],[106.088,13.3414],[106.0824,13.348],[106.087,13.3527],[106.1339,13.368],[106.2208,13.3589],[106.2389,13.3671],[106.242,13.3865],[106.2466,13.3921],[106.2542,13.3902],[106.2664,13.4042],[106.2969,13.3969],[106.3061,13.4057],[106.3234,13.3988],[106.3506,13.3989]]]}},{"type":"Feature","properties":{"id":"adm1_34","ten":"Krong Pailin, Cambodia","country":"Cambodia","bounds":[102.4881,12.6614,102.7557,13.1117]},"geometry":{"type":"Polygon","coordinates":[[[102.5209,12.6614],[102.5075,12.681],[102.5101,12.6931],[102.4997,12.7017],[102.5063,12.7116],[102.5024,12.7371],[102.5101,12.7497],[102.5206,12.7495],[102.5351,12.765],[102.5386,12.7813],[102.5307,12.794],[102.532,12.8155],[102.5175,12.8211],[102.5175,12.8384],[102.5006,12.8561],[102.5107,12.8635],[102.5119,12.8924],[102.4881,12.9449],[102.5035,12.9586],[102.4884,12.9766],[102.511,12.9931],[102.5195,12.9892],[102.5282,12.9994],[102.5381,13.0001],[102.5395,12.9924],[102.5531,12.9984],[102.5702,12.9924],[102.5768,12.9959],[102.588,13.0124],[102.5893,13.0228],[102.5842,13.0224],[102.5896,13.0265],[102.5833,13.0289],[102.5873,13.0457],[102.5768,13.0609],[102.5814,13.0712],[102.5957,13.0788],[102.5887,13.0829],[102.6029,13.0838],[102.5993,13.091],[102.6052,13.0969],[102.6129,13.0941],[102.6364,13.1023],[102.6376,13.1117],[102.6826,13.1084],[102.6899,13.0983],[102.6987,13.099],[102.754,13.024],[102.7557,12.7469],[102.6691,12.6873],[102.5209,12.6614]]]}},{"type":"Feature","properties":{"id":"adm1_35","ten":"Krong Preah Sihanouk, Cambodia","country":"Cambodia","bounds":[103.4089,10.4036,103.9679,10.9525]},"geometry":{"type":"MultiPolygon","coordinates":[[[[103.9206,10.6077],[103.9029,10.637],[103.9024,10.6512],[103.8818,10.6598],[103.8715,10.6528],[103.8625,10.6555],[103.8691,10.6907],[103.8574,10.708],[103.8532,10.7041],[103.8546,10.6975],[103.8669,10.6896],[103.8601,10.6833],[103.8541,10.6475],[103.8693,10.6238],[103.8022,10.5203],[103.7886,10.5236],[103.7842,10.5355],[103.7559,10.5309],[103.7325,10.5403],[103.7303,10.5535],[103.7199,10.5549],[103.7178,10.5497],[103.7108,10.5549],[103.7105,10.5511],[103.7283,10.5334],[103.7369,10.5289],[103.7319,10.5],[103.679,10.5091],[103.6722,10.4996],[103.6471,10.4982],[103.6443,10.4895],[103.6328,10.487],[103.6075,10.5044],[103.6147,10.5322],[103.6033,10.5522],[103.5892,10.56],[103.5651,10.5389],[103.5614,10.5544],[103.5319,10.5981],[103.5089,10.6092],[103.5115,10.6129],[103.501,10.6024],[103.5021,10.6101],[103.4904,10.6224],[103.4996,10.6339],[103.5011,10.6487],[103.513,10.6456],[103.5197,10.6544],[103.5171,10.6672],[103.5244,10.6675],[103.5425,10.6855],[103.5437,10.721],[103.5574,10.7217],[103.5813,10.7425],[103.5933,10.7353],[103.6162,10.736],[103.62,10.7486],[103.6375,10.7381],[103.6689,10.7472],[103.6903,10.7428],[103.7603,10.8222],[103.7876,10.9154],[103.818,10.9012],[103.9165,10.9525],[103.935,10.9383],[103.9336,10.9012],[103.9252,10.8962],[103.9183,10.8757],[103.9326,10.8623],[103.9233,10.851],[103.946,10.8209],[103.9338,10.8017],[103.9347,10.7788],[103.9223,10.7679],[103.9249,10.7466],[103.9461,10.7117],[103.9576,10.7071],[103.9679,10.6698],[103.9531,10.623],[103.9415,10.6152],[103.9314,10.6211],[103.9331,10.615],[103.9206,10.6077]]],[[[103.5483,10.7379],[103.5461,10.736],[103.5468,10.7388],[103.5483,10.7379]]],[[[103.8581,10.6998],[103.8567,10.6982],[103.8558,10.702],[103.8581,10.6998]]],[[[103.5091,10.6647],[103.5161,10.6672],[103.505,10.6538],[103.5091,10.6647]]],[[[103.4786,10.6292],[103.484,10.6327],[103.4883,10.6288],[103.4814,10.6222],[103.4726,10.6269],[103.4748,10.6338],[103.4786,10.6292]]],[[[103.4138,10.6107],[103.4327,10.6089],[103.4089,10.6056],[103.4138,10.6107]]],[[[103.5421,10.5554],[103.5395,10.5566],[103.5427,10.5566],[103.5421,10.5554]]],[[[103.7135,10.5512],[103.7115,10.5508],[103.7109,10.5523],[103.7135,10.5512]]],[[[103.5431,10.5196],[103.5409,10.5246],[103.5471,10.5322],[103.5474,10.5262],[103.5431,10.5196]]],[[[103.7403,10.5172],[103.7717,10.5174],[103.7963,10.5005],[103.7978,10.4581],[103.7698,10.4409],[103.7323,10.4745],[103.7329,10.4811],[103.7461,10.4797],[103.7403,10.5172]]],[[[103.5668,10.5092],[103.5637,10.5095],[103.565,10.5113],[103.5668,10.5092]]],[[[103.5795,10.5075],[103.5998,10.5055],[103.6068,10.4905],[103.6083,10.4832],[103.6001,10.4803],[103.6,10.4737],[103.5809,10.4824],[103.5878,10.4913],[103.5795,10.5075]]],[[[103.5595,10.501],[103.5671,10.4913],[103.5605,10.4871],[103.5567,10.4947],[103.5478,10.4954],[103.5595,10.501]]],[[[103.6232,10.4834],[103.62,10.4847],[103.6217,10.4904],[103.6232,10.4834]]],[[[103.7925,10.4383],[103.8234,10.4265],[103.8056,10.4165],[103.8074,10.4036],[103.7955,10.4158],[103.784,10.4171],[103.7851,10.4342],[103.7925,10.4383]]]]}},{"type":"Feature","properties":{"id":"adm1_36","ten":"Môndól Kiri, Cambodia","country":"Cambodia","bounds":[106.3391,12.0627,107.6043,13.4159]},"geometry":{"type":"Polygon","coordinates":[[[106.6086,13.3214],[106.7463,13.2262],[106.7769,13.1977],[106.8732,13.1731],[106.9064,13.1778],[106.9346,13.1726],[106.9635,13.1828],[106.9802,13.1765],[107.0043,13.1863],[107.0307,13.1843],[107.038,13.1705],[107.0485,13.1712],[107.083,13.2023],[107.0837,13.2293],[107.0941,13.241],[107.0869,13.2522],[107.0924,13.2532],[107.0876,13.2585],[107.0906,13.2717],[107.0737,13.2926],[107.078,13.2954],[107.0704,13.2974],[107.0758,13.3008],[107.0701,13.3074],[107.0786,13.3113],[107.0773,13.3188],[107.0932,13.3081],[107.1066,13.3071],[107.1235,13.3142],[107.1331,13.3282],[107.1448,13.3298],[107.157,13.3232],[107.1658,13.3061],[107.1906,13.3069],[107.2354,13.336],[107.2354,13.3575],[107.2439,13.366],[107.2694,13.3579],[107.292,13.3081],[107.3375,13.3141],[107.3691,13.2752],[107.3925,13.2796],[107.3948,13.2866],[107.405,13.2844],[107.4034,13.2964],[107.4409,13.3113],[107.445,13.3189],[107.455,13.3173],[107.4653,13.3341],[107.4991,13.2948],[107.5075,13.3015],[107.5164,13.2939],[107.5324,13.2988],[107.5647,13.2824],[107.5816,13.2941],[107.5848,13.3041],[107.6043,13.3026],[107.4835,13.0215],[107.5044,12.9754],[107.4888,12.9713],[107.4835,12.957],[107.4846,12.9436],[107.4936,12.9346],[107.4921,12.895],[107.4995,12.8754],[107.5448,12.8241],[107.5608,12.792],[107.559,12.7481],[107.5657,12.7321],[107.5578,12.7137],[107.5744,12.6827],[107.5674,12.6464],[107.581,12.6117],[107.579,12.5755],[107.5878,12.5589],[107.5643,12.5277],[107.5622,12.516],[107.5779,12.4931],[107.5742,12.479],[107.5643,12.4733],[107.5642,12.452],[107.5424,12.4111],[107.5524,12.3805],[107.5432,12.3539],[107.4697,12.3121],[107.4626,12.2981],[107.4442,12.2913],[107.435,12.2547],[107.4162,12.248],[107.3976,12.2618],[107.3869,12.2745],[107.3824,12.2948],[107.3443,12.3342],[107.3153,12.3229],[107.3057,12.3335],[107.2829,12.3243],[107.2686,12.326],[107.2289,12.2973],[107.1923,12.297],[107.1785,12.2833],[107.1517,12.2756],[107.1363,12.24],[107.0982,12.2065],[107.0904,12.1821],[107.0713,12.1858],[107.0684,12.1777],[107.0767,12.1637],[107.06,12.1609],[107.0445,12.1344],[107.0101,12.1203],[106.9922,12.0959],[106.9443,12.0687],[106.9181,12.0627],[106.8868,12.0744],[106.838,12.0713],[106.8212,12.0841],[106.799,12.0843],[106.7901,12.114],[106.7983,12.1339],[106.7923,12.1507],[106.8016,12.1898],[106.7678,12.2329],[106.7616,12.2493],[106.706,12.2859],[106.6073,12.3141],[106.5656,12.4064],[106.5351,12.4181],[106.5191,12.4355],[106.4974,12.4374],[106.3635,12.5205],[106.3589,12.5314],[106.3639,12.5552],[106.3977,12.6357],[106.4033,12.6746],[106.4277,12.7163],[106.5032,12.7788],[106.5423,12.786],[106.5932,12.8306],[106.6097,12.8554],[106.6138,12.9015],[106.5999,12.9271],[106.5454,12.9658],[106.4641,13.0115],[106.442,13.0088],[106.4166,13.0198],[106.4051,13.0429],[106.3805,13.0542],[106.3413,13.104],[106.3391,13.1335],[106.3501,13.1702],[106.4003,13.1748],[106.4149,13.1676],[106.4317,13.1707],[106.425,13.1927],[106.4093,13.2111],[106.3714,13.2327],[106.3477,13.2855],[106.3577,13.3398],[106.3511,13.3601],[106.3506,13.3989],[106.4188,13.4159],[106.4909,13.3788],[106.5141,13.3525],[106.5333,13.3462],[106.5578,13.3494],[106.5746,13.3323],[106.6013,13.3176],[106.6086,13.3214]]]}},{"type":"Feature","properties":{"id":"adm1_37","ten":"Otdar Mean Chey, Cambodia","country":"Cambodia","bounds":[103.0344,13.8739,104.4742,14.4379]},"geometry":{"type":"Polygon","coordinates":[[[104.0311,14.3357],[104.0915,14.3471],[104.1102,14.3767],[104.1404,14.3717],[104.1387,14.3576],[104.1473,14.3527],[104.1768,14.3589],[104.1727,14.3743],[104.1868,14.3829],[104.2018,14.3813],[104.2132,14.3667],[104.2338,14.3694],[104.25,14.3764],[104.2542,14.3901],[104.278,14.4076],[104.3335,14.3692],[104.3667,14.3724],[104.378,14.3817],[104.3873,14.3705],[104.401,14.3736],[104.4078,14.3653],[104.4176,14.3711],[104.4377,14.3563],[104.4628,14.3584],[104.4636,14.3442],[104.4742,14.344],[104.4579,14.2805],[104.4568,14.2576],[104.467,14.2325],[104.4559,14.2077],[104.4458,14.2082],[104.4418,14.2019],[104.4293,14.2107],[104.4142,14.2068],[104.3795,14.1577],[104.3436,14.1398],[104.2991,14.1289],[104.2827,14.1129],[104.2476,14.1047],[104.2217,14.0832],[104.1816,14.0767],[104.1748,14.063],[104.1492,14.045],[104.1231,14.0476],[104.0713,14.0993],[104.0592,14.1042],[104.0442,14.131],[104.0515,14.1631],[104.031,14.1557],[103.9737,14.154],[103.9543,14.1453],[103.9138,14.1489],[103.9092,14.1403],[103.8743,14.1399],[103.8702,14.1352],[103.855,14.1406],[103.8546,14.1339],[103.842,14.1336],[103.8389,14.1263],[103.8054,14.1189],[103.8035,14.1038],[103.7738,14.082],[103.7808,14.0785],[103.7706,14.0678],[103.7821,14.0569],[103.7599,14.0463],[103.7632,14.039],[103.7581,14.0317],[103.7449,14.0342],[103.7377,14.0285],[103.743,14.0229],[103.7323,14.023],[103.737,14.0196],[103.727,14.0115],[103.7218,14.0179],[103.7085,14.0167],[103.7098,13.9988],[103.6875,13.9788],[103.6775,13.9625],[103.6838,13.9581],[103.6639,13.9611],[103.6646,13.9666],[103.6544,13.9688],[103.6487,13.9593],[103.6382,13.9687],[103.6286,13.9619],[103.6322,13.9577],[103.6219,13.9597],[103.6238,13.9512],[103.6078,13.9435],[103.596,13.9224],[103.5849,13.9255],[103.5777,13.9124],[103.571,13.9144],[103.5709,13.9015],[103.5589,13.9059],[103.5587,13.8965],[103.5514,13.9028],[103.5408,13.8916],[103.535,13.901],[103.5328,13.8941],[103.5228,13.8924],[103.5192,13.8978],[103.5129,13.8922],[103.5095,13.8984],[103.4923,13.8979],[103.4911,13.8931],[103.4815,13.8993],[103.4773,13.8892],[103.4606,13.8886],[103.4588,13.882],[103.4463,13.8818],[103.4436,13.8739],[103.4361,13.8828],[103.4459,13.8962],[103.4392,13.9012],[103.442,13.9133],[103.3892,13.9323],[103.3312,14.0234],[103.2675,13.9519],[103.2219,13.9469],[103.2066,13.9353],[103.1735,13.9938],[103.1966,14.021],[103.1987,14.0358],[103.189,14.0496],[103.2027,14.0636],[103.2137,14.1066],[103.1885,14.1022],[103.1674,14.1089],[103.1289,14.1054],[103.1135,14.1131],[103.0857,14.1369],[103.0344,14.2482],[103.0586,14.2718],[103.0595,14.2832],[103.0768,14.2841],[103.0847,14.2945],[103.126,14.3002],[103.1329,14.3056],[103.1313,14.3184],[103.1437,14.3246],[103.1559,14.3124],[103.1692,14.3325],[103.2216,14.3218],[103.2667,14.3494],[103.4105,14.3559],[103.4185,14.3785],[103.4373,14.3892],[103.4526,14.3669],[103.4692,14.3632],[103.4851,14.3855],[103.4961,14.385],[103.5024,14.3993],[103.5203,14.4038],[103.5269,14.3997],[103.5306,14.4092],[103.5595,14.4221],[103.5807,14.4253],[103.6003,14.4152],[103.6125,14.418],[103.622,14.3967],[103.644,14.4088],[103.656,14.408],[103.6588,14.4167],[103.6438,14.4201],[103.6601,14.4365],[103.6899,14.4379],[103.7096,14.4318],[103.7028,14.3893],[103.7068,14.379],[103.7484,14.3761],[103.7539,14.3702],[103.7604,14.3763],[103.7777,14.3593],[103.8044,14.3679],[103.8054,14.3551],[103.832,14.3517],[103.8371,14.3687],[103.8486,14.3696],[103.8635,14.3651],[103.8625,14.3559],[103.8835,14.3366],[103.9024,14.3441],[103.9028,14.336],[103.9446,14.3284],[103.9514,14.3483],[103.9824,14.3532],[103.9976,14.3434],[104.0103,14.3549],[104.0168,14.3415],[104.0311,14.3357]]]}},{"type":"Feature","properties":{"id":"adm1_38","ten":"Phnom Penh, Cambodia","country":"Cambodia","bounds":[104.7827,11.4293,104.9752,11.6718]},"geometry":{"type":"Polygon","coordinates":[[[104.8582,11.6713],[104.9241,11.6718],[104.9192,11.6543],[104.9429,11.5915],[104.9463,11.5625],[104.9598,11.5529],[104.9752,11.5013],[104.9605,11.4908],[104.9471,11.4931],[104.9217,11.4837],[104.9231,11.4509],[104.9161,11.4456],[104.9059,11.4598],[104.9007,11.4564],[104.8905,11.4658],[104.8918,11.4715],[104.8772,11.477],[104.8656,11.471],[104.8614,11.4638],[104.8662,11.4588],[104.8599,11.4528],[104.8394,11.4456],[104.8373,11.4395],[104.8206,11.4428],[104.8177,11.4312],[104.8099,11.4293],[104.8015,11.4331],[104.7997,11.4433],[104.7827,11.4484],[104.7934,11.5024],[104.8204,11.5091],[104.8216,11.5175],[104.8145,11.5325],[104.8018,11.5305],[104.7955,11.5479],[104.7838,11.5497],[104.7893,11.6165],[104.7981,11.6238],[104.7958,11.6361],[104.806,11.6382],[104.8057,11.6502],[104.8154,11.65],[104.8224,11.6601],[104.8295,11.6467],[104.8419,11.6528],[104.8426,11.6398],[104.8682,11.6586],[104.8582,11.6713]]]}},{"type":"Feature","properties":{"id":"adm1_39","ten":"Pouthisat, Cambodia","country":"Cambodia","bounds":[102.7045,11.8417,104.3941,13.0584]},"geometry":{"type":"Polygon","coordinates":[[[104.1602,12.7911],[104.2002,12.698],[104.3597,12.6286],[104.3905,12.5189],[104.3815,12.4545],[104.3941,12.419],[104.3776,12.4152],[104.3541,12.397],[104.3401,12.3533],[104.3154,12.3242],[104.2848,12.321],[104.256,12.2935],[104.2221,12.2892],[104.1901,12.2572],[104.1794,12.232],[104.1724,12.1774],[104.1861,12.1623],[104.186,12.1048],[104.1982,12.0939],[104.2013,12.0795],[104.1827,12.0515],[104.184,12.0375],[104.1508,12.0492],[104.1447,12.0419],[104.1165,12.0458],[104.1053,12.0366],[104.0946,12.0375],[104.0986,12.0205],[104.0893,11.9807],[104.0787,11.983],[104.0745,11.9675],[104.059,11.967],[104.0515,11.9553],[104.0638,11.9224],[104.0436,11.9204],[104.0199,11.8994],[103.9932,11.9009],[103.9755,11.9339],[103.9408,11.9414],[103.9363,11.9341],[103.9186,11.9298],[103.9223,11.8963],[103.8934,11.8836],[103.8742,11.8601],[103.8766,11.8469],[103.8592,11.8417],[103.8435,11.8532],[103.832,11.8787],[103.7903,11.9299],[103.7721,11.9325],[103.7585,11.9246],[103.7426,11.9385],[103.7232,11.9262],[103.7148,11.9278],[103.6959,11.9399],[103.7016,11.945],[103.6983,11.9618],[103.6758,11.9642],[103.6511,11.982],[103.638,11.9842],[103.6293,11.993],[103.6377,12.0004],[103.635,12.012],[103.6061,12.0226],[103.5852,12.0515],[103.5381,12.0832],[103.5391,12.0932],[103.5097,12.1039],[103.4929,12.0968],[103.476,12.1143],[103.435,12.0849],[103.4018,12.107],[103.3935,12.1062],[103.3825,12.0874],[103.3885,12.0702],[103.366,12.0596],[103.3641,12.028],[103.332,12.0174],[103.3132,11.984],[103.2921,11.978],[103.2732,11.9874],[103.2583,11.9803],[103.255,11.9715],[103.2319,11.9734],[103.2252,11.955],[103.2004,11.9617],[103.1618,11.9419],[103.1205,11.9439],[102.9981,11.9951],[102.7996,12.0116],[102.7814,12.02],[102.7709,12.0735],[102.7364,12.1079],[102.7327,12.1249],[102.7109,12.1511],[102.7045,12.172],[102.7129,12.1945],[102.7093,12.2053],[102.7191,12.2249],[102.7143,12.2603],[102.7268,12.3025],[102.7261,12.3623],[102.7519,12.3913],[102.7856,12.3997],[102.8121,12.3686],[102.839,12.4101],[102.8756,12.3951],[102.9053,12.4307],[102.9141,12.4256],[102.9246,12.4325],[102.9439,12.428],[102.9528,12.4389],[102.9716,12.4453],[102.9841,12.4704],[102.9988,12.4832],[103.0105,12.4738],[103.0232,12.4449],[103.0696,12.4346],[103.0741,12.4574],[103.1052,12.4612],[103.1394,12.4871],[103.1624,12.4792],[103.1848,12.5026],[103.2085,12.5088],[103.2296,12.5244],[103.2498,12.5168],[103.2873,12.5472],[103.3054,12.5445],[103.3092,12.559],[103.3308,12.5571],[103.3269,12.5654],[103.3625,12.558],[103.3639,12.5489],[103.3755,12.5485],[103.3853,12.5564],[103.4051,12.555],[103.4606,12.5334],[103.5137,12.5019],[103.5648,12.519],[103.6127,12.5238],[103.624,12.5589],[103.6449,12.5758],[103.6338,12.5952],[103.643,12.6054],[103.6362,12.613],[103.6376,12.627],[103.6518,12.64],[103.6475,12.662],[103.6401,12.6612],[103.6206,12.6753],[103.6382,12.6993],[103.6248,12.7188],[103.6208,12.7641],[103.648,12.8126],[103.6462,12.8184],[103.6333,12.8208],[103.6347,12.8426],[103.6453,12.8534],[103.6707,12.8617],[103.692,12.8603],[103.6977,12.8675],[103.7026,12.9125],[103.7138,12.9242],[103.7345,12.9301],[103.7325,12.9452],[103.721,12.9541],[103.7202,12.971],[103.7487,13.0089],[103.787,13.0071],[103.8661,13.0362],[103.8993,13.0584],[103.9971,12.9311],[104.0791,12.8451],[104.1372,12.8181],[104.1602,12.7911]]]}},{"type":"Feature","properties":{"id":"adm1_40","ten":"Preah Vihéar, Cambodia","country":"Cambodia","bounds":[104.3602,13.0536,105.9006,14.4352]},"geometry":{"type":"Polygon","coordinates":[[[104.9099,14.3983],[104.9246,14.4004],[104.9548,14.3794],[104.9597,14.3896],[104.9741,14.3906],[104.9958,14.3783],[105.0038,14.3614],[104.9935,14.3201],[104.9867,14.3163],[105.0039,14.3029],[105.0186,14.2688],[105.0289,14.263],[105.023,14.2504],[105.0255,14.2384],[105.0486,14.2248],[105.0517,14.2133],[105.0839,14.208],[105.0948,14.2142],[105.1088,14.2119],[105.1443,14.2365],[105.1555,14.2531],[105.1451,14.2579],[105.1548,14.2674],[105.1529,14.2834],[105.1782,14.3131],[105.1689,14.3251],[105.1697,14.3336],[105.1781,14.3443],[105.1876,14.3404],[105.2016,14.3469],[105.2104,14.3415],[105.2082,14.31],[105.2261,14.2821],[105.2427,14.2709],[105.251,14.2284],[105.2589,14.2236],[105.259,14.2075],[105.2688,14.1996],[105.2772,14.1739],[105.285,14.168],[105.2955,14.1705],[105.3111,14.1578],[105.3224,14.1604],[105.3266,14.1565],[105.3225,14.1515],[105.3296,14.1468],[105.326,14.1428],[105.3382,14.1373],[105.3638,14.1021],[105.3717,14.1059],[105.3727,14.0998],[105.3864,14.1033],[105.3989,14.0982],[105.4164,14.1094],[105.4249,14.1031],[105.4478,14.1064],[105.4566,14.0995],[105.4761,14.1186],[105.4893,14.1174],[105.5013,14.1314],[105.5166,14.1312],[105.559,14.1583],[105.5889,14.135],[105.5872,14.1465],[105.6032,14.1458],[105.6187,14.1234],[105.622,14.1322],[105.6356,14.1289],[105.6344,14.106],[105.6468,14.0952],[105.653,14.1081],[105.6629,14.1087],[105.6601,14.1178],[105.6838,14.1065],[105.7054,14.0845],[105.7257,14.1069],[105.7385,14.092],[105.7873,14.0812],[105.7852,14.0421],[105.7941,14.0214],[105.8477,13.9759],[105.8723,13.9631],[105.9006,13.9349],[105.8708,13.9195],[105.7592,13.9209],[105.7129,13.9146],[105.7021,13.9007],[105.7047,13.8872],[105.7164,13.8798],[105.7156,13.8693],[105.6996,13.86],[105.6916,13.8657],[105.6812,13.8612],[105.6673,13.873],[105.6357,13.8661],[105.6289,13.8555],[105.6209,13.8552],[105.6011,13.878],[105.5825,13.8857],[105.5551,13.8615],[105.5484,13.8631],[105.5298,13.8507],[105.521,13.8242],[105.5303,13.8036],[105.5258,13.763],[105.5351,13.7464],[105.5504,13.737],[105.5661,13.7063],[105.5784,13.6519],[105.5718,13.6355],[105.5731,13.5934],[105.5638,13.5412],[105.5653,13.4839],[105.5256,13.4315],[105.4813,13.4195],[105.4495,13.3997],[105.3597,13.3613],[105.2801,13.2723],[105.2384,13.2554],[105.1908,13.2255],[105.1683,13.1861],[105.1494,13.1661],[104.9756,13.0536],[104.9539,13.0565],[104.935,13.0744],[104.8895,13.1381],[104.8903,13.1545],[104.8792,13.1661],[104.8765,13.2174],[104.9044,13.2812],[104.8935,13.3064],[104.7779,13.2999],[104.7635,13.3121],[104.7442,13.3115],[104.7268,13.3023],[104.7108,13.3037],[104.6945,13.2897],[104.6478,13.2689],[104.5666,13.2492],[104.5735,13.2723],[104.5664,13.295],[104.5741,13.3168],[104.5686,13.3569],[104.5751,13.3808],[104.6003,13.4155],[104.6357,13.4406],[104.6511,13.4651],[104.6517,13.4926],[104.685,13.5269],[104.6761,13.5324],[104.6523,13.5142],[104.6183,13.503],[104.5992,13.5215],[104.5541,13.5234],[104.5347,13.5426],[104.4122,13.5533],[104.4042,13.5954],[104.4262,13.6111],[104.4273,13.6276],[104.4424,13.6516],[104.4425,13.6663],[104.4303,13.6776],[104.4305,13.7185],[104.4102,13.7489],[104.4163,13.7649],[104.3963,13.7781],[104.3859,13.8068],[104.3658,13.8044],[104.3602,13.8118],[104.3693,13.8223],[104.3706,13.8358],[104.3809,13.8352],[104.3847,13.8495],[104.3987,13.8613],[104.3921,13.8663],[104.3998,13.8871],[104.4199,13.889],[104.4091,13.9031],[104.424,13.9172],[104.4286,13.9332],[104.4215,13.9529],[104.4298,13.9709],[104.4197,13.9928],[104.44,14.0661],[104.5109,14.1419],[104.4644,14.1751],[104.4447,14.2023],[104.4458,14.2082],[104.4602,14.2106],[104.467,14.2325],[104.4568,14.2576],[104.458,14.2815],[104.4697,14.3423],[104.4801,14.3502],[104.4808,14.363],[104.5017,14.3734],[104.5354,14.352],[104.5654,14.3503],[104.5708,14.3575],[104.5806,14.3558],[104.581,14.3723],[104.5954,14.386],[104.6284,14.4034],[104.6457,14.4213],[104.6533,14.4197],[104.6614,14.3989],[104.6814,14.3891],[104.6971,14.4196],[104.7115,14.4317],[104.7265,14.4188],[104.7259,14.4013],[104.7418,14.412],[104.7552,14.4042],[104.7689,14.4217],[104.8075,14.4352],[104.8183,14.4271],[104.8208,14.4165],[104.8406,14.4123],[104.8428,14.4016],[104.8734,14.4164],[104.9099,14.3983]]]}},{"type":"Feature","properties":{"id":"adm1_41","ten":"Prey Vêng, Cambodia","country":"Cambodia","bounds":[105.1032,10.8598,105.8103,11.8697]},"geometry":{"type":"Polygon","coordinates":[[[105.4185,11.8261],[105.4109,11.8167],[105.4157,11.8017],[105.4087,11.793],[105.4224,11.7696],[105.4433,11.7543],[105.4633,11.7648],[105.6175,11.7418],[105.7004,11.7421],[105.7208,11.7238],[105.7337,11.6923],[105.7641,11.6665],[105.7639,11.6525],[105.7745,11.6327],[105.7901,11.6209],[105.7951,11.6066],[105.8103,11.5994],[105.7832,11.5873],[105.7457,11.5875],[105.7434,11.5772],[105.693,11.5641],[105.6899,11.5458],[105.6768,11.5333],[105.6847,11.5085],[105.6653,11.4863],[105.6688,11.4542],[105.6592,11.438],[105.6516,11.3997],[105.6521,11.3204],[105.6686,11.2639],[105.6518,11.2643],[105.6431,11.2728],[105.6331,11.2664],[105.6352,11.2586],[105.624,11.2495],[105.6243,11.2374],[105.6057,11.1982],[105.6158,11.1415],[105.6354,11.121],[105.6059,11.0905],[105.6033,11.0521],[105.5792,11.0081],[105.5926,10.9972],[105.6078,10.9955],[105.6114,10.9749],[105.5371,10.9538],[105.4971,10.9543],[105.495,10.9486],[105.4714,10.9656],[105.4505,10.9558],[105.433,10.9732],[105.4242,10.9741],[105.4038,10.9307],[105.3845,10.9195],[105.3783,10.9032],[105.3713,10.9047],[105.3662,10.8889],[105.3576,10.8878],[105.3371,10.8598],[105.2613,10.8991],[105.2343,10.8966],[105.1892,10.9132],[105.1835,10.9522],[105.1968,11.0271],[105.1942,11.0873],[105.234,11.1298],[105.2452,11.1611],[105.2458,11.1883],[105.2622,11.2023],[105.281,11.2512],[105.274,11.3208],[105.2601,11.3572],[105.256,11.39],[105.2971,11.4243],[105.2828,11.4418],[105.2868,11.4488],[105.2787,11.4581],[105.2705,11.4491],[105.2631,11.4574],[105.2555,11.4508],[105.2373,11.4617],[105.227,11.4726],[105.228,11.4852],[105.2139,11.4875],[105.2121,11.5025],[105.199,11.5218],[105.1846,11.5168],[105.1591,11.5311],[105.145,11.526],[105.1286,11.5347],[105.1347,11.5484],[105.122,11.5536],[105.1135,11.5696],[105.1182,11.5758],[105.1124,11.6124],[105.1032,11.6232],[105.112,11.6325],[105.1115,11.6408],[105.1325,11.6505],[105.121,11.6674],[105.1292,11.6764],[105.1297,11.692],[105.1574,11.7084],[105.1548,11.7261],[105.165,11.7436],[105.1574,11.7605],[105.1824,11.7672],[105.1958,11.7818],[105.2536,11.8116],[105.2674,11.8389],[105.2765,11.8396],[105.2804,11.8468],[105.2873,11.8446],[105.2844,11.8566],[105.3093,11.8595],[105.3283,11.8697],[105.3439,11.8528],[105.3632,11.8559],[105.3913,11.8377],[105.4049,11.845],[105.4185,11.8261]]]}},{"type":"Feature","properties":{"id":"adm1_42","ten":"Rôtânôkiri, Cambodia","country":"Cambodia","bounds":[106.5309,13.1705,107.6299,14.688]},"geometry":{"type":"Polygon","coordinates":[[[107.555,14.6865],[107.5482,14.6792],[107.5477,14.6534],[107.5373,14.6242],[107.5434,14.6123],[107.5158,14.587],[107.5299,14.5543],[107.5191,14.5209],[107.507,14.5094],[107.5102,14.5007],[107.5019,14.4836],[107.4985,14.4485],[107.4874,14.4298],[107.4867,14.4077],[107.4593,14.4077],[107.4458,14.4271],[107.418,14.4113],[107.4197,14.3732],[107.4078,14.3633],[107.407,14.3499],[107.3892,14.324],[107.4072,14.2761],[107.4026,14.2337],[107.3776,14.1855],[107.3573,14.1719],[107.3599,14.1627],[107.3308,14.1089],[107.3407,14.0958],[107.3804,14.0792],[107.379,14.0671],[107.3616,14.0622],[107.3548,14.0201],[107.3845,13.9877],[107.4439,13.9963],[107.4507,13.9818],[107.4525,13.9318],[107.4589,13.9215],[107.471,13.918],[107.4692,13.8928],[107.4525,13.8708],[107.4703,13.8515],[107.4531,13.8274],[107.4597,13.8142],[107.4489,13.7944],[107.5319,13.7438],[107.5493,13.691],[107.5672,13.6674],[107.5704,13.6228],[107.616,13.5291],[107.6299,13.3617],[107.6043,13.3026],[107.5848,13.3041],[107.5816,13.2941],[107.5647,13.2824],[107.5324,13.2988],[107.5164,13.2939],[107.5075,13.3015],[107.4991,13.2948],[107.4653,13.3341],[107.455,13.3173],[107.445,13.3189],[107.4409,13.3113],[107.4034,13.2964],[107.405,13.2844],[107.3948,13.2866],[107.3925,13.2796],[107.3691,13.2752],[107.3375,13.3141],[107.292,13.3081],[107.2701,13.357],[107.2456,13.3662],[107.2354,13.3575],[107.2354,13.336],[107.1906,13.3069],[107.1658,13.3061],[107.157,13.3232],[107.1448,13.3298],[107.1331,13.3282],[107.1235,13.3142],[107.1066,13.3071],[107.0932,13.3081],[107.0773,13.3188],[107.0786,13.3113],[107.0701,13.3074],[107.0758,13.3008],[107.0704,13.2974],[107.078,13.2954],[107.0737,13.2926],[107.0906,13.2717],[107.0876,13.2585],[107.0924,13.2532],[107.0869,13.2522],[107.0941,13.241],[107.0837,13.2293],[107.083,13.2023],[107.0485,13.1712],[107.038,13.1705],[107.0244,13.1861],[107.0143,13.1821],[107.0038,13.1862],[106.9802,13.1765],[106.9635,13.1828],[106.9346,13.1726],[106.9064,13.1778],[106.8659,13.1734],[106.7769,13.1977],[106.7463,13.2262],[106.6086,13.3214],[106.6089,13.3394],[106.6257,13.3442],[106.6284,13.3555],[106.6229,13.3857],[106.6063,13.3954],[106.6043,13.4048],[106.6156,13.4154],[106.6134,13.4262],[106.5999,13.4365],[106.5993,13.4489],[106.5751,13.4927],[106.5702,13.5181],[106.5531,13.5432],[106.5309,13.5514],[106.5316,13.6685],[106.5872,13.6811],[106.6183,13.7013],[106.664,13.7775],[106.6565,13.8085],[106.6652,13.8274],[106.6605,13.8357],[106.6523,13.8361],[106.6495,13.8521],[106.6336,13.8637],[106.6381,13.8872],[106.6254,13.9058],[106.6277,13.9324],[106.6194,13.9403],[106.6137,13.967],[106.6156,13.9907],[106.6562,13.9843],[106.6691,13.9951],[106.7029,13.9944],[106.7079,14.0037],[106.7331,14.0187],[106.7564,14.0236],[106.7893,14.0706],[106.782,14.1046],[106.7522,14.1704],[106.7607,14.2326],[106.7516,14.2706],[106.7484,14.3591],[106.7571,14.3844],[106.7842,14.3544],[106.7871,14.3391],[106.7958,14.3385],[106.7993,14.3237],[106.8162,14.3097],[106.8341,14.3059],[106.8465,14.2871],[106.8547,14.2855],[106.8748,14.3137],[106.8954,14.3097],[106.8985,14.3274],[106.9049,14.3297],[106.968,14.308],[106.9776,14.3184],[106.9762,14.3421],[106.9995,14.3536],[107.0212,14.3886],[107.0471,14.414],[107.0419,14.44],[107.0651,14.4344],[107.0778,14.4171],[107.0844,14.3931],[107.0917,14.389],[107.1141,14.3879],[107.1385,14.4106],[107.1736,14.4156],[107.194,14.4357],[107.2108,14.4804],[107.2483,14.4767],[107.2605,14.4855],[107.2641,14.5294],[107.269,14.5391],[107.2806,14.5347],[107.2919,14.5707],[107.3046,14.5831],[107.3409,14.5826],[107.3827,14.5322],[107.398,14.5353],[107.4318,14.52],[107.4495,14.5235],[107.455,14.5307],[107.4474,14.5388],[107.4586,14.5539],[107.4596,14.5829],[107.4686,14.5938],[107.4659,14.6089],[107.4817,14.6195],[107.497,14.6198],[107.5019,14.6359],[107.5205,14.6479],[107.5263,14.68],[107.5371,14.688],[107.555,14.6865]]]}},{"type":"Feature","properties":{"id":"adm1_43","ten":"Siemréab, Cambodia","country":"Cambodia","bounds":[103.3919,12.7332,104.6851,14.2107]},"geometry":{"type":"Polygon","coordinates":[[[104.4447,14.2023],[104.4644,14.1751],[104.5109,14.1419],[104.44,14.0661],[104.4197,13.9928],[104.4298,13.9709],[104.4215,13.9529],[104.4286,13.9332],[104.424,13.9172],[104.4091,13.9031],[104.4199,13.889],[104.3998,13.8871],[104.3921,13.8663],[104.3987,13.8613],[104.3847,13.8495],[104.3809,13.8352],[104.3706,13.8358],[104.3693,13.8223],[104.3602,13.8122],[104.3654,13.8045],[104.3859,13.8068],[104.3963,13.7781],[104.4163,13.7649],[104.4102,13.7489],[104.4305,13.7185],[104.4303,13.6776],[104.4425,13.6663],[104.4424,13.6516],[104.4273,13.6276],[104.4262,13.6111],[104.4042,13.5954],[104.4133,13.5664],[104.4098,13.5574],[104.5347,13.5426],[104.5541,13.5234],[104.5992,13.5215],[104.6183,13.503],[104.6523,13.5142],[104.6761,13.5324],[104.6851,13.5263],[104.6517,13.4926],[104.6511,13.4651],[104.6357,13.4406],[104.6003,13.4155],[104.5751,13.3808],[104.5686,13.3569],[104.5741,13.3168],[104.5664,13.295],[104.5735,13.2723],[104.5508,13.2049],[104.5097,13.1912],[104.4801,13.1729],[104.4732,13.1525],[104.4676,13.0459],[104.4612,13.0494],[104.454,13.0345],[104.4547,13.0187],[104.4628,13.0091],[104.4418,12.9833],[104.4246,12.984],[104.4036,12.9558],[104.3833,12.9433],[104.3614,12.8991],[104.3102,12.884],[104.3054,12.8758],[104.283,12.8739],[104.2786,12.8627],[104.2703,12.8644],[104.2704,12.8549],[104.2336,12.8129],[104.2308,12.7966],[104.2226,12.7981],[104.2173,12.792],[104.2102,12.7631],[104.185,12.7332],[104.1602,12.7911],[104.1372,12.8181],[104.0791,12.8451],[103.9971,12.9311],[103.8921,13.068],[103.8393,13.1139],[103.7582,13.1704],[103.7186,13.219],[103.7101,13.2632],[103.7027,13.2719],[103.6844,13.2841],[103.6691,13.2722],[103.6494,13.291],[103.6279,13.2959],[103.6121,13.2894],[103.5954,13.2911],[103.5822,13.3102],[103.5621,13.3091],[103.5567,13.328],[103.5307,13.3376],[103.526,13.3475],[103.5078,13.3498],[103.497,13.3413],[103.4796,13.3511],[103.4665,13.3437],[103.4605,13.3517],[103.4171,13.3653],[103.4145,13.3859],[103.3968,13.4096],[103.3962,13.4208],[103.4058,13.4499],[103.417,13.4602],[103.4018,13.4736],[103.4066,13.4759],[103.4049,13.4956],[103.4111,13.4907],[103.4104,13.4972],[103.4157,13.4967],[103.4079,13.5114],[103.4168,13.5104],[103.4149,13.5254],[103.4207,13.5267],[103.4207,13.5401],[103.4122,13.548],[103.4178,13.5578],[103.4101,13.5559],[103.4116,13.5629],[103.4055,13.566],[103.416,13.5681],[103.4205,13.5763],[103.4131,13.5733],[103.4103,13.5787],[103.416,13.58],[103.4066,13.5856],[103.4176,13.5939],[103.4085,13.6019],[103.4108,13.6093],[103.398,13.6051],[103.4011,13.6114],[103.3919,13.6186],[103.3993,13.6214],[103.4001,13.6304],[103.4115,13.6306],[103.3989,13.6419],[103.4031,13.6528],[103.4424,13.6884],[103.4236,13.7068],[103.4232,13.7204],[103.4312,13.722],[103.4241,13.728],[103.4329,13.7334],[103.4217,13.7327],[103.427,13.7381],[103.4228,13.7412],[103.4346,13.7505],[103.4254,13.752],[103.4267,13.7641],[103.4123,13.7733],[103.4256,13.771],[103.4223,13.7766],[103.4273,13.7748],[103.4247,13.7863],[103.4305,13.7894],[103.4309,13.7929],[103.4273,13.7894],[103.4237,13.7945],[103.4367,13.7981],[103.4319,13.8052],[103.4445,13.814],[103.4333,13.8144],[103.4355,13.8223],[103.4283,13.8215],[103.424,13.8308],[103.4286,13.8402],[103.4208,13.8406],[103.434,13.8635],[103.4274,13.8732],[103.432,13.8775],[103.4443,13.874],[103.4463,13.8818],[103.4588,13.882],[103.4606,13.8886],[103.4773,13.8892],[103.4815,13.8993],[103.4911,13.8931],[103.4923,13.8979],[103.5095,13.8984],[103.5129,13.8922],[103.5192,13.8978],[103.5228,13.8924],[103.5328,13.8941],[103.535,13.901],[103.5408,13.8916],[103.5514,13.9028],[103.5587,13.8965],[103.5589,13.9059],[103.5709,13.9015],[103.571,13.9144],[103.5777,13.9124],[103.5849,13.9255],[103.596,13.9224],[103.6078,13.9435],[103.6238,13.9512],[103.6219,13.9597],[103.6322,13.9577],[103.6286,13.9619],[103.6382,13.9687],[103.6487,13.9593],[103.6544,13.9688],[103.6646,13.9666],[103.6639,13.9611],[103.6838,13.9581],[103.6775,13.9625],[103.6875,13.9788],[103.7098,13.9988],[103.7085,14.0167],[103.7218,14.0179],[103.727,14.0115],[103.737,14.0196],[103.7323,14.023],[103.743,14.0229],[103.7377,14.0285],[103.7449,14.0342],[103.7581,14.0317],[103.7632,14.039],[103.7599,14.0463],[103.7821,14.0569],[103.7706,14.0678],[103.7808,14.0785],[103.7738,14.082],[103.8035,14.1038],[103.8054,14.1189],[103.8389,14.1263],[103.842,14.1336],[103.8546,14.1339],[103.855,14.1406],[103.8702,14.1352],[103.8743,14.1399],[103.9092,14.1403],[103.9138,14.1489],[103.9543,14.1453],[103.9737,14.154],[104.031,14.1557],[104.0515,14.1631],[104.0442,14.131],[104.0592,14.1042],[104.0713,14.0993],[104.1231,14.0476],[104.1492,14.045],[104.1748,14.063],[104.1816,14.0767],[104.2217,14.0832],[104.2476,14.1047],[104.2827,14.1129],[104.2991,14.1289],[104.3436,14.1398],[104.3799,14.158],[104.4142,14.2068],[104.4293,14.2107],[104.4447,14.2023]]]}},{"type":"Feature","properties":{"id":"adm1_44","ten":"Stœng Trêng, Cambodia","country":"Cambodia","bounds":[105.521,13.112,106.7893,14.591]},"geometry":{"type":"Polygon","coordinates":[[[106.7579,14.398],[106.7484,14.3591],[106.7516,14.2706],[106.7607,14.2326],[106.7522,14.1704],[106.782,14.1046],[106.7893,14.0706],[106.7564,14.0236],[106.7331,14.0187],[106.7079,14.0037],[106.7029,13.9944],[106.6691,13.9951],[106.6562,13.9843],[106.6156,13.9907],[106.6137,13.967],[106.6194,13.9403],[106.6277,13.9324],[106.6254,13.9058],[106.6381,13.8872],[106.6336,13.8637],[106.6495,13.8521],[106.6523,13.8361],[106.6605,13.8357],[106.6652,13.8274],[106.6565,13.8085],[106.663,13.7734],[106.6374,13.7404],[106.6323,13.7187],[106.6183,13.7013],[106.5872,13.6811],[106.5316,13.6685],[106.5309,13.5514],[106.5531,13.5432],[106.5713,13.5164],[106.5751,13.4927],[106.5993,13.4489],[106.5999,13.4365],[106.6134,13.4262],[106.6156,13.4154],[106.6043,13.4048],[106.6064,13.3949],[106.6229,13.3857],[106.6215,13.3749],[106.6286,13.3696],[106.6257,13.3442],[106.6089,13.3394],[106.6077,13.3203],[106.6013,13.3176],[106.5746,13.3323],[106.5578,13.3494],[106.5333,13.3462],[106.5141,13.3525],[106.4909,13.3788],[106.4188,13.4159],[106.3388,13.3977],[106.3061,13.4057],[106.2969,13.3969],[106.2664,13.4042],[106.2542,13.3902],[106.2466,13.3921],[106.242,13.3865],[106.2389,13.3671],[106.2208,13.3589],[106.1659,13.3678],[106.1103,13.3644],[106.083,13.3497],[106.0858,13.3333],[106.0329,13.2696],[106.0235,13.251],[106.028,13.2417],[106.0243,13.2243],[106.0057,13.213],[105.9676,13.2281],[105.966,13.1941],[105.9483,13.1667],[105.9463,13.1489],[105.9288,13.1379],[105.9067,13.1365],[105.8745,13.1128],[105.854,13.112],[105.803,13.1301],[105.7431,13.1818],[105.696,13.2047],[105.6594,13.2047],[105.6082,13.2278],[105.5901,13.2286],[105.5882,13.2489],[105.5698,13.2681],[105.55,13.2762],[105.5469,13.3666],[105.5527,13.4071],[105.5473,13.4364],[105.5389,13.4452],[105.5675,13.4881],[105.5638,13.5412],[105.5731,13.5934],[105.5718,13.6355],[105.5785,13.6506],[105.5661,13.7063],[105.5504,13.737],[105.5351,13.7464],[105.5258,13.763],[105.5303,13.8036],[105.521,13.8242],[105.5298,13.8507],[105.5484,13.8631],[105.5551,13.8615],[105.5825,13.8857],[105.6011,13.878],[105.6209,13.8552],[105.6289,13.8555],[105.6357,13.8661],[105.6673,13.873],[105.6812,13.8612],[105.6916,13.8657],[105.6996,13.86],[105.7137,13.8655],[105.7169,13.8753],[105.7047,13.8872],[105.7032,13.9071],[105.7129,13.9146],[105.7525,13.9203],[105.8708,13.9195],[105.9006,13.9349],[105.9126,13.9263],[105.9671,13.9255],[105.988,13.9196],[106.0098,13.9273],[106.1066,13.9076],[106.1106,13.9433],[106.1052,13.9844],[106.1333,14.0007],[106.1398,14.0125],[106.164,14.0152],[106.1768,14.025],[106.1889,14.0609],[106.1533,14.0814],[106.1321,14.1049],[106.1139,14.1429],[106.1122,14.1826],[106.0601,14.1997],[106.0359,14.2311],[106.0311,14.2485],[106.037,14.2706],[106.0265,14.3072],[106.0008,14.3191],[106.0029,14.3693],[106.0294,14.3429],[106.0518,14.3458],[106.06,14.3409],[106.0677,14.3492],[106.0807,14.335],[106.0871,14.3484],[106.0834,14.3624],[106.097,14.3705],[106.103,14.3676],[106.1052,14.3734],[106.1231,14.3545],[106.1465,14.3695],[106.1618,14.3513],[106.1926,14.3469],[106.221,14.36],[106.239,14.3963],[106.2431,14.4269],[106.2537,14.4413],[106.2427,14.4601],[106.2551,14.4853],[106.2679,14.4705],[106.2708,14.4763],[106.295,14.4661],[106.3001,14.449],[106.3111,14.4484],[106.3188,14.4381],[106.3329,14.4372],[106.3722,14.4522],[106.4121,14.4491],[106.4232,14.4602],[106.4236,14.4713],[106.4422,14.4864],[106.4326,14.5022],[106.4366,14.5205],[106.473,14.5096],[106.4808,14.5143],[106.461,14.5386],[106.4629,14.5515],[106.5134,14.5871],[106.5444,14.591],[106.5594,14.5622],[106.5618,14.5357],[106.572,14.5224],[106.5631,14.507],[106.5662,14.4974],[106.6027,14.506],[106.6042,14.4928],[106.6149,14.4941],[106.6148,14.4713],[106.6218,14.4563],[106.6298,14.4564],[106.6324,14.4411],[106.6639,14.4464],[106.6642,14.436],[106.7172,14.42],[106.7265,14.4335],[106.7407,14.4278],[106.7579,14.398]]]}},{"type":"Feature","properties":{"id":"adm1_45","ten":"Svay Rieng, Cambodia","country":"Cambodia","bounds":[105.5796,10.791,106.2015,11.5979]},"geometry":{"type":"Polygon","coordinates":[[[105.8086,11.5979],[105.818,11.5675],[105.8501,11.5605],[105.8604,11.5663],[105.8757,11.5501],[105.8844,11.528],[105.8773,11.5065],[105.8829,11.4848],[105.8727,11.4627],[105.9018,11.4423],[105.9009,11.4317],[105.8873,11.4228],[105.8856,11.4117],[105.871,11.4038],[105.875,11.3908],[105.8681,11.3816],[105.8704,11.373],[105.8803,11.3686],[105.8807,11.357],[105.865,11.3212],[105.8686,11.3025],[105.8631,11.2827],[105.8894,11.2867],[105.9072,11.2797],[105.9088,11.2422],[105.9407,11.2059],[106.0129,11.1872],[106.0187,11.1438],[106.0505,11.1254],[106.0745,11.0978],[106.0853,11.101],[106.1026,11.0705],[106.1238,11.0893],[106.1537,11.1014],[106.1872,11.0489],[106.1939,10.9922],[106.2015,10.9764],[106.1535,10.9842],[106.1413,10.9778],[106.1478,10.9419],[106.134,10.9158],[106.1601,10.8869],[106.1855,10.8408],[106.1888,10.791],[106.1598,10.8156],[106.0731,10.8143],[106.0074,10.8595],[105.9442,10.917],[105.9383,10.9175],[105.9383,10.9124],[105.9482,10.8842],[105.9251,10.8624],[105.9298,10.8408],[105.8504,10.8636],[105.8624,10.9024],[105.8126,10.9685],[105.7829,11.0304],[105.7754,11.0333],[105.7244,11.0259],[105.6669,10.9889],[105.6114,10.9749],[105.6078,10.9955],[105.5926,10.9972],[105.5796,11.007],[105.6033,11.0521],[105.6059,11.0905],[105.6354,11.121],[105.6158,11.1415],[105.6057,11.1982],[105.6243,11.2374],[105.624,11.2495],[105.6352,11.2586],[105.6331,11.2664],[105.6431,11.2728],[105.6518,11.2643],[105.6686,11.2639],[105.6521,11.3204],[105.6516,11.3997],[105.6592,11.438],[105.6688,11.4542],[105.6653,11.4863],[105.6847,11.5085],[105.6768,11.5333],[105.6899,11.5458],[105.693,11.5641],[105.7434,11.5772],[105.7457,11.5875],[105.7832,11.5873],[105.8086,11.5979]]]}},{"type":"Feature","properties":{"id":"adm1_46","ten":"Takêv, Cambodia","country":"Cambodia","bounds":[104.4106,10.5202,105.0911,11.3523]},"geometry":{"type":"Polygon","coordinates":[[[105.0357,10.8984],[105.0284,10.8916],[105.0299,10.8753],[105.058,10.8189],[105.0608,10.7794],[105.0877,10.7535],[105.0911,10.7222],[104.9605,10.6467],[104.9334,10.6154],[104.8955,10.5476],[104.8653,10.5225],[104.7512,10.5202],[104.7146,10.5323],[104.7187,10.5357],[104.7116,10.5486],[104.7128,10.5788],[104.7064,10.5852],[104.7097,10.6173],[104.6735,10.6211],[104.671,10.6956],[104.7021,10.7397],[104.7042,10.7649],[104.7271,10.7802],[104.7059,10.8063],[104.7066,10.8385],[104.6972,10.8611],[104.6737,10.8982],[104.6577,10.906],[104.6183,10.9019],[104.5853,10.8856],[104.536,10.8865],[104.5225,10.8938],[104.5412,10.9294],[104.5417,10.9634],[104.5231,11.0239],[104.4998,11.0577],[104.4871,11.059],[104.488,11.0702],[104.4687,11.0563],[104.4613,11.063],[104.4554,11.0572],[104.4554,11.0692],[104.4321,11.0809],[104.4106,11.0768],[104.4107,11.1369],[104.4291,11.1271],[104.4446,11.1314],[104.4603,11.1227],[104.5155,11.1303],[104.5388,11.106],[104.6348,11.0774],[104.6428,11.0851],[104.6852,11.0893],[104.6848,11.1592],[104.7069,11.298],[104.7113,11.3204],[104.7298,11.346],[104.7332,11.35],[104.7566,11.336],[104.8008,11.3523],[104.8352,11.3413],[104.8533,11.341],[104.8682,11.3508],[104.8761,11.346],[104.8953,11.3483],[104.9278,11.3249],[104.9392,11.327],[104.9397,11.2978],[104.9275,11.2668],[104.941,11.2411],[104.9806,11.2205],[104.9853,11.2033],[104.9804,11.181],[104.9872,11.173],[105.0177,11.1726],[105.0122,11.1593],[105.0264,11.1606],[105.0194,11.156],[105.0179,11.0989],[105.0108,11.0937],[105.0014,11.0568],[104.9958,11.055],[104.9925,11.0358],[104.9979,11.028],[104.9906,11.0064],[104.996,10.9972],[105.0306,10.9901],[105.031,10.9611],[105.0425,10.9268],[105.0321,10.9072],[105.0357,10.8984]]]}},{"type":"Feature","properties":{"id":"adm1_47","ten":"Tbong Khmum, Cambodia","country":"Cambodia","bounds":[105.4087,11.599,106.464,12.3037]},"geometry":{"type":"Polygon","coordinates":[[[105.646,12.2845],[105.7782,12.258],[105.8302,12.2566],[105.8305,12.2403],[105.8453,12.2033],[105.8535,12.2016],[105.8655,12.2217],[105.8714,12.2142],[105.8782,12.2182],[105.8828,12.2104],[105.8944,12.2095],[105.9099,12.2131],[105.9092,12.2207],[105.9155,12.2124],[105.9313,12.2211],[105.9473,12.196],[105.9542,12.1998],[105.9709,12.1945],[105.9806,12.2044],[105.9849,12.1976],[105.9869,12.2026],[105.9939,12.2003],[105.9944,12.1895],[105.9846,12.1896],[105.9941,12.1779],[105.9967,12.1845],[106.0107,12.1801],[106.0071,12.1751],[106.0192,12.1607],[106.0169,12.1456],[106.0298,12.1455],[106.0452,12.1564],[106.0422,12.1441],[106.0477,12.1452],[106.0505,12.1353],[106.0601,12.1302],[106.0545,12.1209],[106.0592,12.11],[106.0494,12.1076],[106.0409,12.0955],[106.0505,12.0893],[106.0439,12.081],[106.0523,12.0861],[106.0691,12.0785],[106.0764,12.0819],[106.0736,12.0709],[106.0826,12.0682],[106.086,12.074],[106.101,12.075],[106.1071,12.0737],[106.1057,12.0671],[106.1116,12.075],[106.1201,12.0555],[106.1321,12.0551],[106.1334,12.0445],[106.1351,12.0516],[106.1397,12.0477],[106.1479,12.0538],[106.1574,12.0394],[106.1628,12.042],[106.173,12.0341],[106.1816,12.0062],[106.1713,11.9961],[106.1739,11.9706],[106.1658,11.9653],[106.1763,11.9641],[106.1794,11.9494],[106.1994,11.9679],[106.1999,11.9635],[106.2209,11.9643],[106.2227,11.9558],[106.2352,11.9665],[106.2552,11.9519],[106.3119,11.9643],[106.3538,11.9489],[106.3634,11.955],[106.3776,11.9532],[106.3987,11.9765],[106.4088,11.9755],[106.464,11.8675],[106.4456,11.8674],[106.4399,11.8602],[106.4375,11.8403],[106.4467,11.8264],[106.4126,11.7664],[106.4252,11.7285],[106.4523,11.6899],[106.4506,11.6738],[106.4319,11.6722],[106.3791,11.7017],[106.3378,11.6829],[106.3292,11.6875],[106.3145,11.6776],[106.2993,11.6766],[106.2697,11.705],[106.2728,11.7124],[106.2661,11.7201],[106.2132,11.7318],[106.188,11.7538],[106.1661,11.75],[106.1507,11.7381],[106.1338,11.7461],[106.11,11.7463],[106.0697,11.7775],[106.0367,11.7803],[106.0111,11.7688],[106.0055,11.7199],[105.9772,11.6951],[105.9768,11.6671],[105.9524,11.6406],[105.9224,11.6516],[105.8815,11.6781],[105.8563,11.6681],[105.8311,11.6488],[105.8298,11.624],[105.8092,11.6194],[105.8139,11.6095],[105.8098,11.599],[105.7951,11.6066],[105.7901,11.6209],[105.7745,11.6327],[105.7639,11.6525],[105.7641,11.6665],[105.7337,11.6923],[105.7208,11.7238],[105.7004,11.7421],[105.6175,11.7418],[105.4633,11.7648],[105.4449,11.7541],[105.4252,11.7667],[105.4087,11.793],[105.4157,11.8017],[105.4109,11.8167],[105.4199,11.8268],[105.4467,11.8345],[105.4545,11.8882],[105.4662,11.9009],[105.4552,11.9133],[105.4699,11.9457],[105.4744,12.0123],[105.4932,12.0572],[105.5096,12.0633],[105.5315,12.1144],[105.5401,12.1737],[105.5374,12.223],[105.5527,12.2696],[105.5721,12.2894],[105.6074,12.3037],[105.646,12.2845]]]}},{"type":"Feature","properties":{"id":"adm1_48","ten":"Amnat Charoen, Thailand","country":"Thailand","bounds":[104.4211,15.5356,105.0628,16.2819]},"geometry":{"type":"Polygon","coordinates":[[[104.9807,16.2775],[105.0184,16.2401],[105.0142,16.19],[105.0353,16.1422],[105.0432,16.1074],[105.0628,16.0955],[105.0431,16.0909],[105.024,16.0471],[105.0076,16.026],[105.0116,15.9633],[104.9765,15.9279],[104.9743,15.9121],[104.9921,15.9096],[104.9657,15.8586],[104.9672,15.8108],[104.9615,15.7871],[104.9114,15.7614],[104.9075,15.7537],[104.9089,15.7258],[104.8935,15.687],[104.8971,15.6521],[104.9357,15.6361],[104.9291,15.6237],[104.9334,15.6177],[104.9261,15.6127],[104.929,15.6012],[104.9104,15.5947],[104.8876,15.5719],[104.8977,15.5618],[104.8894,15.5431],[104.8847,15.5449],[104.8826,15.5356],[104.8724,15.5373],[104.8763,15.5448],[104.8672,15.5471],[104.8675,15.5594],[104.8792,15.5609],[104.8643,15.5778],[104.8495,15.5723],[104.8476,15.5817],[104.8389,15.5792],[104.8393,15.59],[104.832,15.588],[104.8341,15.5823],[104.8261,15.5835],[104.8137,15.6043],[104.8052,15.5917],[104.7918,15.5985],[104.7898,15.6189],[104.7835,15.6171],[104.7799,15.6263],[104.7486,15.6406],[104.7446,15.6564],[104.7311,15.6461],[104.7229,15.6559],[104.6961,15.6574],[104.6872,15.6687],[104.6501,15.6759],[104.6384,15.6871],[104.6258,15.6867],[104.6037,15.6717],[104.6142,15.6617],[104.6319,15.6614],[104.6403,15.6454],[104.6171,15.6374],[104.6138,15.6277],[104.6187,15.622],[104.607,15.6111],[104.5807,15.6019],[104.5883,15.5654],[104.5573,15.5547],[104.5499,15.5408],[104.539,15.5508],[104.5298,15.55],[104.5287,15.5567],[104.5135,15.5585],[104.5067,15.585],[104.494,15.5848],[104.4914,15.5927],[104.4835,15.5885],[104.485,15.5834],[104.466,15.5858],[104.4607,15.5931],[104.4692,15.5996],[104.4638,15.6074],[104.4688,15.6134],[104.4665,15.6263],[104.4519,15.6159],[104.4418,15.6167],[104.4499,15.6342],[104.4405,15.6472],[104.4486,15.654],[104.4388,15.6655],[104.4481,15.6697],[104.4427,15.6753],[104.446,15.6825],[104.439,15.6852],[104.4438,15.6978],[104.422,15.6961],[104.4333,15.7365],[104.4211,15.7458],[104.4361,15.7515],[104.4278,15.7704],[104.4423,15.8046],[104.4374,15.8118],[104.4627,15.842],[104.4502,15.866],[104.4591,15.8736],[104.4541,15.8785],[104.4613,15.895],[104.4563,15.8995],[104.4695,15.9011],[104.471,15.9164],[104.5056,15.9488],[104.5065,15.9803],[104.52,15.982],[104.528,15.9986],[104.5328,15.9961],[104.5182,16.024],[104.5329,16.0363],[104.5364,16.0525],[104.5629,16.0957],[104.6043,16.1033],[104.6265,16.1215],[104.6665,16.1207],[104.7434,16.0972],[104.7652,16.0966],[104.7871,16.1084],[104.805,16.0938],[104.8149,16.0934],[104.8266,16.1537],[104.8079,16.16],[104.7933,16.1547],[104.7701,16.1937],[104.7924,16.1973],[104.802,16.1863],[104.8227,16.185],[104.8311,16.2019],[104.857,16.199],[104.882,16.2087],[104.8887,16.2337],[104.9162,16.2537],[104.9336,16.2517],[104.949,16.2605],[104.9621,16.2722],[104.9604,16.2819],[104.9807,16.2775]]]}},{"type":"Feature","properties":{"id":"adm1_49","ten":"Bueng Kan, Thailand","country":"Thailand","bounds":[103.2483,17.7674,104.1915,18.4467]},"geometry":{"type":"Polygon","coordinates":[[[104.1915,18.0205],[104.1872,18.025],[104.1764,18.0184],[104.1747,18.0005],[104.1531,18.0214],[104.1475,18.0118],[104.1149,18.0012],[104.1217,17.9727],[104.1368,17.9626],[104.1425,17.95],[104.1295,17.9269],[104.0914,17.899],[104.0755,17.8774],[104.0515,17.8879],[104.053,17.9011],[104.0447,17.9066],[104.0327,17.9079],[104.0185,17.892],[104.0007,17.8905],[103.9846,17.8575],[104.0051,17.8473],[104.0009,17.8398],[104.0148,17.8286],[104.0126,17.8168],[104.0194,17.8081],[104.0031,17.8054],[104.0023,17.7863],[103.9902,17.7857],[103.9828,17.7674],[103.9727,17.7762],[103.976,17.7811],[103.9593,17.772],[103.9444,17.7812],[103.9366,17.8035],[103.9198,17.817],[103.928,17.831],[103.9252,17.8538],[103.9184,17.8573],[103.9032,17.8463],[103.9089,17.8787],[103.8784,17.8738],[103.8681,17.862],[103.871,17.8771],[103.8587,17.8811],[103.8384,17.8678],[103.7997,17.8748],[103.7979,17.8685],[103.8146,17.8556],[103.7981,17.8399],[103.7679,17.8811],[103.7709,17.8885],[103.79,17.8896],[103.7782,17.9056],[103.7853,17.9293],[103.7674,17.9178],[103.7599,17.9193],[103.7683,17.9527],[103.7523,17.9236],[103.7561,17.9134],[103.7491,17.9085],[103.7242,17.9239],[103.7189,17.94],[103.7067,17.9367],[103.7073,17.9422],[103.6863,17.9538],[103.6646,17.9485],[103.6706,17.9649],[103.666,17.9714],[103.6548,17.9613],[103.6417,17.962],[103.6405,17.9749],[103.6283,17.9665],[103.6244,18.0006],[103.6444,18.0114],[103.6147,18.0119],[103.6095,18.0334],[103.5983,18.0488],[103.5912,18.0461],[103.5908,18.0368],[103.5826,18.0379],[103.5629,18.0609],[103.5463,18.0636],[103.5422,18.0724],[103.5501,18.0771],[103.5451,18.0881],[103.5395,18.0675],[103.5183,18.0737],[103.5075,18.0676],[103.5073,18.0578],[103.4997,18.0648],[103.4964,18.0601],[103.5009,18.0423],[103.4938,18.039],[103.5061,17.9952],[103.4946,17.9862],[103.4746,18.004],[103.4671,17.9871],[103.4509,17.9925],[103.4411,17.9806],[103.4544,17.976],[103.449,17.9652],[103.4422,17.9731],[103.4291,17.9749],[103.4321,17.9809],[103.4034,17.9916],[103.4092,18.0025],[103.3982,18.0076],[103.3941,18.0225],[103.3738,18.0307],[103.3562,18.0246],[103.3524,18.0445],[103.3148,18.0552],[103.3017,18.0818],[103.3163,18.1],[103.2948,18.1062],[103.2999,18.1497],[103.308,18.154],[103.3255,18.1486],[103.3281,18.1301],[103.3591,18.1643],[103.3173,18.2113],[103.2838,18.2325],[103.2675,18.2294],[103.2676,18.2473],[103.2622,18.2462],[103.2609,18.2592],[103.2775,18.2597],[103.2786,18.2668],[103.2807,18.2616],[103.2853,18.2676],[103.2891,18.2626],[103.2887,18.27],[103.2973,18.2697],[103.2933,18.2756],[103.2993,18.2782],[103.3021,18.3076],[103.2898,18.329],[103.2794,18.3351],[103.26,18.3329],[103.2494,18.3421],[103.2483,18.3656],[103.3098,18.4297],[103.3525,18.4322],[103.4084,18.4467],[103.4595,18.4227],[103.5304,18.4232],[103.573,18.403],[103.6139,18.4003],[103.6986,18.3407],[103.8212,18.3356],[103.8368,18.324],[103.8602,18.2804],[103.8869,18.2895],[103.9257,18.3253],[103.9501,18.3356],[103.9724,18.3351],[103.9919,18.3185],[104.0629,18.2179],[104.1106,18.1115],[104.1915,18.0205]]]}},{"type":"Feature","properties":{"id":"adm1_50","ten":"Buri Ram, Thailand","country":"Thailand","bounds":[102.4344,14.1295,103.5062,15.794]},"geometry":{"type":"Polygon","coordinates":[[[102.9328,15.794],[102.9414,15.7822],[102.9433,15.7651],[102.9734,15.7557],[102.9894,15.7315],[102.9996,15.738],[103.0069,15.7273],[103.0048,15.7154],[103.0126,15.7022],[103.0072,15.6833],[102.9773,15.6688],[102.9759,15.659],[103.014,15.6259],[103.0149,15.6132],[103.0288,15.5985],[103.0548,15.5907],[103.0483,15.5622],[103.08,15.5416],[103.0836,15.5457],[103.093,15.532],[103.091,15.5247],[103.0858,15.5263],[103.0866,15.5166],[103.0768,15.5108],[103.0743,15.4965],[103.1128,15.4822],[103.1178,15.4677],[103.1096,15.4619],[103.1126,15.4489],[103.0922,15.4176],[103.1097,15.4127],[103.1085,15.4076],[103.1198,15.3996],[103.1366,15.3987],[103.1407,15.4096],[103.1472,15.4003],[103.1428,15.3871],[103.1503,15.3794],[103.1551,15.3828],[103.1573,15.3766],[103.1507,15.3734],[103.1655,15.3618],[103.1593,15.3512],[103.1737,15.3618],[103.1808,15.3585],[103.1827,15.3659],[103.1967,15.3635],[103.199,15.3567],[103.1897,15.3558],[103.1989,15.334],[103.2141,15.3405],[103.2126,15.3303],[103.2221,15.3326],[103.2261,15.3277],[103.2215,15.3202],[103.2325,15.3148],[103.2335,15.322],[103.2458,15.3158],[103.2547,15.321],[103.2513,15.3058],[103.2619,15.3127],[103.2684,15.3096],[103.2682,15.3164],[103.2779,15.3175],[103.2791,15.3128],[103.2872,15.3174],[103.2829,15.3056],[103.2915,15.298],[103.3079,15.3182],[103.3192,15.3185],[103.3166,15.3265],[103.3309,15.3297],[103.3313,15.3366],[103.3409,15.3344],[103.344,15.3431],[103.3512,15.3388],[103.3517,15.3464],[103.3635,15.3444],[103.3629,15.3375],[103.3758,15.338],[103.3869,15.326],[103.3988,15.3328],[103.4015,15.3274],[103.3883,15.319],[103.4059,15.3068],[103.4213,15.3149],[103.4317,15.3072],[103.4382,15.3333],[103.4448,15.3294],[103.4529,15.3338],[103.4441,15.3379],[103.4494,15.3437],[103.4613,15.3343],[103.4638,15.3406],[103.4738,15.3361],[103.4718,15.3232],[103.4861,15.317],[103.4875,15.3093],[103.4946,15.3144],[103.4989,15.3057],[103.5055,15.3111],[103.4991,15.2976],[103.5062,15.2898],[103.4825,15.2934],[103.4717,15.2784],[103.4639,15.28],[103.4614,15.255],[103.4434,15.2609],[103.4492,15.2534],[103.4371,15.2352],[103.4393,15.2186],[103.4308,15.2127],[103.4383,15.2049],[103.4283,15.2065],[103.4215,15.2003],[103.4208,15.1865],[103.431,15.1806],[103.4229,15.1667],[103.431,15.1573],[103.4228,15.1494],[103.4305,15.1395],[103.4262,15.1273],[103.435,15.1205],[103.4275,15.1045],[103.4435,15.1047],[103.4404,15.0972],[103.4336,15.0979],[103.4307,15.0815],[103.4442,15.0855],[103.4252,15.0633],[103.4417,15.0554],[103.45,15.0434],[103.4404,15.0282],[103.4238,15.0282],[103.4121,15.0011],[103.4291,14.992],[103.4228,14.9851],[103.4334,14.9768],[103.423,14.9756],[103.4319,14.9698],[103.4196,14.9565],[103.4305,14.9404],[103.4282,14.9273],[103.4209,14.9175],[103.405,14.9177],[103.4016,14.8996],[103.4078,14.896],[103.3925,14.8929],[103.3949,14.8839],[103.3827,14.8759],[103.3875,14.8704],[103.3799,14.8691],[103.3782,14.8581],[103.37,14.8591],[103.3543,14.8385],[103.344,14.8369],[103.3492,14.8291],[103.3348,14.8315],[103.3224,14.825],[103.3166,14.8086],[103.3127,14.8125],[103.3104,14.8063],[103.3007,14.8057],[103.2957,14.8101],[103.2914,14.8054],[103.2948,14.7832],[103.2843,14.7816],[103.2773,14.7687],[103.2684,14.766],[103.2767,14.7352],[103.2672,14.6925],[103.2605,14.6863],[103.2618,14.6698],[103.2345,14.645],[103.2393,14.616],[103.2149,14.5922],[103.212,14.5746],[103.2229,14.5627],[103.2247,14.5451],[103.2149,14.5371],[103.2232,14.5165],[103.2159,14.5034],[103.237,14.4805],[103.2361,14.4665],[103.2489,14.4402],[103.238,14.4077],[103.2228,14.3997],[103.2339,14.3865],[103.2234,14.3763],[103.229,14.3255],[103.2213,14.3217],[103.1706,14.3329],[103.1559,14.3124],[103.1437,14.3246],[103.1313,14.3184],[103.1329,14.3056],[103.126,14.3002],[103.0847,14.2945],[103.0768,14.2841],[103.0601,14.2835],[103.0586,14.2718],[103.034,14.2481],[103.0346,14.2393],[103.0243,14.2284],[103.0137,14.2299],[102.9993,14.2124],[102.9561,14.2062],[102.9575,14.1947],[102.943,14.195],[102.9415,14.1832],[102.9129,14.1662],[102.8998,14.1626],[102.8773,14.1716],[102.8699,14.1478],[102.8328,14.1666],[102.8317,14.1561],[102.8137,14.1706],[102.8018,14.1579],[102.7939,14.1708],[102.7848,14.1544],[102.7785,14.1606],[102.7641,14.1376],[102.7368,14.1398],[102.6968,14.1295],[102.6868,14.1478],[102.6578,14.164],[102.6353,14.1475],[102.6087,14.1698],[102.5522,14.1336],[102.5242,14.1414],[102.509,14.1308],[102.4851,14.1398],[102.4766,14.13],[102.47,14.1309],[102.4654,14.1383],[102.4561,14.1366],[102.4538,14.1441],[102.4344,14.1466],[102.4533,14.1914],[102.4698,14.1901],[102.4777,14.1985],[102.4895,14.1876],[102.5026,14.1861],[102.5136,14.1994],[102.5409,14.2007],[102.5509,14.2155],[102.5776,14.2238],[102.6248,14.263],[102.6883,14.2971],[102.6648,14.3159],[102.642,14.3246],[102.6222,14.3186],[102.6044,14.3214],[102.5886,14.334],[102.5842,14.3567],[102.57,14.361],[102.5641,14.3743],[102.5708,14.4257],[102.5841,14.4435],[102.6005,14.4458],[102.6111,14.4927],[102.5233,14.5056],[102.4965,14.5041],[102.4834,14.5118],[102.4943,14.5351],[102.4971,14.564],[102.472,14.6157],[102.478,14.6493],[102.4606,14.7057],[102.4684,14.7224],[102.491,14.7329],[102.4819,14.7355],[102.4828,14.7444],[102.4713,14.7608],[102.4461,14.7783],[102.442,14.7987],[102.4613,14.8335],[102.4778,14.8125],[102.5021,14.801],[102.5352,14.813],[102.5539,14.8595],[102.5429,14.8981],[102.5692,14.926],[102.5656,14.9361],[102.5487,14.9445],[102.5599,14.9547],[102.5747,14.956],[102.6025,14.9348],[102.6985,14.9327],[102.7115,14.9541],[102.7089,14.9686],[102.716,14.9828],[102.7345,14.9938],[102.7519,14.9913],[102.7585,15.008],[102.7555,15.0275],[102.7839,15.039],[102.7751,15.0562],[102.7768,15.0693],[102.7733,15.0743],[102.767,15.0701],[102.7639,15.0768],[102.7813,15.0877],[102.819,15.141],[102.8328,15.1454],[102.8508,15.1685],[102.877,15.1719],[102.8971,15.1872],[102.94,15.182],[102.9686,15.1909],[102.9766,15.2053],[102.962,15.2194],[102.9637,15.2388],[102.9572,15.2498],[102.9631,15.2603],[102.9566,15.27],[102.9697,15.2912],[102.9544,15.3135],[102.9695,15.3314],[102.9921,15.3339],[102.9939,15.3467],[102.9872,15.3533],[102.9892,15.3691],[102.9581,15.3794],[102.9536,15.4009],[102.9595,15.4087],[102.9605,15.4016],[102.9684,15.4052],[102.9672,15.4174],[102.9784,15.4278],[102.9802,15.4151],[102.9851,15.4158],[102.9848,15.4253],[102.9956,15.4133],[103.0022,15.4253],[103.0138,15.4267],[103.0085,15.431],[103.0115,15.4354],[102.9977,15.4516],[102.9945,15.467],[102.9872,15.4653],[102.9798,15.4805],[102.9699,15.4763],[102.9671,15.4839],[102.9619,15.4777],[102.9521,15.4753],[102.9477,15.4809],[102.9394,15.4742],[102.9465,15.488],[102.9412,15.4951],[102.9313,15.4874],[102.9241,15.4977],[102.9332,15.5016],[102.9278,15.5093],[102.9147,15.5064],[102.912,15.5138],[102.8985,15.5193],[102.8907,15.512],[102.8857,15.5218],[102.874,15.5181],[102.8757,15.5106],[102.8661,15.5064],[102.838,15.5146],[102.8317,15.5038],[102.8279,15.5118],[102.8173,15.5112],[102.8134,15.5229],[102.7989,15.5297],[102.8013,15.5384],[102.7915,15.5456],[102.7948,15.5538],[102.7831,15.5618],[102.7867,15.583],[102.7792,15.592],[102.7839,15.5991],[102.7729,15.6208],[102.7813,15.6273],[102.7815,15.644],[102.8175,15.6307],[102.8686,15.6486],[102.8819,15.6914],[102.8766,15.7338],[102.8798,15.767],[102.8982,15.7859],[102.9328,15.794]]]}},{"type":"Feature","properties":{"id":"adm1_51","ten":"Chaiyaphum, Thailand","country":"Thailand","bounds":[101.3184,15.3559,102.4608,16.7287]},"geometry":{"type":"Polygon","coordinates":[[[101.7497,16.6667],[101.7557,16.6504],[101.7664,16.6534],[101.7806,16.645],[101.7765,16.6267],[101.8075,16.6508],[101.822,16.6529],[101.8244,16.6484],[101.8313,16.6565],[101.8546,16.6554],[101.8565,16.6478],[101.871,16.6475],[101.8752,16.6407],[101.8916,16.6428],[101.9078,16.6332],[101.9066,16.6301],[101.9078,16.6263],[101.9142,16.6322],[101.9212,16.6256],[101.9289,16.6324],[101.9536,16.6323],[101.9577,16.6165],[101.972,16.617],[101.9716,16.6109],[101.9795,16.6094],[101.9855,16.5953],[101.9804,16.5868],[101.9941,16.5819],[101.9915,16.5652],[102.0255,16.5567],[102.027,16.5435],[102.0347,16.5401],[102.0305,16.5377],[102.0349,16.5181],[102.046,16.5067],[102.0758,16.5008],[102.0704,16.4921],[102.0875,16.4906],[102.0971,16.4965],[102.1254,16.4925],[102.1435,16.5014],[102.1479,16.4969],[102.1599,16.5014],[102.1747,16.4894],[102.1851,16.5045],[102.1951,16.4967],[102.2056,16.5024],[102.2086,16.4961],[102.2157,16.4993],[102.2292,16.482],[102.2391,16.4822],[102.2459,16.4671],[102.2697,16.4535],[102.2794,16.458],[102.3024,16.444],[102.3197,16.4547],[102.3253,16.444],[102.367,16.4517],[102.3675,16.4369],[102.3756,16.4347],[102.3852,16.4441],[102.4014,16.445],[102.3968,16.4576],[102.4015,16.4575],[102.399,16.465],[102.4057,16.4642],[102.4164,16.4224],[102.4608,16.3904],[102.4499,16.3755],[102.4459,16.3402],[102.422,16.2976],[102.4131,16.2667],[102.4161,16.2478],[102.4053,16.2403],[102.331,16.1306],[102.2868,16.0856],[102.2826,16.0737],[102.305,16.0369],[102.3152,16.0407],[102.3299,16.0292],[102.3391,16.0367],[102.3458,16.0336],[102.3546,16.0243],[102.3575,16.0036],[102.3803,15.9931],[102.3874,15.9953],[102.3867,15.9782],[102.3666,15.9624],[102.3763,15.9436],[102.3705,15.9453],[102.366,15.9302],[102.357,15.9278],[102.3638,15.9257],[102.3551,15.8985],[102.3421,15.886],[102.339,15.8719],[102.3221,15.8647],[102.3225,15.8471],[102.3173,15.8459],[102.3237,15.8409],[102.3268,15.8283],[102.3214,15.8246],[102.3278,15.8207],[102.3297,15.8028],[102.3142,15.8065],[102.3088,15.7914],[102.2943,15.7839],[102.2586,15.78],[102.2599,15.7707],[102.2472,15.756],[102.2512,15.7494],[102.2319,15.7427],[102.2052,15.7557],[102.202,15.7383],[102.1886,15.7378],[102.1867,15.7466],[102.166,15.7439],[102.1645,15.7363],[102.1568,15.7407],[102.1565,15.7295],[102.1632,15.7256],[102.1544,15.7252],[102.1506,15.7059],[102.1443,15.7058],[102.1478,15.6837],[102.1382,15.6699],[102.1289,15.6697],[102.1331,15.6656],[102.1248,15.6609],[102.1287,15.6499],[102.1243,15.6533],[102.1223,15.6442],[102.1039,15.6373],[102.1069,15.631],[102.1004,15.6338],[102.102,15.6289],[102.0965,15.6316],[102.0932,15.6254],[102.0904,15.6324],[102.086,15.6199],[102.0759,15.6218],[102.0635,15.579],[102.0404,15.5441],[102.0451,15.5268],[102.0343,15.4977],[102.0375,15.4752],[102.0121,15.4545],[101.9979,15.4628],[101.9633,15.4517],[101.9327,15.4511],[101.9291,15.4382],[101.9138,15.4297],[101.8991,15.3993],[101.8809,15.3858],[101.8435,15.41],[101.824,15.4129],[101.8087,15.4265],[101.7996,15.4209],[101.7852,15.3876],[101.771,15.3798],[101.7302,15.3808],[101.7049,15.3932],[101.6864,15.3899],[101.6598,15.3999],[101.642,15.3933],[101.6307,15.3673],[101.6219,15.3612],[101.5991,15.3778],[101.5684,15.3703],[101.5453,15.3757],[101.5223,15.3735],[101.4947,15.3559],[101.4742,15.3676],[101.4338,15.3699],[101.4429,15.3841],[101.4379,15.3908],[101.4388,15.4191],[101.4179,15.4433],[101.4004,15.4291],[101.3996,15.4424],[101.4079,15.4533],[101.4046,15.4616],[101.4163,15.4866],[101.3862,15.4891],[101.3765,15.5232],[101.3717,15.5823],[101.3829,15.6108],[101.4078,15.7345],[101.3937,15.7435],[101.3863,15.7374],[101.3729,15.7391],[101.3369,15.7541],[101.3397,15.7664],[101.3296,15.7841],[101.3184,15.7891],[101.3321,15.8013],[101.3277,15.8066],[101.3321,15.8308],[101.3257,15.8308],[101.3327,15.8446],[101.328,15.8516],[101.3329,15.8789],[101.354,15.8873],[101.3762,15.9178],[101.3629,15.9233],[101.3711,15.9358],[101.3754,15.9666],[101.3854,15.9683],[101.3863,15.9966],[101.3938,16.0016],[101.3946,16.0349],[101.3813,16.0416],[101.3871,16.0674],[101.3988,16.0749],[101.4063,16.0649],[101.4146,16.0649],[101.4196,16.0766],[101.4029,16.0941],[101.4054,16.1099],[101.3804,16.1199],[101.3771,16.1341],[101.3588,16.1399],[101.3471,16.1366],[101.3434,16.1449],[101.3649,16.1831],[101.3833,16.1871],[101.3734,16.2191],[101.3772,16.2397],[101.3535,16.2542],[101.3763,16.2681],[101.3724,16.2887],[101.3838,16.3127],[101.3831,16.3442],[101.3873,16.356],[101.4141,16.3806],[101.4046,16.3965],[101.4223,16.4073],[101.429,16.4255],[101.4493,16.4355],[101.4524,16.4539],[101.4748,16.477],[101.4651,16.5],[101.4687,16.5181],[101.4743,16.5272],[101.4855,16.5234],[101.4974,16.5372],[101.5033,16.5352],[101.506,16.5426],[101.5207,16.5468],[101.4979,16.5694],[101.5019,16.6082],[101.5278,16.6183],[101.5109,16.6547],[101.5126,16.6779],[101.5287,16.6776],[101.5401,16.6641],[101.5502,16.6664],[101.5632,16.6478],[101.5734,16.6475],[101.579,16.6707],[101.5721,16.6916],[101.5558,16.7118],[101.5556,16.7287],[101.5873,16.7235],[101.5949,16.7073],[101.6063,16.7062],[101.6194,16.6853],[101.6354,16.6791],[101.6577,16.6869],[101.6844,16.6863],[101.6959,16.6819],[101.728,16.6498],[101.7497,16.6667]]]}},{"type":"Feature","properties":{"id":"adm1_52","ten":"Chanthaburi, Thailand","country":"Thailand","bounds":[102.1654,12.7493,102.5386,13.3109]},"geometry":{"type":"MultiPolygon","coordinates":[[[[102.3408,13.3103],[102.3404,13.3099],[102.3404,13.3109],[102.3408,13.3103]]],[[[102.3413,13.3092],[102.3413,13.3091],[102.3413,13.3093],[102.3413,13.3092]]],[[[102.3443,13.3049],[102.3438,13.3049],[102.3438,13.3055],[102.3443,13.3049]]],[[[102.3451,13.3041],[102.3446,13.3041],[102.3446,13.3046],[102.3451,13.3041]]],[[[102.3551,13.2976],[102.351,13.2758],[102.3688,13.261],[102.3721,13.2353],[102.3947,13.1976],[102.4005,13.1552],[102.4193,13.1359],[102.418,13.1216],[102.4342,13.1022],[102.4368,13.0881],[102.4624,13.0793],[102.4968,13.0113],[102.5329,12.9997],[102.5188,12.9888],[102.511,12.9931],[102.4883,12.9758],[102.5035,12.9586],[102.4881,12.9449],[102.5119,12.8924],[102.5107,12.8635],[102.5009,12.8551],[102.5175,12.8384],[102.5175,12.8211],[102.5305,12.8171],[102.5349,12.8085],[102.5307,12.794],[102.5386,12.7813],[102.5366,12.7676],[102.5202,12.7493],[102.4929,12.7574],[102.4779,12.7541],[102.4588,12.7633],[102.4438,12.7583],[102.4279,12.7649],[102.4246,12.7591],[102.4121,12.7741],[102.3913,12.7583],[102.3779,12.7616],[102.3704,12.7824],[102.3754,12.7933],[102.3671,12.8041],[102.3538,12.8133],[102.3454,12.8083],[102.3263,12.8133],[102.3221,12.8074],[102.3096,12.8199],[102.3063,12.8349],[102.2946,12.8441],[102.2813,12.8449],[102.2763,12.8674],[102.2596,12.8708],[102.2629,12.8849],[102.2488,12.9008],[102.2221,12.9083],[102.1963,12.9033],[102.1938,12.9074],[102.1954,12.9258],[102.2029,12.9324],[102.1896,12.9441],[102.1738,12.9749],[102.1854,12.9983],[102.1721,13.0124],[102.1654,13.0383],[102.1996,13.0508],[102.2229,13.0691],[102.2196,13.0974],[102.2321,13.1149],[102.2463,13.1124],[102.2596,13.1216],[102.2896,13.1183],[102.2713,13.1541],[102.2688,13.1741],[102.3063,13.2074],[102.3063,13.2224],[102.2946,13.2316],[102.2938,13.2458],[102.3038,13.2599],[102.3171,13.2658],[102.3354,13.3016],[102.3454,13.3038],[102.3551,13.2976]]]]}},{"type":"Feature","properties":{"id":"adm1_53","ten":"Chiang Mai, Thailand","country":"Thailand","bounds":[99.0213,19.0066,99.5739,20.1436]},"geometry":{"type":"MultiPolygon","coordinates":[[[[99.5162,20.1436],[99.5249,20.1348],[99.558,20.1274],[99.5739,20.1116],[99.5624,20.0986],[99.5499,20.1011],[99.4953,20.0781],[99.4962,20.0627],[99.5249,20.0469],[99.5272,20.0391],[99.5085,20.052],[99.469,20.0313],[99.4693,20.0222],[99.4806,20.0121],[99.4679,20.0035],[99.4492,19.9732],[99.4354,19.9615],[99.4231,19.961],[99.4165,19.9349],[99.4221,19.9162],[99.4004,19.9091],[99.3856,19.8894],[99.39,19.8618],[99.4145,19.8425],[99.4106,19.8292],[99.4218,19.8194],[99.4217,19.812],[99.3931,19.8109],[99.3794,19.7927],[99.378,19.779],[99.3638,19.7744],[99.3676,19.7663],[99.3615,19.7251],[99.3499,19.7214],[99.3461,19.7091],[99.3152,19.7053],[99.299,19.6804],[99.2662,19.6606],[99.2608,19.6487],[99.2602,19.6268],[99.2667,19.6231],[99.2687,19.6078],[99.2862,19.6006],[99.3001,19.5605],[99.3188,19.551],[99.3269,19.537],[99.3121,19.5252],[99.3088,19.5324],[99.2971,19.5358],[99.2846,19.5649],[99.2671,19.5699],[99.2479,19.5608],[99.2454,19.5508],[99.2321,19.5491],[99.2296,19.5316],[99.2138,19.5241],[99.1996,19.5399],[99.1896,19.5399],[99.1871,19.5491],[99.1746,19.5499],[99.1779,19.5766],[99.1654,19.5741],[99.1579,19.5833],[99.1329,19.5716],[99.1021,19.6049],[99.1038,19.6249],[99.0913,19.6241],[99.0888,19.6341],[99.0763,19.6366],[99.0788,19.6566],[99.0704,19.6574],[99.0629,19.6708],[99.0554,19.6699],[99.0538,19.6833],[99.0429,19.6816],[99.0404,19.6924],[99.0263,19.7033],[99.0213,19.7408],[99.0338,19.7508],[99.0413,19.7716],[99.0354,19.7991],[99.0513,19.8224],[99.0471,19.8599],[99.0554,19.8699],[99.0463,19.8866],[99.0538,19.9124],[99.0438,19.9283],[99.0462,19.9469],[99.0329,19.972],[99.0383,19.9876],[99.0559,20.0004],[99.0455,20.0138],[99.0457,20.0341],[99.0582,20.0598],[99.0693,20.0663],[99.0711,20.0904],[99.0808,20.0993],[99.1044,20.0949],[99.1337,20.1029],[99.1314,20.1173],[99.1635,20.1297],[99.1831,20.124],[99.214,20.1277],[99.2257,20.1166],[99.2372,20.1215],[99.2452,20.1115],[99.2619,20.1108],[99.2959,20.0802],[99.3263,20.0666],[99.3835,20.0865],[99.441,20.0872],[99.4466,20.0954],[99.5,20.113],[99.4993,20.1302],[99.5162,20.1436]]],[[[99.3019,19.5116],[99.3013,19.5174],[99.3108,19.5241],[99.3086,19.517],[99.3019,19.5116]]],[[[99.297,19.4899],[99.2946,19.4999],[99.3013,19.5099],[99.2963,19.4955],[99.297,19.4899]]],[[[99.2972,19.4891],[99.2971,19.4891],[99.2971,19.4896],[99.2972,19.4891]]],[[[99.298,19.4874],[99.2979,19.4874],[99.2979,19.4876],[99.298,19.4874]]],[[[99.3079,19.474],[99.3054,19.4774],[99.3085,19.4863],[99.3104,19.4847],[99.3079,19.474]]],[[[99.3115,19.4691],[99.3113,19.4691],[99.3113,19.4695],[99.3115,19.4691]]],[[[99.3124,19.4674],[99.3121,19.4674],[99.3121,19.468],[99.3124,19.4674]]],[[[99.3133,19.4658],[99.3129,19.4658],[99.3129,19.4665],[99.3133,19.4658]]],[[[99.3145,19.4633],[99.3138,19.4633],[99.3138,19.4648],[99.3145,19.4633]]],[[[99.3153,19.4616],[99.3146,19.4616],[99.3146,19.4631],[99.3153,19.4616]]],[[[99.3114,19.4274],[99.3079,19.4308],[99.3154,19.4613],[99.319,19.4503],[99.3114,19.4274]]],[[[99.3133,19.4241],[99.3129,19.4241],[99.3129,19.4245],[99.3133,19.4241]]],[[[99.3139,19.4235],[99.3138,19.4233],[99.3138,19.4237],[99.3139,19.4235]]],[[[99.3192,19.413],[99.3196,19.4074],[99.3179,19.414],[99.3192,19.413]]],[[[99.3251,19.403],[99.3246,19.4024],[99.3246,19.4029],[99.3251,19.403]]],[[[99.3277,19.3874],[99.3238,19.3974],[99.3296,19.3984],[99.3267,19.3947],[99.3277,19.3874]]],[[[99.328,19.3861],[99.3279,19.3858],[99.3279,19.3866],[99.328,19.3861]]],[[[99.3292,19.3833],[99.3288,19.3833],[99.3288,19.3843],[99.3292,19.3833]]],[[[99.3321,19.3783],[99.3313,19.3783],[99.3313,19.3795],[99.3321,19.3783]]],[[[99.3326,19.376],[99.3313,19.3741],[99.3321,19.3782],[99.3326,19.376]]],[[[99.333,19.3713],[99.3329,19.3691],[99.3329,19.3721],[99.333,19.3713]]],[[[99.3331,19.3667],[99.3313,19.3666],[99.333,19.3683],[99.3331,19.3667]]],[[[99.321,19.3408],[99.3154,19.3491],[99.3163,19.3541],[99.3329,19.3619],[99.3206,19.3525],[99.321,19.3408]]],[[[99.3246,19.3355],[99.3221,19.3349],[99.3229,19.3374],[99.3246,19.3355]]],[[[99.3257,19.3308],[99.3254,19.3308],[99.3254,19.3324],[99.3257,19.3308]]],[[[99.3304,19.3133],[99.3271,19.3199],[99.3279,19.3268],[99.3297,19.3253],[99.3304,19.3133]]],[[[99.3332,19.3087],[99.3329,19.3033],[99.3329,19.3083],[99.3321,19.3083],[99.3321,19.3099],[99.3313,19.3099],[99.3313,19.3116],[99.3304,19.3116],[99.3304,19.3132],[99.3332,19.3087]]],[[[99.3402,19.2941],[99.3371,19.2899],[99.3379,19.2972],[99.3402,19.2941]]],[[[99.3395,19.2791],[99.3388,19.2849],[99.3396,19.2861],[99.3408,19.285],[99.3395,19.2791]]],[[[99.3398,19.2783],[99.3396,19.2783],[99.3396,19.2785],[99.3398,19.2783]]],[[[99.3422,19.2738],[99.3413,19.2699],[99.3404,19.2774],[99.3422,19.2738]]],[[[99.3386,19.2528],[99.3221,19.2408],[99.3221,19.2441],[99.3229,19.2449],[99.3379,19.2549],[99.3363,19.2633],[99.3421,19.2698],[99.3386,19.2528]]],[[[99.324,19.2388],[99.3221,19.2374],[99.3229,19.2407],[99.324,19.2388]]],[[[99.3123,19.2116],[99.3096,19.2183],[99.3104,19.2249],[99.3207,19.2299],[99.312,19.2224],[99.3123,19.2116]]],[[[99.3138,19.2092],[99.3046,19.1908],[99.3046,19.1933],[99.3038,19.1941],[99.3088,19.2058],[99.3138,19.2092]]],[[[99.3078,19.1766],[99.3038,19.1824],[99.3054,19.1883],[99.3075,19.1851],[99.3078,19.1766]]],[[[99.3179,19.1677],[99.3171,19.1674],[99.3163,19.1688],[99.3179,19.1677]]],[[[99.319,19.1658],[99.3188,19.1658],[99.3188,19.1662],[99.319,19.1658]]],[[[99.3204,19.1632],[99.3188,19.1608],[99.3196,19.1647],[99.3204,19.1632]]],[[[99.3198,19.1574],[99.3196,19.1549],[99.3196,19.1574],[99.3198,19.1574]]],[[[99.3212,19.1508],[99.3204,19.1508],[99.3204,19.1533],[99.3212,19.1508]]],[[[99.3231,19.1465],[99.3221,19.1449],[99.3213,19.1506],[99.3231,19.1465]]],[[[99.3223,19.1233],[99.3196,19.1291],[99.3244,19.1416],[99.3251,19.1322],[99.3223,19.1233]]],[[[99.3249,19.1209],[99.3246,19.1199],[99.3246,19.1209],[99.3249,19.1209]]],[[[99.3262,19.1183],[99.3254,19.1183],[99.3254,19.1199],[99.3262,19.1183]]],[[[99.3319,19.1116],[99.3263,19.1158],[99.3263,19.1182],[99.3294,19.116],[99.3319,19.1116]]],[[[99.3324,19.1108],[99.3321,19.1108],[99.3321,19.1112],[99.3324,19.1108]]],[[[99.3333,19.1091],[99.3329,19.1091],[99.3329,19.1097],[99.3333,19.1091]]],[[[99.3371,19.1041],[99.3363,19.1041],[99.3363,19.1051],[99.3371,19.1041]]],[[[99.3375,19.1036],[99.3371,19.1033],[99.3371,19.1041],[99.3375,19.1036]]],[[[99.3381,19.1024],[99.3379,19.1024],[99.3379,19.1027],[99.3381,19.1024]]],[[[99.339,19.1007],[99.3388,19.0999],[99.3388,19.1011],[99.339,19.1007]]],[[[99.3396,19.0991],[99.3396,19.0991],[99.3396,19.0992],[99.3396,19.0991]]],[[[99.3437,19.0928],[99.3438,19.0874],[99.3421,19.0956],[99.3437,19.0928]]],[[[99.3662,19.0741],[99.3646,19.0733],[99.3654,19.0779],[99.3662,19.0741]]],[[[99.3835,19.0449],[99.3821,19.0466],[99.3829,19.0508],[99.3813,19.0524],[99.3838,19.0622],[99.3835,19.0449]]],[[[99.3848,19.0416],[99.3838,19.0416],[99.3838,19.0442],[99.3848,19.0416]]],[[[99.3858,19.0391],[99.3854,19.0391],[99.3854,19.04],[99.3858,19.0391]]],[[[99.387,19.0349],[99.3863,19.0349],[99.3863,19.0376],[99.387,19.0349]]],[[[99.3874,19.0341],[99.3871,19.0341],[99.3871,19.0347],[99.3874,19.0341]]],[[[99.3885,19.0314],[99.3879,19.0308],[99.3879,19.0328],[99.3885,19.0314]]],[[[99.3892,19.0288],[99.3888,19.0274],[99.3888,19.0305],[99.3892,19.0288]]],[[[99.3897,19.0263],[99.3896,19.0258],[99.3896,19.0269],[99.3897,19.0263]]],[[[99.3909,19.0208],[99.3904,19.0208],[99.3904,19.022],[99.3909,19.0208]]],[[[99.3975,19.0132],[99.3971,19.0066],[99.3963,19.0147],[99.3975,19.0132]]]]}},{"type":"Feature","properties":{"id":"adm1_54","ten":"Chiang Rai, Thailand","country":"Thailand","bounds":[99.2602,19.0008,100.5787,20.4632]},"geometry":{"type":"Polygon","coordinates":[[[100.0812,20.3615],[100.0988,20.311],[100.0926,20.2767],[100.096,20.2631],[100.114,20.2484],[100.1713,20.2429],[100.1829,20.2641],[100.1695,20.2962],[100.2228,20.3152],[100.2309,20.3293],[100.227,20.35],[100.2487,20.3664],[100.2529,20.385],[100.2744,20.3988],[100.3326,20.3964],[100.3573,20.3759],[100.3614,20.3533],[100.3771,20.3487],[100.3838,20.3137],[100.4081,20.28],[100.4168,20.2525],[100.454,20.2297],[100.4576,20.1976],[100.4801,20.1867],[100.5106,20.148],[100.5304,20.1419],[100.5548,20.1735],[100.5787,20.168],[100.5717,20.0966],[100.5625,20.0845],[100.5537,20.0292],[100.544,20.0207],[100.5455,20.012],[100.5193,19.944],[100.5184,19.9056],[100.4982,19.8736],[100.4626,19.8551],[100.4456,19.8366],[100.4493,19.8278],[100.4433,19.8061],[100.4163,19.7781],[100.4059,19.7493],[100.408,19.7325],[100.3869,19.7085],[100.3731,19.705],[100.359,19.6863],[100.3356,19.6818],[100.3185,19.6468],[100.2853,19.6418],[100.2824,19.6501],[100.2706,19.6399],[100.2651,19.6465],[100.2577,19.6441],[100.2382,19.6063],[100.2159,19.6076],[100.1841,19.5857],[100.1678,19.5852],[100.1701,19.5746],[100.1646,19.5739],[100.1608,19.5612],[100.0766,19.5446],[100.062,19.5244],[100.0693,19.519],[100.0677,19.4552],[100.0483,19.4406],[100.034,19.4415],[100.0289,19.4346],[100.0119,19.4373],[100.0122,19.4243],[100.0,19.4337],[99.9942,19.4274],[99.9509,19.4268],[99.9233,19.4048],[99.9163,19.4309],[99.9013,19.4241],[99.8791,19.4537],[99.8656,19.444],[99.7881,19.4486],[99.716,19.4178],[99.7081,19.4235],[99.7014,19.4181],[99.6847,19.4204],[99.6888,19.3967],[99.6945,19.3837],[99.6954,19.381],[99.6946,19.3807],[99.6896,19.3824],[99.6796,19.4266],[99.6821,19.4583],[99.6696,19.4583],[99.6646,19.4683],[99.6513,19.4641],[99.6513,19.4766],[99.6421,19.4858],[99.6421,19.5099],[99.6238,19.5116],[99.6179,19.5183],[99.5846,19.4783],[99.5871,19.4633],[99.5688,19.4441],[99.5621,19.4141],[99.5629,19.4041],[99.5754,19.3898],[99.5804,19.3508],[99.5729,19.3449],[99.5804,19.3391],[99.5754,19.3283],[99.5804,19.3108],[99.5771,19.2924],[99.5646,19.2841],[99.5588,19.2583],[99.5479,19.2533],[99.5421,19.1933],[99.5363,19.1866],[99.5378,19.1603],[99.5513,19.1541],[99.5596,19.1333],[99.5379,19.1116],[99.5379,19.0858],[99.5304,19.0774],[99.4938,19.0791],[99.4663,19.0374],[99.4438,19.0224],[99.4363,19.0083],[99.4013,19.0008],[99.3832,19.0456],[99.3838,19.0633],[99.3663,19.0691],[99.3604,19.0841],[99.3459,19.0858],[99.3223,19.1233],[99.3204,19.1632],[99.3079,19.1758],[99.3048,19.191],[99.3157,19.2063],[99.312,19.2224],[99.3254,19.2308],[99.3227,19.2412],[99.3354,19.249],[99.3438,19.2662],[99.3388,19.2991],[99.3184,19.3477],[99.3338,19.3585],[99.3296,19.4008],[99.3114,19.4274],[99.3188,19.4527],[99.3079,19.4733],[99.3104,19.4847],[99.298,19.4874],[99.2963,19.4934],[99.303,19.5144],[99.3269,19.537],[99.3188,19.551],[99.3001,19.5605],[99.2862,19.6006],[99.2687,19.6078],[99.2602,19.6448],[99.2662,19.6606],[99.2955,19.6772],[99.3152,19.7053],[99.3461,19.7091],[99.3499,19.7214],[99.3615,19.7251],[99.3676,19.7663],[99.3638,19.7744],[99.378,19.779],[99.3794,19.7927],[99.3931,19.8109],[99.4217,19.812],[99.4218,19.8194],[99.4106,19.8292],[99.4145,19.8425],[99.39,19.8618],[99.3848,19.887],[99.4004,19.9091],[99.4221,19.9162],[99.4165,19.9349],[99.4231,19.961],[99.4354,19.9615],[99.4492,19.9732],[99.4679,20.0035],[99.4806,20.0121],[99.4693,20.0222],[99.469,20.0313],[99.5085,20.052],[99.5272,20.0391],[99.5249,20.0469],[99.4962,20.0627],[99.4953,20.0781],[99.5499,20.1011],[99.5624,20.0986],[99.5739,20.1116],[99.558,20.1274],[99.5249,20.1348],[99.5162,20.1436],[99.5146,20.1489],[99.5206,20.1501],[99.5421,20.1451],[99.5411,20.1619],[99.5565,20.177],[99.5658,20.2038],[99.5349,20.2304],[99.5241,20.2316],[99.5197,20.2634],[99.5071,20.2921],[99.5091,20.3234],[99.4984,20.3391],[99.4592,20.3603],[99.4595,20.3907],[99.4742,20.3923],[99.4903,20.3819],[99.498,20.3834],[99.5182,20.3601],[99.56,20.3558],[99.6142,20.3298],[99.6462,20.3417],[99.6589,20.3269],[99.6837,20.3146],[99.7003,20.3247],[99.7215,20.3267],[99.72,20.3408],[99.7327,20.3479],[99.7599,20.337],[99.7723,20.3395],[99.7782,20.3326],[99.8128,20.3341],[99.8307,20.3623],[99.8429,20.3706],[99.8427,20.4003],[99.8579,20.4124],[99.8718,20.443],[99.8951,20.4411],[99.9096,20.4478],[99.9234,20.4439],[99.9344,20.4543],[99.9612,20.4632],[99.9765,20.4465],[99.9818,20.448],[99.9759,20.4424],[99.9909,20.434],[99.9865,20.4321],[99.9933,20.4252],[99.9891,20.4209],[99.9968,20.4199],[99.9919,20.416],[100.0051,20.4106],[100.0105,20.4165],[100.0562,20.386],[100.0601,20.3948],[100.0689,20.3919],[100.0657,20.3836],[100.0738,20.3876],[100.0687,20.3733],[100.0807,20.3783],[100.0788,20.3721],[100.0883,20.367],[100.0812,20.3615]]]}},{"type":"Feature","properties":{"id":"adm1_55","ten":"Kalasin, Thailand","country":"Thailand","bounds":[103.1013,16.18,104.2424,17.0997]},"geometry":{"type":"Polygon","coordinates":[[[103.6646,17.0175],[103.6961,17.0319],[103.7086,17.0165],[103.7252,17.0141],[103.7325,16.9999],[103.7236,16.9894],[103.726,16.9799],[103.7381,16.9877],[103.7449,16.9703],[103.7544,16.9716],[103.7646,16.9624],[103.7722,16.9659],[103.7852,16.9571],[103.7914,16.9388],[103.7725,16.9226],[103.7838,16.9207],[103.7847,16.9073],[103.7947,16.8956],[103.7925,16.886],[103.8109,16.8844],[103.8127,16.8753],[103.8217,16.8751],[103.8282,16.8653],[103.8393,16.8658],[103.8385,16.8483],[103.8465,16.839],[103.8715,16.8309],[103.8755,16.8167],[103.9224,16.7948],[103.9415,16.7709],[103.9556,16.7772],[103.9514,16.7849],[103.9613,16.8218],[103.9716,16.809],[103.9824,16.8349],[103.9996,16.8349],[104.0237,16.8557],[104.035,16.8518],[104.0342,16.8437],[104.0415,16.8388],[104.0493,16.8462],[104.068,16.8352],[104.0744,16.8162],[104.0842,16.8076],[104.0948,16.8095],[104.096,16.789],[104.119,16.7592],[104.1394,16.7549],[104.1345,16.735],[104.1534,16.7153],[104.1558,16.6991],[104.173,16.6947],[104.1665,16.6755],[104.1904,16.6668],[104.1788,16.6457],[104.1833,16.6216],[104.1778,16.6078],[104.1811,16.5956],[104.1954,16.5939],[104.2086,16.5814],[104.2104,16.5623],[104.2279,16.5493],[104.2243,16.527],[104.2424,16.5161],[104.2412,16.4916],[104.2296,16.4715],[104.2413,16.4535],[104.2402,16.4269],[104.2228,16.4354],[104.1919,16.4283],[104.173,16.4439],[104.1494,16.4364],[104.1483,16.4273],[104.1388,16.4224],[104.1046,16.4201],[104.0871,16.4079],[104.0743,16.4086],[104.0689,16.397],[104.0474,16.3864],[104.0382,16.4139],[104.0405,16.4347],[104.0328,16.4413],[103.9961,16.4429],[103.9809,16.43],[103.9511,16.4407],[103.9313,16.4328],[103.9172,16.437],[103.9132,16.4506],[103.9022,16.445],[103.8677,16.4686],[103.8464,16.4599],[103.8183,16.4667],[103.8087,16.452],[103.701,16.3753],[103.7301,16.342],[103.7271,16.3269],[103.7583,16.2989],[103.7563,16.265],[103.7383,16.2453],[103.735,16.2199],[103.7163,16.2161],[103.6932,16.2233],[103.6997,16.2158],[103.688,16.2092],[103.6877,16.216],[103.676,16.2101],[103.6668,16.2197],[103.6657,16.2067],[103.6693,16.2096],[103.6778,16.2001],[103.6638,16.191],[103.655,16.2021],[103.6532,16.1873],[103.6459,16.1913],[103.6392,16.185],[103.6192,16.2156],[103.6024,16.2131],[103.6149,16.2132],[103.6213,16.2029],[103.6009,16.191],[103.5989,16.2007],[103.5914,16.1927],[103.553,16.2019],[103.5513,16.207],[103.5624,16.2165],[103.539,16.2099],[103.5421,16.2208],[103.534,16.2166],[103.5228,16.1938],[103.5039,16.1985],[103.5056,16.2069],[103.496,16.2003],[103.4818,16.2063],[103.474,16.1894],[103.4682,16.1914],[103.4548,16.18],[103.4507,16.1895],[103.4583,16.1896],[103.4469,16.1956],[103.453,16.2026],[103.4427,16.2038],[103.4509,16.2106],[103.4457,16.2142],[103.4511,16.2156],[103.4497,16.2251],[103.4405,16.2167],[103.4347,16.2311],[103.4166,16.2378],[103.407,16.2546],[103.415,16.2788],[103.4089,16.2874],[103.396,16.2962],[103.3705,16.2977],[103.3539,16.3065],[103.3484,16.3539],[103.3421,16.3611],[103.3031,16.3677],[103.2932,16.3936],[103.2666,16.3764],[103.1886,16.3622],[103.1781,16.3613],[103.1686,16.3759],[103.1667,16.3957],[103.1869,16.4341],[103.1856,16.447],[103.1681,16.4653],[103.1608,16.4941],[103.1892,16.551],[103.1699,16.6041],[103.1977,16.6278],[103.192,16.6403],[103.1547,16.6421],[103.1532,16.6582],[103.1611,16.6725],[103.1482,16.6997],[103.1605,16.7318],[103.1484,16.7521],[103.1744,16.7698],[103.1847,16.7851],[103.188,16.818],[103.1823,16.8401],[103.1751,16.8453],[103.1777,16.8613],[103.1422,16.867],[103.1504,16.8555],[103.1398,16.8297],[103.1254,16.8176],[103.1078,16.8249],[103.1047,16.8394],[103.1165,16.8527],[103.1262,16.8918],[103.1237,16.9003],[103.1013,16.9117],[103.1022,16.9324],[103.1138,16.9394],[103.1194,16.9604],[103.1615,16.9447],[103.1775,16.9539],[103.1867,16.9457],[103.2012,16.9472],[103.2071,16.958],[103.2221,16.966],[103.2309,16.9566],[103.254,16.9594],[103.2891,16.9239],[103.354,16.9192],[103.3732,16.9015],[103.3866,16.9021],[103.4068,16.8802],[103.4142,16.8621],[103.4025,16.8517],[103.412,16.8484],[103.425,16.8221],[103.4123,16.8074],[103.4231,16.8003],[103.4513,16.8314],[103.4451,16.8452],[103.454,16.8504],[103.4581,16.8653],[103.4723,16.8732],[103.4866,16.9018],[103.4933,16.9016],[103.4957,16.9255],[103.4887,16.9388],[103.4963,16.9679],[103.5218,16.9963],[103.5205,17.0318],[103.5099,17.0422],[103.5211,17.0481],[103.5221,17.0567],[103.539,17.0634],[103.5371,17.0687],[103.5492,17.0776],[103.5506,17.0866],[103.5766,17.0898],[103.5806,17.0997],[103.5939,17.0926],[103.6091,17.0972],[103.6223,17.091],[103.6295,17.0745],[103.6402,17.0686],[103.6423,17.0552],[103.6543,17.0452],[103.649,17.022],[103.6646,17.0175]]]}},{"type":"Feature","properties":{"id":"adm1_56","ten":"Khon Kaen, Thailand","country":"Thailand","bounds":[101.7497,15.6305,103.188,17.0875]},"geometry":{"type":"Polygon","coordinates":[[[103.1013,16.9117],[103.1237,16.9003],[103.1262,16.8918],[103.1165,16.8527],[103.1047,16.8394],[103.1078,16.8249],[103.1254,16.8176],[103.1398,16.8297],[103.1504,16.8555],[103.1422,16.867],[103.1777,16.8613],[103.1751,16.8453],[103.1823,16.8401],[103.188,16.8184],[103.1847,16.7851],[103.1744,16.7698],[103.1485,16.7526],[103.1605,16.7318],[103.1482,16.6997],[103.1611,16.6725],[103.1532,16.6582],[103.1554,16.609],[103.123,16.5905],[103.121,16.5647],[103.1066,16.5525],[103.0836,16.51],[103.0445,16.4898],[103.0351,16.5],[103.021,16.4727],[102.9557,16.4506],[102.9646,16.4282],[102.9771,16.4224],[102.9601,16.4234],[102.9586,16.4115],[102.9481,16.4021],[102.9585,16.3969],[102.9519,16.388],[102.9429,16.3917],[102.9419,16.3844],[102.9381,16.3873],[102.9397,16.3755],[102.923,16.3762],[102.9299,16.3654],[102.9195,16.3677],[102.9167,16.3601],[102.9091,16.359],[102.9112,16.3478],[102.8983,16.3476],[102.8965,16.3127],[102.8736,16.2992],[102.8474,16.2648],[102.8466,16.2325],[102.8521,16.2203],[102.8458,16.2075],[102.8497,16.1781],[102.8601,16.16],[102.8473,16.1427],[102.8563,16.1265],[102.8698,16.1233],[102.87,16.1183],[102.851,16.069],[102.8619,16.0586],[102.861,16.0392],[102.8748,16.0379],[102.8964,16.0235],[102.8855,16.0117],[102.9011,15.9997],[102.908,15.9697],[102.8969,15.9562],[102.8924,15.9313],[102.9086,15.8957],[102.9296,15.8777],[102.9335,15.8526],[102.9272,15.8493],[102.9216,15.822],[102.9343,15.8115],[102.9328,15.794],[102.8982,15.7859],[102.8798,15.767],[102.8766,15.7338],[102.8819,15.6914],[102.8694,15.6498],[102.8344,15.6338],[102.8088,15.6305],[102.7734,15.6524],[102.7639,15.6513],[102.7504,15.6604],[102.7487,15.6688],[102.7183,15.6645],[102.7103,15.685],[102.6918,15.7017],[102.6992,15.7229],[102.6843,15.7275],[102.6714,15.7154],[102.6524,15.7136],[102.6123,15.7274],[102.5994,15.7115],[102.564,15.7051],[102.5363,15.7095],[102.5142,15.7257],[102.4845,15.716],[102.4542,15.7157],[102.4236,15.6952],[102.4106,15.6973],[102.3802,15.7307],[102.3599,15.7333],[102.365,15.7652],[102.3291,15.7988],[102.3278,15.8207],[102.3214,15.8246],[102.326,15.8327],[102.3173,15.8459],[102.3225,15.8471],[102.3221,15.8647],[102.339,15.8719],[102.3421,15.886],[102.3551,15.8985],[102.3638,15.9257],[102.357,15.9278],[102.366,15.9302],[102.3705,15.9453],[102.3763,15.9436],[102.3666,15.9624],[102.3867,15.9782],[102.3876,15.9949],[102.3575,16.0036],[102.3546,16.0243],[102.341,16.0366],[102.3299,16.0292],[102.3152,16.0407],[102.305,16.0369],[102.2826,16.0737],[102.2868,16.0856],[102.331,16.1306],[102.4053,16.2403],[102.4161,16.2478],[102.4131,16.2667],[102.4218,16.2972],[102.4459,16.3402],[102.4499,16.3755],[102.4608,16.3904],[102.4164,16.4224],[102.4031,16.466],[102.3968,16.4576],[102.4017,16.4453],[102.3852,16.4441],[102.3756,16.4347],[102.3675,16.4369],[102.367,16.4517],[102.3253,16.444],[102.3197,16.4547],[102.3024,16.444],[102.2794,16.458],[102.2697,16.4535],[102.2459,16.4671],[102.2391,16.4822],[102.2292,16.482],[102.2157,16.4993],[102.2086,16.4961],[102.2056,16.5024],[102.1951,16.4967],[102.1851,16.5045],[102.1747,16.4894],[102.1599,16.5014],[102.1479,16.4969],[102.1435,16.5014],[102.1254,16.4925],[102.0971,16.4965],[102.0875,16.4906],[102.0699,16.4923],[102.0758,16.5008],[102.046,16.5067],[102.0349,16.5181],[102.0305,16.5377],[102.0347,16.5401],[102.027,16.5435],[102.0255,16.5567],[101.9915,16.5652],[101.9941,16.5819],[101.9804,16.5868],[101.9855,16.5953],[101.9782,16.6117],[101.9581,16.6162],[101.9534,16.6224],[101.9588,16.6273],[101.9514,16.6331],[101.9289,16.6324],[101.9212,16.6256],[101.9142,16.6322],[101.9078,16.6263],[101.9078,16.6332],[101.8916,16.6428],[101.8752,16.6407],[101.871,16.6475],[101.8565,16.6478],[101.8546,16.6554],[101.8313,16.6565],[101.8244,16.6484],[101.822,16.6529],[101.8075,16.6508],[101.7761,16.6268],[101.7806,16.645],[101.7664,16.6534],[101.7557,16.6504],[101.7497,16.6667],[101.7525,16.6751],[101.7683,16.6779],[101.7737,16.6851],[101.7737,16.6999],[101.7895,16.7207],[101.7801,16.7375],[101.7895,16.7484],[101.7874,16.7609],[101.8638,16.7892],[101.8826,16.8096],[101.9071,16.8129],[101.9508,16.8395],[101.9462,16.8513],[101.9589,16.8456],[101.9647,16.85],[101.9764,16.8395],[101.9815,16.8433],[101.9814,16.8388],[101.9969,16.8386],[101.9985,16.849],[102.0081,16.8539],[102.0018,16.8588],[102.0128,16.869],[102.0426,16.8571],[102.0473,16.8669],[102.0626,16.8701],[102.0581,16.8748],[102.0663,16.8862],[102.0835,16.8873],[102.1011,16.8802],[102.0984,16.8886],[102.1061,16.8954],[102.1266,16.8787],[102.1466,16.8745],[102.146,16.8787],[102.1574,16.8794],[102.1603,16.87],[102.1728,16.8633],[102.1828,16.8699],[102.19,16.856],[102.2046,16.8609],[102.2182,16.8566],[102.2314,16.8742],[102.2521,16.876],[102.2499,16.8853],[102.2563,16.8925],[102.2972,16.8896],[102.293,16.882],[102.3044,16.8839],[102.3089,16.8799],[102.3043,16.8733],[102.3137,16.8651],[102.3258,16.865],[102.3181,16.8526],[102.332,16.8528],[102.3333,16.8462],[102.3254,16.8441],[102.3409,16.835],[102.3367,16.8287],[102.3454,16.8147],[102.3525,16.8279],[102.3629,16.8143],[102.3788,16.8081],[102.3791,16.8147],[102.4337,16.7865],[102.4977,16.8003],[102.543,16.779],[102.6138,16.7661],[102.6264,16.841],[102.6832,16.9583],[102.6707,16.9912],[102.6816,17.0133],[102.6799,17.0431],[102.701,17.069],[102.7043,17.0875],[102.7106,17.0842],[102.7248,17.0463],[102.752,17.0389],[102.766,17.0235],[102.7897,17.0128],[102.8037,16.9846],[102.827,16.9707],[102.8061,16.9525],[102.8218,16.936],[102.8109,16.913],[102.8124,16.8902],[102.8256,16.8618],[102.8617,16.8817],[102.8743,16.8791],[102.8785,16.8706],[102.8849,16.8729],[102.9187,16.8334],[102.9542,16.8378],[102.9785,16.8456],[102.9957,16.8571],[103.0011,16.8684],[103.0105,16.8644],[103.0412,16.885],[103.0551,16.8847],[103.0763,16.9004],[103.0847,16.8974],[103.1013,16.9117]]]}},{"type":"Feature","properties":{"id":"adm1_57","ten":"Lampang, Thailand","country":"Thailand","bounds":[99.5364,18.8949,100.0372,19.4024]},"geometry":{"type":"MultiPolygon","coordinates":[[[[99.5654,19.4024],[99.565,19.402],[99.5649,19.4024],[99.5654,19.4024]]],[[[99.5688,19.3983],[99.5684,19.3972],[99.5681,19.3983],[99.5688,19.3983]]],[[[99.5696,19.3966],[99.5691,19.3963],[99.5689,19.3966],[99.5696,19.3966]]],[[[99.5704,19.3958],[99.57,19.3956],[99.5698,19.3958],[99.5704,19.3958]]],[[[99.5721,19.3932],[99.572,19.3933],[99.5721,19.3933],[99.5721,19.3932]]],[[[99.5729,19.3921],[99.5726,19.3924],[99.5729,19.3924],[99.5729,19.3921]]],[[[99.5738,19.3916],[99.5734,19.3916],[99.5734,19.3916],[99.5738,19.3916]]],[[[99.5746,19.3908],[99.5743,19.3907],[99.5743,19.3908],[99.5746,19.3908]]],[[[99.5754,19.3898],[99.5753,19.3899],[99.5754,19.3899],[99.5754,19.3898]]],[[[99.6968,19.3533],[99.6913,19.3608],[99.6954,19.381],[99.6935,19.3609],[99.6968,19.3533]]],[[[99.5796,19.3608],[99.5772,19.3595],[99.5774,19.3616],[99.5796,19.3608]]],[[[99.6984,19.3524],[99.6979,19.3524],[99.6979,19.3526],[99.6984,19.3524]]],[[[99.701,19.3506],[99.7004,19.3466],[99.6988,19.3523],[99.701,19.3506]]],[[[99.7056,19.3458],[99.7046,19.3458],[99.7046,19.3459],[99.7056,19.3458]]],[[[99.7001,19.3008],[99.6979,19.3091],[99.7079,19.3299],[99.7063,19.3453],[99.7101,19.3288],[99.7001,19.3008]]],[[[99.5779,19.3424],[99.5755,19.3429],[99.575,19.3441],[99.5779,19.3424]]],[[[99.5779,19.3236],[99.5779,19.3241],[99.5779,19.3241],[99.5779,19.3236]]],[[[99.5788,19.3233],[99.5779,19.3226],[99.5779,19.3233],[99.5788,19.3233]]],[[[99.5804,19.3116],[99.58,19.3116],[99.58,19.3116],[99.5804,19.3116]]],[[[99.7054,19.2508],[99.7021,19.2533],[99.7013,19.2996],[99.7071,19.2746],[99.7054,19.2508]]],[[[99.5621,19.2681],[99.5621,19.2683],[99.5621,19.2683],[99.5621,19.2681]]],[[[99.5629,19.2674],[99.5618,19.2665],[99.5621,19.2674],[99.5629,19.2674]]],[[[99.7066,19.2399],[99.7038,19.2441],[99.7054,19.2506],[99.7075,19.2475],[99.7066,19.2399]]],[[[99.7128,19.2356],[99.7113,19.2266],[99.7104,19.2367],[99.7128,19.2356]]],[[[99.7151,19.2216],[99.7146,19.2216],[99.7146,19.2222],[99.7151,19.2216]]],[[[99.7177,19.214],[99.7146,19.2116],[99.7154,19.2213],[99.7177,19.214]]],[[[99.7191,19.2075],[99.7188,19.2074],[99.7188,19.2077],[99.7191,19.2075]]],[[[99.7214,19.2031],[99.7196,19.2033],[99.7196,19.207],[99.7214,19.2031]]],[[[99.7239,19.1967],[99.7229,19.1924],[99.7221,19.1996],[99.7239,19.1967]]],[[[99.7255,19.1891],[99.7254,19.1891],[99.7254,19.1891],[99.7255,19.1891]]],[[[99.7266,19.188],[99.7263,19.1874],[99.7263,19.1883],[99.7266,19.188]]],[[[99.7276,19.1863],[99.7271,19.1858],[99.7271,19.1873],[99.7276,19.1863]]],[[[99.7309,19.179],[99.7271,19.1699],[99.7279,19.1857],[99.7309,19.179]]],[[[99.5404,19.1816],[99.54,19.181],[99.5396,19.1816],[99.5404,19.1816]]],[[[99.7347,19.1646],[99.7338,19.1633],[99.7329,19.1659],[99.7347,19.1646]]],[[[99.5471,19.1574],[99.5403,19.1584],[99.5379,19.1615],[99.5446,19.1608],[99.5471,19.1574]]],[[[99.7356,19.1616],[99.7354,19.1616],[99.7354,19.1618],[99.7356,19.1616]]],[[[99.743,19.1511],[99.7429,19.1424],[99.7388,19.1585],[99.743,19.1511]]],[[[99.5479,19.1574],[99.5473,19.1573],[99.5471,19.1574],[99.5479,19.1574]]],[[[99.5488,19.1566],[99.5482,19.1564],[99.5481,19.1566],[99.5488,19.1566]]],[[[99.5496,19.1558],[99.5494,19.1556],[99.5492,19.1558],[99.5496,19.1558]]],[[[99.5513,19.1527],[99.5512,19.1527],[99.5513,19.1529],[99.5513,19.1527]]],[[[99.5596,19.1441],[99.5549,19.143],[99.5544,19.1449],[99.5596,19.1441]]],[[[99.7448,19.1416],[99.7446,19.1416],[99.7446,19.142],[99.7448,19.1416]]],[[[99.76,19.1314],[99.7588,19.1308],[99.7588,19.133],[99.76,19.1314]]],[[[99.7602,19.1291],[99.7571,19.1199],[99.7571,19.1233],[99.7602,19.1291]]],[[[99.7616,19.1136],[99.7621,19.1049],[99.7596,19.1161],[99.7616,19.1136]]],[[[99.5396,19.1047],[99.5395,19.1049],[99.5396,19.1049],[99.5396,19.1047]]],[[[99.7638,19.1027],[99.7638,19.1024],[99.7638,19.1029],[99.7638,19.1027]]],[[[99.7664,19.0947],[99.7638,19.0891],[99.7646,19.1012],[99.7664,19.0947]]],[[[99.5371,19.0933],[99.5365,19.0921],[99.5364,19.0933],[99.5371,19.0933]]],[[[99.7669,19.0856],[99.7646,19.0841],[99.7654,19.0876],[99.7669,19.0856]]],[[[99.769,19.0798],[99.7688,19.0774],[99.7679,19.0808],[99.769,19.0798]]],[[[99.7758,19.0745],[99.7729,19.0658],[99.7738,19.0754],[99.7758,19.0745]]],[[[99.7746,19.0639],[99.7746,19.0633],[99.7746,19.064],[99.7746,19.0639]]],[[[99.8226,19.0433],[99.8196,19.0474],[99.8188,19.0604],[99.8217,19.0582],[99.8226,19.0433]]],[[[99.7817,19.0592],[99.7813,19.0591],[99.7813,19.0593],[99.7817,19.0592]]],[[[99.7834,19.0585],[99.7813,19.0566],[99.7821,19.0591],[99.7834,19.0585]]],[[[99.7944,19.0527],[99.7938,19.0524],[99.7938,19.0531],[99.7944,19.0527]]],[[[99.8232,19.0427],[99.8229,19.0424],[99.8229,19.0429],[99.8232,19.0427]]],[[[99.8241,19.0417],[99.8238,19.0416],[99.8238,19.042],[99.8241,19.0417]]],[[[99.8253,19.041],[99.8246,19.0408],[99.8246,19.0414],[99.8253,19.041]]],[[[99.8344,19.0378],[99.8296,19.0333],[99.8339,19.0388],[99.8344,19.0378]]],[[[99.8338,19.0274],[99.8338,19.0274],[99.8338,19.0275],[99.8338,19.0274]]],[[[99.8346,19.0269],[99.8296,19.0091],[99.8296,19.0141],[99.8346,19.0269]]],[[[99.8365,19.0041],[99.8363,19.0041],[99.8363,19.0042],[99.8365,19.0041]]],[[[99.838,19.0029],[99.8371,19.0024],[99.8371,19.0037],[99.838,19.0029]]],[[[99.8563,19.0008],[99.8563,19.0008],[99.8563,19.0008],[99.8563,19.0008]]],[[[99.8573,19.0001],[99.8571,18.9999],[99.8571,19.0003],[99.8573,19.0001]]],[[[99.885,18.9978],[99.8838,18.9941],[99.8838,18.998],[99.885,18.9978]]],[[[99.8877,18.9916],[99.8871,18.9916],[99.8871,18.9918],[99.8877,18.9916]]],[[[99.8896,18.9899],[99.8888,18.9874],[99.8879,18.9915],[99.8896,18.9899]]],[[[99.9142,18.9853],[99.9138,18.9841],[99.9138,18.9855],[99.9142,18.9853]]],[[[99.9283,18.9771],[99.9271,18.9766],[99.9271,18.9776],[99.9283,18.9771]]],[[[99.9292,18.9747],[99.9288,18.9741],[99.9288,18.9756],[99.9292,18.9747]]],[[[99.9315,18.9708],[99.9313,18.9708],[99.9313,18.9711],[99.9315,18.9708]]],[[[99.9352,18.9677],[99.9346,18.9674],[99.9346,18.9681],[99.9352,18.9677]]],[[[99.9359,18.9666],[99.9354,18.9666],[99.9354,18.9673],[99.9359,18.9666]]],[[[99.9363,18.9659],[99.9363,18.9658],[99.9363,18.9659],[99.9363,18.9659]]],[[[99.9373,18.9633],[99.9371,18.9633],[99.9371,18.9639],[99.9373,18.9633]]],[[[99.9416,18.9582],[99.9413,18.9549],[99.9413,18.9586],[99.9416,18.9582]]],[[[99.9451,18.9489],[99.9438,18.9491],[99.9438,18.9507],[99.9451,18.9489]]],[[[99.9465,18.9453],[99.9454,18.9449],[99.9454,18.947],[99.9465,18.9453]]],[[[99.9557,18.9355],[99.9554,18.9349],[99.9554,18.9357],[99.9557,18.9355]]],[[[99.9622,18.9292],[99.9604,18.9291],[99.9604,18.9307],[99.9622,18.9292]]],[[[99.9709,18.9235],[99.9688,18.9241],[99.9688,18.9251],[99.9709,18.9235]]],[[[99.9749,18.9191],[99.9746,18.9191],[99.9746,18.9194],[99.9749,18.9191]]],[[[99.9757,18.9183],[99.9754,18.9183],[99.9754,18.9186],[99.9757,18.9183]]],[[[99.9826,18.9177],[99.9821,18.9174],[99.9821,18.9178],[99.9826,18.9177]]],[[[99.9833,18.9166],[99.9829,18.9166],[99.9829,18.9172],[99.9833,18.9166]]],[[[99.984,18.9158],[99.9838,18.9158],[99.9838,18.9161],[99.984,18.9158]]],[[[99.9916,18.911],[99.9904,18.9108],[99.9904,18.9116],[99.9916,18.911]]],[[[99.9923,18.9095],[99.9921,18.9091],[99.9921,18.9099],[99.9923,18.9095]]],[[[99.9966,18.9058],[99.9963,18.9058],[99.9963,18.9059],[99.9966,18.9058]]],[[[99.9974,18.9049],[99.9971,18.9049],[99.9971,18.9052],[99.9974,18.9049]]],[[[100.0113,18.9027],[100.0104,18.9016],[100.0104,18.9031],[100.0113,18.9027]]],[[[100.0358,18.8999],[100.0338,18.8999],[100.0346,18.9003],[100.0358,18.8999]]],[[[100.0329,18.8983],[100.0333,18.8996],[100.0338,18.8999],[100.0329,18.8983]]],[[[100.0366,18.8991],[100.0363,18.8991],[100.0363,18.8994],[100.0366,18.8991]]],[[[100.0372,18.8984],[100.0371,18.8983],[100.0371,18.8985],[100.0372,18.8984]]],[[[100.0142,18.8975],[100.0138,18.8974],[100.0138,18.898],[100.0142,18.8975]]],[[[100.0156,18.8966],[100.0154,18.8966],[100.0154,18.8967],[100.0156,18.8966]]],[[[100.0163,18.8963],[100.0171,18.8949],[100.0163,18.8949],[100.0163,18.8963]]]]}},{"type":"Feature","properties":{"id":"adm1_58","ten":"Loei, Thailand","country":"Thailand","bounds":[100.8351,16.754,102.1557,18.2178]},"geometry":{"type":"MultiPolygon","coordinates":[[[[102.1087,18.2115],[102.1045,18.1598],[102.0891,18.1578],[102.0708,18.1406],[102.0562,18.0759],[102.0585,18.0375],[102.0413,18.0205],[102.0449,17.9871],[102.0291,17.9891],[102.0206,17.9804],[102.0278,17.9734],[102.0265,17.9533],[102.0424,17.8942],[102.0401,17.8825],[102.0529,17.8673],[102.0533,17.8456],[102.0487,17.8167],[102.0376,17.8036],[102.0467,17.787],[102.031,17.7831],[102.0182,17.7459],[102.0278,17.6775],[102.0405,17.6611],[102.0321,17.6557],[102.0387,17.6464],[102.0589,17.656],[102.0728,17.6439],[102.0812,17.6441],[102.1095,17.6078],[102.124,17.5675],[102.1393,17.5555],[102.1428,17.5203],[102.1387,17.5074],[102.1304,17.5068],[102.1301,17.4901],[102.0943,17.4642],[102.0541,17.4485],[102.0338,17.4581],[101.9932,17.4573],[101.9866,17.435],[101.9944,17.4195],[101.9836,17.4103],[102.0205,17.3705],[102.015,17.3604],[102.0222,17.3396],[101.9995,17.3313],[101.992,17.3191],[101.9993,17.2977],[102.0163,17.2867],[102.0161,17.2776],[102.0284,17.2789],[102.0362,17.2602],[102.0456,17.26],[102.0531,17.2495],[102.0705,17.253],[102.0611,17.2322],[102.0763,17.2101],[102.0713,17.2053],[102.055,17.2032],[102.0091,17.215],[101.9993,17.2054],[102.0179,17.1949],[102.0792,17.1887],[102.0775,17.1817],[102.0742,17.1861],[102.0503,17.1683],[102.047,17.1539],[102.0229,17.1658],[102.0228,17.1302],[102.0926,17.1094],[102.1064,17.0814],[102.1058,17.0628],[102.1211,17.0559],[102.1284,17.0408],[102.1557,17.0269],[102.1326,17.0064],[102.0988,17.002],[102.0977,16.9853],[102.0751,16.9632],[102.0591,16.965],[102.0328,16.9506],[102.0479,16.9058],[102.0706,16.8917],[102.0581,16.8748],[102.0626,16.8701],[102.0473,16.8669],[102.0422,16.8571],[102.0128,16.869],[102.0018,16.8588],[102.0081,16.8539],[101.9985,16.849],[101.9969,16.8386],[101.9814,16.8388],[101.9815,16.8433],[101.9764,16.8395],[101.9647,16.85],[101.9589,16.8456],[101.9462,16.8513],[101.9508,16.8395],[101.9071,16.8129],[101.8802,16.8083],[101.8633,16.789],[101.7649,16.7547],[101.722,16.754],[101.7054,16.7808],[101.6877,16.7954],[101.7023,16.8061],[101.7201,16.7971],[101.7226,16.8047],[101.706,16.8272],[101.6936,16.8333],[101.6904,16.8456],[101.6859,16.8447],[101.6876,16.8559],[101.6793,16.8589],[101.6908,16.934],[101.6797,16.9363],[101.6733,16.9507],[101.6772,16.9747],[101.6467,17.028],[101.6508,17.0385],[101.6308,17.0432],[101.6117,17.0006],[101.5884,16.9942],[101.5826,16.9854],[101.5695,16.9845],[101.5519,16.9939],[101.5453,17.0144],[101.5363,17.0209],[101.5332,17.052],[101.5107,17.0561],[101.4885,17.0748],[101.4838,17.07],[101.4779,17.0874],[101.4604,17.0966],[101.4579,17.1116],[101.4638,17.1224],[101.4571,17.1241],[101.4471,17.1458],[101.4521,17.1649],[101.4571,17.1658],[101.4546,17.1849],[101.4396,17.1891],[101.4346,17.1983],[101.4229,17.1991],[101.4213,17.2341],[101.4054,17.2774],[101.3963,17.2733],[101.3888,17.2508],[101.3779,17.2508],[101.3754,17.2649],[101.3654,17.2724],[101.3613,17.2566],[101.3438,17.2624],[101.3188,17.2508],[101.3004,17.2274],[101.2888,17.2283],[101.2804,17.2516],[101.2538,17.2691],[101.2496,17.2583],[101.2313,17.2549],[101.2029,17.2233],[101.1904,17.2391],[101.1438,17.2249],[101.1313,17.2016],[101.1413,17.1874],[101.1371,17.1766],[101.1479,17.1624],[101.1504,17.1308],[101.1379,17.0791],[101.1363,17.0278],[101.1209,17.0218],[101.1113,16.9988],[101.117,16.9416],[101.1088,16.9024],[101.1004,16.8941],[101.0854,16.8958],[101.0713,16.9041],[101.0713,16.9324],[101.0339,16.9316],[101.0296,16.9455],[101.0521,16.9541],[101.0417,16.9886],[101.0596,17.0272],[101.0592,17.0618],[101.0521,17.0774],[101.0613,17.0824],[101.0577,17.0939],[101.0665,17.1017],[101.0663,17.1139],[101.0846,17.1233],[101.0792,17.1623],[101.1013,17.1683],[101.0996,17.1858],[101.1129,17.1916],[101.1121,17.2074],[101.1063,17.2108],[101.1109,17.2326],[101.0946,17.2518],[101.0954,17.2641],[101.0845,17.2711],[101.0843,17.2782],[101.0554,17.2816],[101.0443,17.2891],[101.0271,17.3108],[101.0129,17.3133],[101.0071,17.3349],[100.9921,17.3424],[100.9871,17.3383],[100.9696,17.3424],[100.9554,17.3358],[100.9446,17.3416],[100.9379,17.3358],[100.9213,17.3374],[100.9163,17.3424],[100.9221,17.3649],[100.9154,17.3764],[100.9256,17.4173],[100.9163,17.4333],[100.9163,17.4508],[100.8946,17.4633],[100.8746,17.4491],[100.8572,17.4508],[100.8363,17.4658],[100.8351,17.4778],[100.8456,17.4884],[100.8455,17.5004],[100.867,17.5149],[100.8746,17.5276],[100.8629,17.5458],[100.8766,17.576],[100.9051,17.5916],[100.9296,17.5678],[100.9658,17.5726],[100.9948,17.5636],[101.0058,17.5538],[101.0253,17.5552],[101.0415,17.539],[101.047,17.5428],[101.0488,17.527],[101.062,17.5247],[101.0632,17.5097],[101.0819,17.5001],[101.1039,17.5066],[101.0955,17.4937],[101.1084,17.4901],[101.1114,17.4797],[101.1368,17.4826],[101.133,17.4721],[101.1488,17.4745],[101.152,17.4654],[101.1666,17.4668],[101.1726,17.4912],[101.1883,17.4949],[101.1861,17.5239],[101.2346,17.5342],[101.2545,17.5788],[101.2645,17.5847],[101.2728,17.6038],[101.3131,17.6329],[101.3158,17.6493],[101.3579,17.6618],[101.3904,17.6943],[101.4079,17.6807],[101.4136,17.7],[101.4368,17.7142],[101.4254,17.7233],[101.4082,17.7239],[101.4044,17.7265],[101.4094,17.7328],[101.4481,17.7267],[101.4837,17.7583],[101.4776,17.7447],[101.4932,17.7431],[101.4866,17.7247],[101.4983,17.7254],[101.5078,17.755],[101.5201,17.7665],[101.5437,17.7743],[101.5547,17.7878],[101.5809,17.7839],[101.5744,17.8015],[101.5543,17.812],[101.5797,17.867],[101.5955,17.8472],[101.6104,17.8594],[101.6249,17.8917],[101.652,17.8943],[101.6981,17.9105],[101.7139,17.9005],[101.7364,17.9192],[101.733,17.9481],[101.7552,17.9996],[101.7602,18.0303],[101.7828,18.0663],[101.7872,18.0694],[101.8284,18.0551],[101.8781,18.027],[101.9075,18.0281],[101.9587,18.0954],[102.0296,18.1478],[102.0479,18.1958],[102.0898,18.2178],[102.1087,18.2115]]],[[[101.0804,17.1683],[101.0801,17.1682],[101.0801,17.1683],[101.0804,17.1683]]],[[[101.0813,17.1671],[101.0808,17.1674],[101.0813,17.1674],[101.0813,17.1671]]],[[[101.0854,16.8957],[101.0852,16.8958],[101.0854,16.8958],[101.0854,16.8957]]]]}},{"type":"Feature","properties":{"id":"adm1_59","ten":"Lop Buri, Thailand","country":"Thailand","bounds":[101.3704,15.4891,101.3862,15.5758]},"geometry":{"type":"MultiPolygon","coordinates":[[[[101.3704,15.5758],[101.3714,15.5734],[101.3713,15.5717],[101.3704,15.5758]]],[[[101.3713,15.5707],[101.3713,15.5699],[101.3713,15.5709],[101.3713,15.5707]]],[[[101.3722,15.5667],[101.3721,15.5658],[101.3721,15.5679],[101.3722,15.5667]]],[[[101.3731,15.5614],[101.3729,15.5608],[101.3729,15.5634],[101.3731,15.5614]]],[[[101.3743,15.558],[101.3738,15.5574],[101.3738,15.5592],[101.3743,15.558]]],[[[101.3795,15.5141],[101.3771,15.5174],[101.3746,15.5258],[101.3754,15.5308],[101.3738,15.5433],[101.3746,15.5568],[101.3795,15.5141]]],[[[101.3808,15.5104],[101.3796,15.5108],[101.3796,15.5138],[101.3808,15.5104]]],[[[101.3815,15.5074],[101.3813,15.5049],[101.3813,15.5082],[101.3815,15.5074]]],[[[101.3862,15.4891],[101.3838,15.4933],[101.3821,15.5046],[101.3838,15.5],[101.3862,15.4891]]]]}},{"type":"Feature","properties":{"id":"adm1_60","ten":"Maha Sarakham, Thailand","country":"Thailand","bounds":[102.8456,15.4047,103.5061,16.6403]},"geometry":{"type":"Polygon","coordinates":[[[103.5055,16.1977],[103.4877,16.1827],[103.4922,16.1699],[103.4826,16.1436],[103.4572,16.1149],[103.4551,16.0797],[103.4726,16.0444],[103.4624,16.0198],[103.4654,15.9699],[103.4813,15.95],[103.4827,15.9255],[103.46,15.9069],[103.4599,15.8927],[103.4471,15.8671],[103.4398,15.8336],[103.4432,15.8144],[103.4373,15.8064],[103.4427,15.7978],[103.4291,15.7734],[103.4221,15.7191],[103.415,15.711],[103.3929,15.7074],[103.353,15.7243],[103.341,15.7094],[103.3073,15.7016],[103.2738,15.6625],[103.3069,15.6595],[103.2908,15.6174],[103.2763,15.6003],[103.2827,15.5924],[103.2967,15.5909],[103.305,15.5605],[103.3514,15.5427],[103.3627,15.5241],[103.3861,15.5363],[103.4138,15.5382],[103.4188,15.5326],[103.4225,15.4982],[103.4,15.4302],[103.3806,15.4261],[103.3653,15.4113],[103.3438,15.4047],[103.3328,15.4121],[103.2721,15.4218],[103.2529,15.4465],[103.2274,15.447],[103.2173,15.4602],[103.1144,15.4793],[103.0804,15.4922],[103.0805,15.4975],[103.0743,15.4965],[103.0749,15.5069],[103.093,15.532],[103.0836,15.5457],[103.08,15.5416],[103.0483,15.5622],[103.0548,15.5907],[103.0288,15.5985],[103.0149,15.6132],[103.014,15.6259],[102.9759,15.659],[102.9773,15.6688],[103.0072,15.6833],[103.0126,15.7022],[103.0048,15.7154],[103.007,15.7268],[102.9996,15.738],[102.9894,15.7315],[102.9734,15.7557],[102.943,15.7654],[102.9414,15.7822],[102.932,15.7925],[102.9343,15.8115],[102.9216,15.822],[102.9272,15.8493],[102.9335,15.8522],[102.9298,15.8773],[102.9086,15.8957],[102.8924,15.9313],[102.8969,15.9562],[102.908,15.9697],[102.9011,15.9997],[102.8855,16.0117],[102.8964,16.0235],[102.8748,16.0379],[102.861,16.0392],[102.8619,16.0586],[102.8508,16.0703],[102.87,16.1183],[102.8698,16.1233],[102.8563,16.1265],[102.8473,16.1427],[102.8601,16.16],[102.8497,16.1781],[102.8456,16.2097],[102.8521,16.2203],[102.8466,16.2325],[102.8486,16.2701],[102.8749,16.3005],[102.8965,16.3127],[102.8983,16.3476],[102.9112,16.3478],[102.9074,16.3563],[102.9191,16.3675],[102.9296,16.3651],[102.9226,16.3758],[102.9397,16.3755],[102.9381,16.3873],[102.9419,16.3844],[102.9429,16.3917],[102.9519,16.388],[102.9585,16.3969],[102.9481,16.4021],[102.9586,16.4115],[102.9601,16.4234],[102.9771,16.4224],[102.9646,16.4282],[102.9554,16.4503],[103.021,16.4727],[103.0351,16.5],[103.0445,16.4898],[103.0836,16.51],[103.1066,16.5525],[103.121,16.5647],[103.123,16.5905],[103.1554,16.609],[103.1527,16.6401],[103.192,16.6403],[103.1974,16.6265],[103.1699,16.6041],[103.1891,16.5501],[103.1605,16.4909],[103.1681,16.4653],[103.1857,16.4466],[103.1868,16.4336],[103.1654,16.3896],[103.1776,16.3617],[103.2666,16.3764],[103.2932,16.3936],[103.3031,16.3677],[103.3471,16.3572],[103.3542,16.3062],[103.3705,16.2977],[103.3964,16.2961],[103.4137,16.2822],[103.407,16.2546],[103.4169,16.2375],[103.435,16.2308],[103.4405,16.2167],[103.4497,16.2251],[103.4511,16.2156],[103.4457,16.2142],[103.4509,16.2106],[103.4427,16.2038],[103.453,16.2026],[103.4469,16.1956],[103.4583,16.1896],[103.4507,16.1895],[103.4544,16.1803],[103.4682,16.1914],[103.474,16.1894],[103.4814,16.2062],[103.496,16.2003],[103.5061,16.2068],[103.5055,16.1977]]]}},{"type":"Feature","properties":{"id":"adm1_61","ten":"Mukdahan, Thailand","country":"Thailand","bounds":[104.073,16.1832,104.9807,16.9048]},"geometry":{"type":"Polygon","coordinates":[[[104.724,16.8075],[104.7402,16.8029],[104.7481,16.7668],[104.7617,16.7456],[104.7671,16.6984],[104.7457,16.6323],[104.7363,16.5679],[104.7395,16.5416],[104.7726,16.4976],[104.8503,16.4496],[104.8636,16.424],[104.8653,16.3986],[104.8872,16.3689],[104.8948,16.344],[104.934,16.3258],[104.9605,16.2902],[104.9807,16.2775],[104.9604,16.2819],[104.9621,16.2722],[104.949,16.2605],[104.9336,16.2517],[104.9162,16.2537],[104.8887,16.2337],[104.882,16.2087],[104.857,16.199],[104.8311,16.2019],[104.8251,16.1867],[104.8167,16.1832],[104.8015,16.1866],[104.7926,16.1973],[104.7701,16.1937],[104.7486,16.2023],[104.7058,16.2057],[104.6952,16.2127],[104.6932,16.224],[104.674,16.2291],[104.6688,16.2418],[104.6607,16.2235],[104.6458,16.2133],[104.6304,16.2089],[104.616,16.2145],[104.6043,16.2243],[104.6019,16.2381],[104.5878,16.2365],[104.5796,16.2449],[104.5781,16.2613],[104.5646,16.2763],[104.5534,16.3097],[104.537,16.3163],[104.5131,16.315],[104.5036,16.3403],[104.3977,16.3476],[104.3711,16.3402],[104.3533,16.3232],[104.325,16.329],[104.3328,16.3386],[104.3186,16.3891],[104.3216,16.4179],[104.313,16.4505],[104.2937,16.4709],[104.286,16.4471],[104.271,16.4353],[104.2467,16.4352],[104.2402,16.4274],[104.2413,16.4535],[104.2296,16.4715],[104.2412,16.4916],[104.2424,16.5161],[104.2243,16.527],[104.2279,16.5493],[104.2104,16.5623],[104.2086,16.5814],[104.1954,16.5939],[104.1811,16.5956],[104.1778,16.6078],[104.1833,16.6216],[104.1788,16.6457],[104.1904,16.6668],[104.167,16.6748],[104.1654,16.6835],[104.173,16.6947],[104.1563,16.6984],[104.1534,16.7153],[104.1354,16.7327],[104.1394,16.7549],[104.1338,16.7594],[104.1221,16.756],[104.0961,16.7888],[104.0951,16.8092],[104.0856,16.8068],[104.073,16.8195],[104.1114,16.8376],[104.1268,16.8579],[104.1231,16.8796],[104.1274,16.8853],[104.1645,16.8873],[104.2076,16.872],[104.2166,16.8861],[104.246,16.8909],[104.2552,16.9048],[104.2637,16.8815],[104.286,16.8552],[104.3072,16.8853],[104.328,16.9007],[104.3464,16.9016],[104.3568,16.8994],[104.3546,16.8928],[104.3639,16.8875],[104.3776,16.8899],[104.4014,16.877],[104.4178,16.891],[104.4465,16.8648],[104.4721,16.8656],[104.4924,16.8496],[104.5516,16.867],[104.5632,16.8619],[104.6302,16.8618],[104.6402,16.8454],[104.6391,16.8234],[104.6697,16.7845],[104.7038,16.8261],[104.7158,16.8263],[104.724,16.8075]]]}},{"type":"Feature","properties":{"id":"adm1_62","ten":"Nakhon Nayok, Thailand","country":"Thailand","bounds":[101.2771,14.3608,101.4349,14.5113]},"geometry":{"type":"MultiPolygon","coordinates":[[[[101.4224,14.3841],[101.4029,14.3658],[101.3863,14.3608],[101.3754,14.4033],[101.3838,14.4083],[101.3821,14.4216],[101.3613,14.4224],[101.3596,14.4383],[101.3496,14.4441],[101.3079,14.4358],[101.3054,14.4508],[101.2804,14.4808],[101.2771,14.5113],[101.2857,14.5006],[101.2855,14.4887],[101.3073,14.4965],[101.3134,14.4708],[101.3667,14.4475],[101.3832,14.4309],[101.3816,14.4225],[101.3977,14.4168],[101.3991,14.4072],[101.4224,14.3841]]],[[[101.4339,14.3883],[101.4336,14.3883],[101.4338,14.3884],[101.4339,14.3883]]],[[[101.4349,14.3877],[101.4346,14.3874],[101.4346,14.3878],[101.4349,14.3877]]]]}},{"type":"Feature","properties":{"id":"adm1_63","ten":"Nakhon Phanom, Thailand","country":"Thailand","bounds":[103.9846,16.7846,104.8062,18.025]},"geometry":{"type":"Polygon","coordinates":[[[104.1872,18.025],[104.2204,17.9889],[104.2781,17.8551],[104.2995,17.8384],[104.3387,17.8265],[104.3607,17.8106],[104.406,17.7265],[104.4574,17.658],[104.5388,17.619],[104.6977,17.5254],[104.7514,17.4451],[104.7835,17.4151],[104.802,17.3827],[104.8062,17.2251],[104.7827,17.1197],[104.7688,17.0792],[104.7371,17.0288],[104.7313,17.0036],[104.7348,16.9556],[104.7301,16.92],[104.735,16.9076],[104.7312,16.915],[104.7298,16.9151],[104.7598,16.8482],[104.7352,16.8038],[104.724,16.8075],[104.7158,16.8263],[104.7038,16.8261],[104.6694,16.7846],[104.6391,16.8234],[104.6402,16.8454],[104.6302,16.8618],[104.5632,16.8619],[104.5516,16.867],[104.493,16.8496],[104.4721,16.8656],[104.4465,16.8648],[104.4175,16.8911],[104.4017,16.877],[104.3776,16.8899],[104.3639,16.8875],[104.3546,16.8928],[104.3565,16.8995],[104.3358,16.902],[104.306,16.8842],[104.2866,16.8551],[104.2631,16.8827],[104.2555,16.9054],[104.2739,16.9206],[104.3049,16.9261],[104.3226,16.9652],[104.3202,16.9739],[104.3536,16.9825],[104.3598,17.004],[104.3923,17.0139],[104.4013,17.0229],[104.3989,17.0338],[104.3876,17.0345],[104.3876,17.0429],[104.3676,17.0534],[104.3644,17.0624],[104.3558,17.0573],[104.3543,17.0647],[104.3644,17.0707],[104.3622,17.0933],[104.3673,17.1017],[104.3815,17.1047],[104.4034,17.1341],[104.3913,17.1455],[104.3941,17.1777],[104.4378,17.2385],[104.4265,17.2455],[104.4272,17.253],[104.4092,17.2759],[104.4051,17.2976],[104.4062,17.306],[104.4195,17.312],[104.4257,17.3331],[104.4094,17.3774],[104.4178,17.3947],[104.4132,17.4072],[104.4196,17.4221],[104.4159,17.4281],[104.3775,17.4237],[104.2897,17.431],[104.2687,17.4184],[104.2307,17.4127],[104.2112,17.4134],[104.2026,17.4265],[104.1857,17.421],[104.1756,17.427],[104.1737,17.4165],[104.1792,17.4118],[104.1609,17.4154],[104.156,17.4039],[104.1474,17.408],[104.1564,17.3934],[104.1433,17.3942],[104.1443,17.3847],[104.135,17.3791],[104.1298,17.3807],[104.1289,17.3976],[104.1134,17.3899],[104.1105,17.402],[104.0941,17.4005],[104.0989,17.3959],[104.0961,17.387],[104.1045,17.3887],[104.0977,17.3739],[104.091,17.3748],[104.0942,17.3829],[104.0826,17.3919],[104.0769,17.3754],[104.0609,17.3886],[104.019,17.4588],[104.0119,17.4851],[104.0231,17.4872],[104.0355,17.5126],[104.0421,17.5299],[104.0376,17.5615],[104.0528,17.5705],[104.0567,17.5837],[104.0497,17.6022],[104.0344,17.6146],[104.0385,17.6336],[104.0311,17.6376],[104.0456,17.645],[104.0514,17.6369],[104.0699,17.6444],[104.0738,17.6653],[104.0856,17.6694],[104.0808,17.6725],[104.086,17.6813],[104.0734,17.6774],[104.0709,17.6829],[104.0706,17.6914],[104.0804,17.6947],[104.0721,17.6989],[104.08,17.7036],[104.0622,17.7237],[104.0645,17.7277],[104.0705,17.7232],[104.0674,17.7453],[104.0531,17.7361],[104.0527,17.7461],[104.0606,17.7547],[104.0423,17.7679],[104.0321,17.7674],[104.0314,17.7563],[104.0263,17.7577],[104.0127,17.7912],[104.024,17.7971],[104.0126,17.8168],[104.0148,17.8286],[104.0011,17.8394],[104.0048,17.8477],[103.9846,17.8575],[104.0007,17.8905],[104.0185,17.892],[104.0331,17.9081],[104.0516,17.9029],[104.0515,17.8879],[104.0755,17.8774],[104.0914,17.899],[104.1295,17.9269],[104.1425,17.95],[104.1368,17.9626],[104.1217,17.9727],[104.1149,18.0012],[104.1475,18.0118],[104.1531,18.0214],[104.1747,18.0005],[104.1764,18.0184],[104.1872,18.025]]]}},{"type":"Feature","properties":{"id":"adm1_64","ten":"Nakhon Ratchasima, Thailand","country":"Thailand","bounds":[101.2746,14.1216,103.014,15.8065]},"geometry":{"type":"Polygon","coordinates":[[[102.3289,15.8019],[102.3646,15.7661],[102.3581,15.7389],[102.3622,15.7297],[102.3802,15.7307],[102.4054,15.7004],[102.4186,15.6945],[102.4538,15.7156],[102.4845,15.716],[102.5142,15.7257],[102.5363,15.7095],[102.5635,15.7051],[102.5994,15.7115],[102.6123,15.7274],[102.6484,15.7138],[102.6694,15.7145],[102.6843,15.7275],[102.6985,15.7234],[102.6918,15.7017],[102.7103,15.685],[102.7183,15.6645],[102.7487,15.6688],[102.7504,15.6604],[102.7815,15.644],[102.7813,15.6273],[102.7729,15.621],[102.7839,15.5991],[102.7792,15.592],[102.7867,15.583],[102.7831,15.5618],[102.7948,15.5538],[102.7915,15.5456],[102.8013,15.5384],[102.7989,15.5297],[102.8134,15.5229],[102.817,15.5114],[102.8279,15.5118],[102.8317,15.5038],[102.838,15.5146],[102.8661,15.5064],[102.8757,15.5106],[102.874,15.5181],[102.8857,15.5218],[102.8907,15.512],[102.8985,15.5193],[102.912,15.5138],[102.9147,15.5064],[102.9286,15.509],[102.9332,15.5016],[102.9241,15.4977],[102.9313,15.4874],[102.9412,15.4951],[102.9465,15.488],[102.9391,15.4744],[102.9477,15.4809],[102.9521,15.4753],[102.9619,15.4777],[102.9671,15.4839],[102.9699,15.4763],[102.9798,15.4805],[102.9872,15.4653],[102.9945,15.467],[102.9977,15.4516],[103.014,15.4289],[103.0022,15.4253],[102.9945,15.4128],[102.9848,15.4253],[102.9851,15.4158],[102.9802,15.4151],[102.9784,15.4278],[102.9672,15.4174],[102.9684,15.4052],[102.9605,15.4016],[102.9595,15.4087],[102.9536,15.4009],[102.9581,15.3794],[102.9892,15.3691],[102.9872,15.3533],[102.9939,15.3459],[102.9921,15.3339],[102.9695,15.3314],[102.9544,15.3135],[102.9697,15.2912],[102.9565,15.2692],[102.9631,15.2603],[102.9572,15.2498],[102.9637,15.2388],[102.9626,15.2175],[102.9766,15.2053],[102.969,15.1912],[102.9363,15.1811],[102.8969,15.1871],[102.877,15.1719],[102.85,15.1681],[102.8328,15.1454],[102.819,15.141],[102.7813,15.0877],[102.7639,15.0768],[102.767,15.0701],[102.7733,15.0743],[102.7768,15.0693],[102.7751,15.0562],[102.7839,15.039],[102.7555,15.0275],[102.7585,15.008],[102.7519,14.9913],[102.7345,14.9938],[102.716,14.9828],[102.7089,14.9686],[102.7115,14.9541],[102.6985,14.9327],[102.6025,14.9348],[102.5747,14.956],[102.5599,14.9547],[102.5487,14.9445],[102.5656,14.9361],[102.5692,14.926],[102.5429,14.8981],[102.5539,14.8595],[102.5352,14.813],[102.5021,14.801],[102.4778,14.8125],[102.4613,14.8335],[102.442,14.7987],[102.4461,14.7783],[102.4713,14.7608],[102.4828,14.7444],[102.4819,14.7355],[102.491,14.7329],[102.4684,14.7224],[102.4606,14.7057],[102.478,14.6493],[102.472,14.6157],[102.4971,14.564],[102.4943,14.5351],[102.4834,14.5118],[102.4965,14.5041],[102.5233,14.5056],[102.6111,14.4927],[102.6005,14.4458],[102.5841,14.4435],[102.5708,14.4257],[102.5641,14.3743],[102.57,14.361],[102.5842,14.3567],[102.5886,14.334],[102.6044,14.3214],[102.6222,14.3186],[102.642,14.3246],[102.6648,14.3159],[102.6883,14.2971],[102.6248,14.263],[102.5776,14.2238],[102.5509,14.2155],[102.5409,14.2007],[102.5136,14.1994],[102.5004,14.1859],[102.4777,14.1985],[102.4698,14.1901],[102.4545,14.1922],[102.4337,14.151],[102.4146,14.1608],[102.4013,14.1466],[102.3871,14.1439],[102.3588,14.1666],[102.3579,14.1324],[102.3346,14.1216],[102.3271,14.1291],[102.3079,14.1216],[102.2904,14.1358],[102.2731,14.1291],[102.2696,14.1474],[102.2504,14.1408],[102.2156,14.1466],[102.2121,14.1749],[102.2054,14.1758],[102.1904,14.1966],[102.1788,14.1941],[102.1663,14.1758],[102.1721,14.1606],[102.1671,14.1433],[102.1338,14.1383],[102.1196,14.1499],[102.0713,14.1649],[102.0346,14.1983],[102.0079,14.2049],[101.9704,14.2266],[101.9921,14.2395],[101.9525,14.2522],[101.9732,14.2588],[101.9848,14.2824],[102.0007,14.2881],[101.9966,14.3121],[101.9615,14.3179],[101.9551,14.3047],[101.9486,14.3008],[101.9452,14.3016],[101.9596,14.3166],[101.9604,14.3324],[101.9696,14.3374],[101.9746,14.3508],[101.9546,14.3766],[101.9171,14.3524],[101.9096,14.3541],[101.9088,14.3649],[101.8913,14.3824],[101.8913,14.4041],[101.8704,14.3933],[101.8654,14.3724],[101.8296,14.3633],[101.8229,14.3508],[101.8088,14.3483],[101.7963,14.3599],[101.7879,14.3599],[101.7754,14.3474],[101.7638,14.3423],[101.7507,14.3473],[101.718,14.3283],[101.6488,14.3933],[101.6463,14.4058],[101.6311,14.4058],[101.6209,14.4158],[101.6204,14.4299],[101.5904,14.4391],[101.5463,14.4358],[101.543,14.4241],[101.5329,14.4249],[101.5043,14.4385],[101.4838,14.4649],[101.4363,14.4449],[101.4471,14.4216],[101.4341,14.3886],[101.4224,14.3841],[101.3991,14.4072],[101.3977,14.4168],[101.3816,14.4225],[101.3832,14.4309],[101.3667,14.4475],[101.3134,14.4708],[101.3073,14.4965],[101.2855,14.4887],[101.2857,14.5006],[101.2763,14.5116],[101.2746,14.5391],[101.2871,14.5491],[101.3029,14.5483],[101.3071,14.5691],[101.3246,14.5683],[101.3204,14.5783],[101.3354,14.5758],[101.3563,14.5833],[101.3596,14.5966],[101.3538,14.6091],[101.3688,14.6116],[101.3663,14.6299],[101.3463,14.6558],[101.3521,14.6799],[101.3346,14.6991],[101.3463,14.7383],[101.3571,14.7466],[101.3571,14.7683],[101.3863,14.7774],[101.4004,14.7966],[101.4254,14.7933],[101.4688,14.8133],[101.4771,14.8099],[101.4929,14.8424],[101.4863,14.8599],[101.4754,14.8658],[101.4746,14.8758],[101.4596,14.8933],[101.4379,14.9833],[101.4538,14.9849],[101.4596,14.9949],[101.4888,15.0091],[101.4921,15.0283],[101.4854,15.0349],[101.5096,15.0424],[101.5129,15.0633],[101.4938,15.0633],[101.4896,15.0716],[101.4804,15.0699],[101.4754,15.0766],[101.4446,15.0716],[101.4338,15.0799],[101.4554,15.0958],[101.4596,15.1174],[101.4746,15.1274],[101.4696,15.1458],[101.4488,15.1649],[101.4521,15.1774],[101.4396,15.1808],[101.4379,15.2033],[101.4288,15.2099],[101.4521,15.2524],[101.4479,15.2974],[101.4554,15.3216],[101.4646,15.3308],[101.4596,15.3566],[101.4354,15.3691],[101.4742,15.3676],[101.4952,15.356],[101.5227,15.3737],[101.5684,15.3703],[101.5991,15.3778],[101.6215,15.3611],[101.6307,15.3673],[101.642,15.3933],[101.6603,15.4],[101.6855,15.3901],[101.7035,15.3936],[101.7284,15.3813],[101.7637,15.3785],[101.7846,15.3869],[101.7996,15.4209],[101.8087,15.4265],[101.824,15.4129],[101.8435,15.41],[101.8809,15.3858],[101.8991,15.3993],[101.9138,15.4297],[101.9291,15.4382],[101.9327,15.4511],[101.9633,15.4517],[101.9979,15.4628],[102.0117,15.4543],[102.0353,15.4723],[102.0343,15.4977],[102.045,15.5264],[102.0406,15.5449],[102.0635,15.579],[102.0759,15.6218],[102.086,15.6199],[102.0904,15.6324],[102.0932,15.6254],[102.0965,15.6316],[102.102,15.6289],[102.1004,15.6338],[102.1069,15.631],[102.1039,15.6373],[102.1223,15.6442],[102.1243,15.6533],[102.1287,15.6499],[102.1248,15.6609],[102.1331,15.6656],[102.1289,15.6697],[102.1454,15.6776],[102.1443,15.7058],[102.1506,15.7059],[102.1544,15.7252],[102.1632,15.7256],[102.1565,15.7295],[102.1568,15.7407],[102.1645,15.7363],[102.166,15.7439],[102.1867,15.7466],[102.1886,15.7378],[102.202,15.7383],[102.2052,15.7557],[102.2319,15.7427],[102.2512,15.7494],[102.2472,15.756],[102.2599,15.7707],[102.2586,15.78],[102.2943,15.7839],[102.3088,15.7914],[102.3142,15.8065],[102.3289,15.8019]]]}},{"type":"Feature","properties":{"id":"adm1_65","ten":"Nan, Thailand","country":"Thailand","bounds":[100.5858,18.3808,101.3591,19.6268]},"geometry":{"type":"MultiPolygon","coordinates":[[[[101.0379,19.6266],[101.0371,19.6249],[101.0363,19.6268],[101.0379,19.6266]]],[[[100.9155,19.6241],[100.9154,19.6241],[100.9154,19.6243],[100.9155,19.6241]]],[[[101.0019,19.6228],[101.0013,19.6224],[101.0013,19.6234],[101.0019,19.6228]]],[[[100.9164,19.6229],[100.9163,19.6224],[100.9163,19.623],[100.9164,19.6229]]],[[[101.0489,19.6208],[101.0488,19.6208],[101.0488,19.6208],[101.0489,19.6208]]],[[[101.0652,19.6165],[101.0638,19.6158],[101.0629,19.6178],[101.0652,19.6165]]],[[[101.0702,19.6065],[101.0671,19.6049],[101.0671,19.6125],[101.0702,19.6065]]],[[[101.2476,19.5949],[101.2454,19.6008],[101.246,19.6017],[101.2475,19.5994],[101.2476,19.5949]]],[[[101.083,19.6016],[101.0829,19.6016],[101.0829,19.6016],[101.083,19.6016]]],[[[101.0839,19.6008],[101.0838,19.6008],[101.0838,19.6009],[101.0839,19.6008]]],[[[101.0847,19.5999],[101.0846,19.5999],[101.0846,19.6001],[101.0847,19.5999]]],[[[101.0901,19.5967],[101.0896,19.5966],[101.0896,19.5971],[101.0901,19.5967]]],[[[101.0937,19.5866],[101.0879,19.5924],[101.0904,19.5965],[101.0928,19.5938],[101.0937,19.5866]]],[[[101.2708,19.5866],[101.2663,19.5874],[101.2638,19.5913],[101.2671,19.5883],[101.2708,19.5866]]],[[[101.0966,19.5839],[101.0954,19.5833],[101.0954,19.5843],[101.0966,19.5839]]],[[[101.2765,19.5841],[101.2763,19.5841],[101.2763,19.5842],[101.2765,19.5841]]],[[[101.1726,19.5835],[101.1721,19.5833],[101.1721,19.5838],[101.1726,19.5835]]],[[[101.2775,19.5833],[101.2771,19.5833],[101.2771,19.5837],[101.2775,19.5833]]],[[[101.2781,19.5827],[101.2779,19.5824],[101.2779,19.5829],[101.2781,19.5827]]],[[[101.1206,19.5741],[101.1163,19.5783],[101.1171,19.5827],[101.12,19.5796],[101.1206,19.5741]]],[[[101.2789,19.5817],[101.2788,19.5816],[101.2788,19.5819],[101.2789,19.5817]]],[[[101.2802,19.5808],[101.2796,19.5808],[101.2796,19.5811],[101.2802,19.5808]]],[[[101.2834,19.5798],[101.2796,19.5791],[101.2804,19.5808],[101.2834,19.5798]]],[[[101.2823,19.5754],[101.2821,19.5749],[101.2821,19.5758],[101.2823,19.5754]]],[[[101.2831,19.5744],[101.2829,19.5741],[101.2829,19.5747],[101.2831,19.5744]]],[[[101.2841,19.5736],[101.2838,19.5733],[101.2838,19.5739],[101.2841,19.5736]]],[[[101.2848,19.573],[101.2846,19.5724],[101.2846,19.5732],[101.2848,19.573]]],[[[101.2857,19.572],[101.2854,19.5716],[101.2854,19.5724],[101.2857,19.572]]],[[[101.2863,19.5709],[101.2863,19.5708],[101.2863,19.571],[101.2863,19.5709]]],[[[101.2763,19.5492],[101.2763,19.5441],[101.2746,19.5508],[101.2879,19.5691],[101.2763,19.5492]]],[[[100.6602,19.5496],[100.6596,19.5483],[100.6588,19.5507],[100.6602,19.5496]]],[[[100.6747,19.5475],[100.6746,19.5474],[100.6746,19.5475],[100.6747,19.5475]]],[[[100.6756,19.5466],[100.6754,19.5466],[100.6754,19.5467],[100.6756,19.5466]]],[[[100.6845,19.5427],[100.6838,19.5424],[100.6838,19.5433],[100.6845,19.5427]]],[[[101.2813,19.5396],[101.2796,19.5374],[101.2796,19.5409],[101.2813,19.5396]]],[[[100.6935,19.5374],[100.6929,19.5358],[100.6929,19.5376],[100.6935,19.5374]]],[[[100.7103,19.5334],[100.7096,19.5324],[100.7096,19.5339],[100.7103,19.5334]]],[[[101.2597,19.4708],[101.2663,19.4708],[101.2679,19.5049],[101.2846,19.5339],[101.2872,19.5243],[101.2697,19.5016],[101.2683,19.4683],[101.2597,19.4708]]],[[[100.7348,19.5227],[100.7346,19.5224],[100.7346,19.5229],[100.7348,19.5227]]],[[[100.7357,19.5216],[100.7354,19.5216],[100.7354,19.522],[100.7357,19.5216]]],[[[100.7406,19.5193],[100.7404,19.5191],[100.7404,19.5193],[100.7406,19.5193]]],[[[100.7425,19.5184],[100.7413,19.5166],[100.7413,19.5191],[100.7425,19.5184]]],[[[100.7597,19.5098],[100.7571,19.5033],[100.7571,19.5058],[100.7597,19.5098]]],[[[100.763,19.5],[100.7629,19.4999],[100.7629,19.5],[100.763,19.5]]],[[[100.7676,19.4891],[100.7654,19.4991],[100.7638,19.4999],[100.7661,19.4995],[100.7671,19.4979],[100.7676,19.4891]]],[[[100.5886,19.4758],[100.5858,19.4815],[100.6004,19.4941],[100.6029,19.4799],[100.5886,19.4758]]],[[[101.2371,19.4753],[101.227,19.47],[101.2157,19.4733],[101.2296,19.4774],[101.2371,19.4753]]],[[[101.2121,19.4758],[101.2129,19.4619],[101.2063,19.4566],[101.2121,19.4758]]],[[[101.2545,19.4716],[101.2419,19.4705],[101.239,19.4733],[101.2488,19.4741],[101.2545,19.4716]]],[[[101.2109,19.4521],[101.2079,19.4491],[101.2088,19.4546],[101.2109,19.4521]]],[[[101.2142,19.4427],[101.2096,19.4374],[101.2113,19.4461],[101.2142,19.4427]]],[[[101.213,19.4349],[101.2129,19.4349],[101.2129,19.435],[101.213,19.4349]]],[[[101.2004,19.4043],[101.1996,19.4083],[101.2138,19.4343],[101.2171,19.4297],[101.2004,19.4043]]],[[[101.198,19.3991],[101.189,19.3977],[101.1924,19.3837],[101.1921,19.3774],[101.1863,19.3999],[101.198,19.3991]]],[[[101.2009,19.3679],[101.1988,19.3658],[101.1988,19.3711],[101.2009,19.3679]]],[[[101.2047,19.361],[101.2029,19.3591],[101.2021,19.3638],[101.2047,19.361]]],[[[101.2061,19.3525],[101.2038,19.3516],[101.2038,19.3575],[101.2061,19.3525]]],[[[101.2299,19.3451],[101.2296,19.3449],[101.2296,19.345],[101.2299,19.3451]]],[[[101.2322,19.3422],[101.2329,19.3358],[101.2304,19.3448],[101.2322,19.3422]]],[[[101.2367,19.3316],[101.2363,19.3316],[101.2363,19.332],[101.2367,19.3316]]],[[[101.2401,19.3285],[101.2396,19.3283],[101.2396,19.3289],[101.2401,19.3285]]],[[[101.2378,19.3241],[101.2293,19.3076],[101.2292,19.3035],[101.2304,19.2995],[101.2308,19.2966],[101.2304,19.2966],[101.2271,19.3116],[101.2378,19.3241]]],[[[101.2315,19.2949],[101.2313,19.2949],[101.2313,19.2952],[101.2315,19.2949]]],[[[101.2324,19.2936],[101.2321,19.2933],[101.2321,19.294],[101.2324,19.2936]]],[[[101.2335,19.2919],[101.2329,19.2916],[101.2329,19.2931],[101.2335,19.2919]]],[[[101.2363,19.2885],[101.2363,19.2883],[101.2363,19.2885],[101.2363,19.2885]]],[[[101.2374,19.2875],[101.2371,19.2874],[101.2371,19.2878],[101.2374,19.2875]]],[[[101.245,19.2616],[101.2404,19.2724],[101.2388,19.2849],[101.2414,19.283],[101.245,19.2616]]],[[[101.2459,19.2601],[101.2454,19.2599],[101.2454,19.2609],[101.2459,19.2601]]],[[[101.2463,19.2596],[101.2463,19.2583],[101.2463,19.2597],[101.2463,19.2596]]],[[[101.2475,19.2566],[101.2471,19.2566],[101.2471,19.2577],[101.2475,19.2566]]],[[[101.2522,19.2408],[101.2496,19.2441],[101.2471,19.2558],[101.2494,19.2519],[101.2522,19.2408]]],[[[101.2556,19.2376],[101.2546,19.2366],[101.2546,19.2383],[101.2556,19.2376]]],[[[101.2562,19.2241],[101.2531,19.1914],[101.2471,19.1793],[101.2494,19.176],[101.25,19.1733],[101.2496,19.1733],[101.2454,19.1824],[101.2529,19.1924],[101.2504,19.2074],[101.2562,19.2241]]],[[[101.2505,19.1724],[101.2504,19.1724],[101.2504,19.1725],[101.2505,19.1724]]],[[[101.2567,19.1516],[101.2521,19.1641],[101.2521,19.1705],[101.256,19.1591],[101.2567,19.1516]]],[[[101.2584,19.1249],[101.2538,19.1316],[101.2571,19.151],[101.2564,19.1292],[101.2584,19.1249]]],[[[101.2651,19.1192],[101.2646,19.1191],[101.2646,19.1194],[101.2651,19.1192]]],[[[101.2658,19.1188],[101.2654,19.1183],[101.2654,19.119],[101.2658,19.1188]]],[[[101.2666,19.1176],[101.2663,19.1174],[101.2663,19.118],[101.2666,19.1176]]],[[[101.2881,19.1072],[101.2863,19.1066],[101.2854,19.1087],[101.2881,19.1072]]],[[[101.2892,19.1042],[101.2888,19.1041],[101.2888,19.1046],[101.2892,19.1042]]],[[[101.2986,19.0986],[101.2971,19.0949],[101.2963,19.101],[101.2986,19.0986]]],[[[101.3042,19.0893],[101.3038,19.0891],[101.3038,19.0895],[101.3042,19.0893]]],[[[101.3054,19.0886],[101.3046,19.0883],[101.3046,19.0891],[101.3054,19.0886]]],[[[101.3063,19.0878],[101.3063,19.0874],[101.3063,19.0878],[101.3063,19.0878]]],[[[101.3073,19.0869],[101.3071,19.0866],[101.3071,19.0871],[101.3073,19.0869]]],[[[101.3083,19.086],[101.3079,19.0858],[101.3079,19.0863],[101.3083,19.086]]],[[[101.3093,19.0851],[101.3088,19.0849],[101.3088,19.0855],[101.3093,19.0851]]],[[[101.311,19.0842],[101.3104,19.0841],[101.3104,19.0844],[101.311,19.0842]]],[[[101.3122,19.0835],[101.3121,19.0833],[101.3121,19.0836],[101.3122,19.0835]]],[[[101.3131,19.0827],[101.3129,19.0824],[101.3129,19.0828],[101.3131,19.0827]]],[[[101.3282,19.0768],[101.3254,19.0741],[101.3246,19.0786],[101.3282,19.0768]]],[[[101.3327,19.0704],[101.3313,19.0683],[101.3304,19.0704],[101.3327,19.0704]]],[[[101.3436,19.0668],[101.3429,19.0633],[101.3413,19.0676],[101.3436,19.0668]]],[[[101.3523,19.0516],[101.3488,19.0549],[101.3479,19.059],[101.3493,19.0583],[101.3523,19.0516]]],[[[101.2942,18.9641],[101.2904,18.9758],[101.2929,18.9824],[101.3054,18.9891],[101.3096,19.0033],[101.3363,19.0049],[101.3413,19.0241],[101.3546,19.0491],[101.3591,19.0486],[101.3389,19.003],[101.312,19.0001],[101.3075,18.9861],[101.2948,18.9785],[101.2942,18.9641]]],[[[101.2502,18.8158],[101.2421,18.8208],[101.2454,18.8391],[101.2538,18.8466],[101.2463,18.8916],[101.2529,18.9066],[101.2746,18.9174],[101.2746,18.9316],[101.2938,18.9374],[101.2946,18.9634],[101.2976,18.9376],[101.2766,18.9282],[101.2764,18.915],[101.2556,18.9038],[101.2499,18.8942],[101.2566,18.8629],[101.2555,18.8486],[101.2448,18.8303],[101.2502,18.8158]]],[[[101.2542,18.8131],[101.2529,18.8124],[101.2529,18.8137],[101.2542,18.8131]]],[[[101.2538,18.8091],[101.2539,18.8069],[101.2538,18.8043],[101.2538,18.8091]]],[[[101.2496,18.772],[101.2488,18.7933],[101.2537,18.8033],[101.2512,18.7757],[101.2496,18.772]]],[[[101.2363,18.7431],[101.2371,18.7599],[101.2429,18.7708],[101.2494,18.7716],[101.2406,18.7622],[101.2363,18.7431]]],[[[101.2329,18.7399],[101.2329,18.7399],[101.2329,18.7399],[101.2329,18.7399]]],[[[101.2257,18.7307],[101.2263,18.7258],[101.2229,18.7333],[101.2321,18.7391],[101.2257,18.7307]]],[[[101.2297,18.7241],[101.2296,18.7241],[101.2296,18.7245],[101.2297,18.7241]]],[[[101.2306,18.7233],[101.2304,18.7233],[101.2304,18.7234],[101.2306,18.7233]]],[[[101.2352,18.7194],[101.2329,18.7141],[101.2338,18.7209],[101.2352,18.7194]]],[[[101.2513,18.7083],[101.2513,18.7083],[101.2513,18.7083],[101.2513,18.7083]]],[[[101.2522,18.7074],[101.2521,18.7074],[101.2521,18.7075],[101.2522,18.7074]]],[[[101.2532,18.7064],[101.2529,18.7058],[101.2529,18.7066],[101.2532,18.7064]]],[[[101.2591,18.7036],[101.2588,18.7016],[101.2579,18.7037],[101.2591,18.7036]]],[[[101.2699,18.6961],[101.2679,18.6966],[101.2679,18.6976],[101.2699,18.6961]]],[[[101.2663,18.6833],[101.2713,18.6883],[101.2713,18.6931],[101.273,18.6886],[101.2663,18.6833]]],[[[101.2646,18.682],[101.2646,18.6824],[101.2651,18.6824],[101.2646,18.682]]],[[[101.2642,18.6816],[101.2585,18.6672],[101.2434,18.6482],[101.2429,18.6405],[101.2404,18.6508],[101.2642,18.6816]]],[[[101.2346,18.6358],[101.2424,18.6392],[101.2279,18.6267],[101.2346,18.6358]]],[[[101.2271,18.6262],[101.2271,18.6266],[101.2278,18.6266],[101.2271,18.6262]]],[[[101.215,18.62],[101.2179,18.6249],[101.2246,18.6249],[101.215,18.62]]],[[[101.2113,18.6191],[101.191,18.614],[101.1796,18.6041],[101.1821,18.6133],[101.2113,18.6191]]],[[[101.1839,18.6008],[101.1829,18.5999],[101.1829,18.602],[101.1839,18.6008]]],[[[101.1837,18.5991],[101.1817,18.5866],[101.1813,18.5866],[101.1796,18.5916],[101.1837,18.5991]]],[[[101.0929,18.4794],[101.0904,18.4999],[101.0979,18.5024],[101.0971,18.5074],[101.1021,18.5216],[101.1146,18.5274],[101.1371,18.5274],[101.1504,18.5541],[101.1821,18.5599],[101.1845,18.5852],[101.1886,18.5772],[101.1848,18.5587],[101.1513,18.5511],[101.1398,18.5261],[101.1057,18.5196],[101.0973,18.4995],[101.0937,18.4972],[101.0929,18.4794]]],[[[101.0921,18.4787],[101.0921,18.4791],[101.0926,18.4791],[101.0921,18.4787]]],[[[101.0913,18.478],[101.0913,18.4783],[101.0916,18.4783],[101.0913,18.478]]],[[[101.0563,18.4405],[101.0521,18.4249],[101.0538,18.4416],[101.0621,18.4549],[101.0821,18.4758],[101.0906,18.4774],[101.0563,18.4405]]],[[[101.0546,18.4236],[101.0546,18.4233],[101.0546,18.4238],[101.0546,18.4236]]],[[[101.0608,18.4205],[101.0613,18.4183],[101.0596,18.4212],[101.0608,18.4205]]],[[[101.0659,18.4156],[101.0654,18.4141],[101.0629,18.4182],[101.0659,18.4156]]],[[[101.0694,18.4113],[101.0679,18.4099],[101.0679,18.4131],[101.0694,18.4113]]],[[[101.0783,18.4058],[101.0779,18.4058],[101.0779,18.4059],[101.0783,18.4058]]],[[[101.0859,18.3808],[101.0821,18.3841],[101.0788,18.4056],[101.0836,18.3989],[101.0859,18.3808]]]]}},{"type":"Feature","properties":{"id":"adm1_66","ten":"Nong Bua Lam Phu, Thailand","country":"Thailand","bounds":[101.9836,16.7661,102.6832,17.6767]},"geometry":{"type":"Polygon","coordinates":[[[102.6707,16.9912],[102.6832,16.9583],[102.6264,16.841],[102.6138,16.7661],[102.543,16.779],[102.4977,16.8003],[102.4337,16.7865],[102.3791,16.8147],[102.3788,16.8081],[102.3629,16.8143],[102.3525,16.8279],[102.3454,16.8147],[102.3367,16.8287],[102.3409,16.835],[102.3254,16.8441],[102.3333,16.8462],[102.332,16.8528],[102.3181,16.8526],[102.3258,16.865],[102.3137,16.8651],[102.3043,16.8733],[102.3089,16.8799],[102.3044,16.8839],[102.293,16.882],[102.2972,16.8896],[102.2563,16.8925],[102.2499,16.8853],[102.2521,16.876],[102.2314,16.8742],[102.2182,16.8566],[102.2046,16.8609],[102.19,16.856],[102.1828,16.8699],[102.1728,16.8633],[102.1603,16.87],[102.1574,16.8794],[102.146,16.8787],[102.1466,16.8745],[102.1266,16.8787],[102.1061,16.8954],[102.0984,16.8886],[102.1015,16.8803],[102.0835,16.8873],[102.0729,16.883],[102.0678,16.8952],[102.0487,16.9048],[102.0337,16.9518],[102.0591,16.965],[102.0751,16.9632],[102.0977,16.9853],[102.0988,17.002],[102.1326,17.0064],[102.1557,17.0269],[102.1284,17.0408],[102.1211,17.0559],[102.1058,17.0628],[102.1064,17.0814],[102.0926,17.1094],[102.0228,17.1302],[102.0229,17.1658],[102.047,17.1539],[102.0496,17.1674],[102.0742,17.1861],[102.0775,17.1817],[102.0774,17.1915],[102.0185,17.1947],[101.9987,17.2031],[102.0091,17.215],[102.0572,17.203],[102.0763,17.2101],[102.0611,17.2316],[102.0701,17.2537],[102.0549,17.2488],[102.0452,17.2602],[102.0366,17.2599],[102.0289,17.2784],[102.0161,17.2776],[102.0163,17.2867],[102.0,17.2966],[101.9923,17.3115],[101.9992,17.331],[102.0224,17.3407],[102.015,17.3604],[102.0201,17.3718],[101.9836,17.41],[101.9944,17.4195],[101.9866,17.435],[101.9914,17.455],[102.0338,17.4581],[102.0541,17.4485],[102.0943,17.4642],[102.1301,17.4901],[102.1304,17.5068],[102.1387,17.5074],[102.1427,17.5194],[102.1393,17.5555],[102.124,17.5675],[102.1095,17.6078],[102.0868,17.6339],[102.1062,17.645],[102.1261,17.6319],[102.1443,17.6569],[102.157,17.6629],[102.1717,17.6599],[102.1862,17.6654],[102.2174,17.6581],[102.2496,17.6637],[102.2646,17.6583],[102.2814,17.6708],[102.3199,17.6767],[102.3351,17.5494],[102.3703,17.4991],[102.397,17.4223],[102.4404,17.3375],[102.442,17.2792],[102.5101,17.2857],[102.5666,17.2671],[102.5859,17.2706],[102.5963,17.2641],[102.5749,17.2282],[102.5232,17.2074],[102.4748,17.199],[102.5029,17.153],[102.5234,17.0961],[102.5465,17.064],[102.5749,17.041],[102.6707,16.9912]]]}},{"type":"Feature","properties":{"id":"adm1_67","ten":"Nong Khai, Thailand","country":"Thailand","bounds":[102.058,17.5909,103.416,18.3024]},"geometry":{"type":"Polygon","coordinates":[[[103.4092,18.0025],[103.4018,17.9796],[103.3942,17.9844],[103.3898,17.9787],[103.3948,17.9776],[103.3917,17.9559],[103.4108,17.9484],[103.4078,17.9415],[103.416,17.9315],[103.3967,17.9285],[103.4029,17.92],[103.4028,17.9027],[103.3714,17.8797],[103.3501,17.8747],[103.3361,17.8825],[103.3043,17.8659],[103.3143,17.8397],[103.3053,17.8258],[103.2726,17.8472],[103.2586,17.8741],[103.2412,17.8881],[103.2041,17.8656],[103.1897,17.8659],[103.1778,17.8521],[103.1696,17.8075],[103.1512,17.8016],[103.1456,17.8118],[103.1342,17.8145],[103.1378,17.8235],[103.1263,17.8283],[103.1304,17.8409],[103.119,17.8431],[103.1164,17.859],[103.1092,17.8587],[103.1107,17.8521],[103.1034,17.8541],[103.102,17.8676],[103.0964,17.8644],[103.0807,17.8811],[103.0612,17.8743],[103.0421,17.8911],[103.0404,17.875],[103.0158,17.8732],[103.0133,17.8606],[102.9997,17.8527],[102.9853,17.8271],[102.9728,17.8192],[102.9639,17.8259],[102.9599,17.8491],[102.9467,17.8586],[102.9318,17.8879],[102.901,17.8836],[102.8874,17.8941],[102.8735,17.8836],[102.8715,17.8719],[102.8782,17.8603],[102.8771,17.8535],[102.8689,17.8515],[102.8717,17.8407],[102.8477,17.8326],[102.8544,17.8229],[102.8389,17.818],[102.844,17.8166],[102.8423,17.8073],[102.8293,17.8088],[102.8456,17.8021],[102.8416,17.79],[102.8533,17.7823],[102.8468,17.781],[102.8487,17.7759],[102.8573,17.7726],[102.8489,17.7584],[102.8531,17.7483],[102.8457,17.7407],[102.8529,17.7255],[102.8358,17.7124],[102.8387,17.7031],[102.8323,17.6909],[102.7863,17.6798],[102.7754,17.6591],[102.7765,17.6453],[102.762,17.6398],[102.7683,17.6175],[102.7432,17.6182],[102.7339,17.602],[102.7167,17.6031],[102.6967,17.6186],[102.6695,17.5937],[102.6512,17.5909],[102.6483,17.6127],[102.6118,17.6235],[102.5978,17.6208],[102.6045,17.6487],[102.5972,17.6702],[102.6161,17.6849],[102.5421,17.7401],[102.531,17.7595],[102.47,17.751],[102.4553,17.7588],[102.4522,17.7692],[102.4422,17.7656],[102.4395,17.7757],[102.4444,17.7815],[102.4308,17.7918],[102.4334,17.8067],[102.4437,17.818],[102.4267,17.8186],[102.4125,17.8311],[102.412,17.8388],[102.4022,17.8418],[102.4048,17.8545],[102.3979,17.8625],[102.4029,17.873],[102.3918,17.893],[102.3669,17.9048],[102.3701,17.9108],[102.3591,17.9152],[102.359,17.9237],[102.325,17.9347],[102.3108,17.9465],[102.2892,17.988],[102.2764,17.9783],[102.2638,17.9821],[102.2351,18.0018],[102.2063,18.0065],[102.2052,18.02],[102.1883,18.0105],[102.1746,18.0156],[102.1561,17.987],[102.1414,18.0053],[102.1446,18.0329],[102.1089,18.0237],[102.1056,18.0307],[102.1143,18.0476],[102.1091,18.0603],[102.0917,18.0539],[102.0785,18.0615],[102.058,18.0829],[102.0585,18.0917],[102.0713,18.1414],[102.0891,18.1578],[102.1047,18.1602],[102.1087,18.2115],[102.1355,18.2138],[102.1467,18.2039],[102.1656,18.2017],[102.1873,18.1469],[102.2429,18.1033],[102.2913,18.0528],[102.3507,18.0416],[102.4226,17.9879],[102.4631,17.9695],[102.4882,17.965],[102.5123,17.969],[102.5335,17.9612],[102.5589,17.9669],[102.6057,17.9543],[102.6168,17.9098],[102.59,17.8459],[102.5983,17.8336],[102.6396,17.8294],[102.6675,17.8055],[102.6833,17.802],[102.6981,17.8153],[102.6973,17.8246],[102.679,17.8436],[102.6879,17.8668],[102.7587,17.8915],[102.7884,17.9324],[102.8223,17.9405],[102.8614,17.9708],[102.9633,18.003],[102.9984,17.9887],[103.0177,17.9706],[103.0388,17.9755],[103.0814,18.0303],[103.0835,18.0492],[103.0757,18.0724],[103.0844,18.1212],[103.1378,18.1552],[103.1532,18.1744],[103.1583,18.1962],[103.1525,18.2283],[103.1649,18.2479],[103.1857,18.2625],[103.2719,18.2868],[103.3013,18.3024],[103.2993,18.2782],[103.2933,18.2756],[103.2973,18.2697],[103.2887,18.27],[103.2891,18.2626],[103.2853,18.2676],[103.2807,18.2616],[103.2786,18.2668],[103.2775,18.2597],[103.2609,18.2592],[103.2622,18.2462],[103.2676,18.2473],[103.2672,18.2301],[103.2838,18.2325],[103.3173,18.2113],[103.3591,18.1643],[103.3281,18.1301],[103.3255,18.1486],[103.3005,18.151],[103.2949,18.106],[103.3166,18.0986],[103.3035,18.0878],[103.302,18.079],[103.3148,18.0552],[103.3525,18.0443],[103.3562,18.0246],[103.3738,18.0307],[103.3941,18.0225],[103.3982,18.0076],[103.4092,18.0025]]]}},{"type":"Feature","properties":{"id":"adm1_68","ten":"Phayao, Thailand","country":"Thailand","bounds":[99.6847,18.8958,100.5886,19.7339]},"geometry":{"type":"Polygon","coordinates":[[[100.5858,19.4815],[100.5886,19.4758],[100.5821,19.4758],[100.5646,19.4549],[100.5646,19.4366],[100.5213,19.4066],[100.4488,19.3933],[100.4204,19.4024],[100.3871,19.3949],[100.3896,19.3858],[100.3804,19.3783],[100.3579,19.3933],[100.3488,19.3591],[100.3346,19.3716],[100.3146,19.3658],[100.3029,19.3508],[100.3046,19.3416],[100.2854,19.3424],[100.2804,19.3324],[100.2488,19.3533],[100.2363,19.3483],[100.2329,19.3216],[100.2471,19.3133],[100.2438,19.3033],[100.2604,19.2883],[100.2646,19.2624],[100.2438,19.2591],[100.2379,19.2658],[100.2246,19.2658],[100.2129,19.2274],[100.1904,19.2316],[100.1546,19.2058],[100.1463,19.2058],[100.1354,19.1908],[100.1263,19.1549],[100.1146,19.1566],[100.1071,19.0758],[100.1246,19.0558],[100.1054,19.0149],[100.1071,19.0024],[100.1188,18.9916],[100.1146,18.9783],[100.1263,18.9724],[100.1146,18.9291],[100.0954,18.9274],[100.0829,18.9366],[100.0621,18.9316],[100.0546,18.9266],[100.0604,18.9166],[100.0521,18.9049],[100.0172,18.8958],[99.9563,18.9333],[99.9221,18.9833],[99.9096,18.9899],[99.8903,18.9874],[99.8804,19.0008],[99.8746,18.9966],[99.8546,19.0033],[99.8393,19.0008],[99.8313,19.0089],[99.8345,19.0385],[99.8226,19.0433],[99.8188,19.0608],[99.7947,19.0524],[99.7748,19.0633],[99.7758,19.0745],[99.7648,19.0893],[99.76,19.1314],[99.7448,19.1416],[99.7388,19.1608],[99.7284,19.1699],[99.7309,19.179],[99.7163,19.2099],[99.7128,19.2356],[99.7053,19.2426],[99.7071,19.2746],[99.6996,19.3045],[99.7099,19.3384],[99.6942,19.3578],[99.6979,19.378],[99.6847,19.4204],[99.7014,19.4181],[99.7081,19.4235],[99.716,19.4178],[99.7881,19.4486],[99.8656,19.444],[99.8777,19.4538],[99.9013,19.4241],[99.9163,19.4309],[99.9233,19.4048],[99.9509,19.4268],[99.9942,19.4274],[100.0,19.4337],[100.0122,19.4243],[100.0119,19.4373],[100.0289,19.4346],[100.034,19.4415],[100.0483,19.4406],[100.0677,19.4552],[100.0693,19.519],[100.062,19.5244],[100.0699,19.5393],[100.0856,19.5502],[100.1396,19.5535],[100.1614,19.5616],[100.1646,19.5739],[100.1701,19.5746],[100.1678,19.5852],[100.1841,19.5857],[100.2159,19.6076],[100.2382,19.6063],[100.2444,19.6248],[100.2626,19.6466],[100.2699,19.6398],[100.2824,19.6501],[100.2853,19.6418],[100.3185,19.6468],[100.3356,19.6818],[100.3606,19.6871],[100.3731,19.705],[100.3869,19.7085],[100.4086,19.7339],[100.4276,19.7269],[100.4432,19.7088],[100.4299,19.6713],[100.4434,19.6628],[100.4448,19.6333],[100.4876,19.5965],[100.4894,19.5658],[100.4726,19.5289],[100.4812,19.5127],[100.4817,19.4876],[100.5085,19.4858],[100.5307,19.494],[100.5858,19.4815]]]}},{"type":"Feature","properties":{"id":"adm1_69","ten":"Phetchabun, Thailand","country":"Thailand","bounds":[101.0788,15.5779,101.7895,17.0913]},"geometry":{"type":"MultiPolygon","coordinates":[[[[101.4721,17.0911],[101.4704,17.0908],[101.4704,17.0913],[101.4721,17.0911]]],[[[101.4786,17.0847],[101.4788,17.0824],[101.4779,17.0853],[101.4786,17.0847]]],[[[101.4798,17.0808],[101.4796,17.0808],[101.4796,17.082],[101.4798,17.0808]]],[[[101.4805,17.0759],[101.4804,17.0758],[101.4804,17.0762],[101.4805,17.0759]]],[[[101.7874,16.7609],[101.7895,16.7484],[101.7801,16.7375],[101.7895,16.7207],[101.7737,16.6999],[101.7737,16.6851],[101.7683,16.6779],[101.7525,16.6751],[101.7533,16.6668],[101.728,16.6498],[101.6959,16.6819],[101.6577,16.6869],[101.6354,16.6791],[101.6194,16.6853],[101.6063,16.7062],[101.5949,16.7073],[101.5873,16.7235],[101.5556,16.7287],[101.5558,16.7118],[101.5721,16.6916],[101.579,16.6707],[101.5734,16.6475],[101.5632,16.6478],[101.5502,16.6664],[101.5401,16.6641],[101.5287,16.6776],[101.5126,16.6779],[101.5109,16.6547],[101.5278,16.6183],[101.5019,16.6082],[101.4979,16.5694],[101.5207,16.5468],[101.506,16.5426],[101.5033,16.5352],[101.4974,16.5372],[101.4855,16.5234],[101.4743,16.5272],[101.4651,16.5],[101.4748,16.477],[101.4524,16.4539],[101.4493,16.4355],[101.4237,16.4204],[101.4223,16.4073],[101.4004,16.3983],[101.4113,16.4133],[101.4179,16.4108],[101.4171,16.4183],[101.4271,16.4274],[101.4213,16.4316],[101.4221,16.4599],[101.4138,16.4683],[101.4121,16.4958],[101.4071,16.4983],[101.4088,16.5358],[101.3954,16.5416],[101.3946,16.5483],[101.4071,16.5741],[101.4204,16.5824],[101.4121,16.5983],[101.4054,16.5949],[101.4063,16.6041],[101.4288,16.6199],[101.4404,16.6541],[101.4671,16.6449],[101.4821,16.6558],[101.4829,16.6749],[101.5121,16.6799],[101.5146,16.7266],[101.5221,16.7333],[101.5504,16.7324],[101.5588,16.7466],[101.5546,16.7549],[101.5604,16.7574],[101.5596,16.7758],[101.5338,16.7783],[101.5279,16.8233],[101.5079,16.8466],[101.5188,16.8558],[101.5104,16.8749],[101.5146,16.8983],[101.5313,16.8916],[101.5396,16.8974],[101.5429,16.8908],[101.5546,16.8958],[101.5479,16.9149],[101.5521,16.9324],[101.5429,16.9458],[101.5313,16.9474],[101.5338,16.9624],[101.5229,16.9899],[101.5071,16.9916],[101.4913,17.0124],[101.5129,17.0383],[101.5079,17.0533],[101.4904,17.0566],[101.485,17.0719],[101.5034,17.0671],[101.5107,17.0561],[101.5332,17.052],[101.5363,17.0209],[101.5453,17.0144],[101.5494,16.9977],[101.5761,16.9831],[101.5884,16.9942],[101.6103,16.9989],[101.6308,17.0432],[101.6508,17.0385],[101.6467,17.028],[101.6772,16.9747],[101.6733,16.9507],[101.6797,16.9363],[101.6908,16.934],[101.6793,16.8589],[101.6876,16.8559],[101.6859,16.8447],[101.6904,16.8456],[101.6936,16.8333],[101.706,16.8272],[101.7226,16.8047],[101.7201,16.7971],[101.7023,16.8061],[101.6877,16.7954],[101.7281,16.7507],[101.7874,16.7609]]],[[[101.1088,16.9041],[101.1085,16.9146],[101.1168,16.9348],[101.1123,17.0045],[101.1225,17.0235],[101.1363,17.0278],[101.1354,16.9874],[101.1304,16.9624],[101.1254,16.9608],[101.1288,16.9308],[101.1129,16.9241],[101.1088,16.9041]]],[[[101.0788,16.9019],[101.0788,16.9016],[101.0788,16.9019],[101.0788,16.9019]]],[[[101.0847,16.9003],[101.0829,16.8991],[101.0796,16.9015],[101.0847,16.9003]]],[[[101.1054,16.8966],[101.1051,16.8968],[101.1054,16.8972],[101.1054,16.8966]]],[[[101.1038,16.8958],[101.1035,16.8958],[101.1038,16.8961],[101.1038,16.8958]]],[[[101.0846,16.8958],[101.0854,16.8949],[101.0846,16.8949],[101.0846,16.8958]]],[[[101.0941,16.8949],[101.0938,16.8949],[101.0938,16.8956],[101.0941,16.8949]]],[[[101.3434,16.1449],[101.3421,16.1541],[101.3496,16.1649],[101.2938,16.1799],[101.2946,16.1933],[101.2979,16.2024],[101.3188,16.2133],[101.3263,16.2358],[101.3396,16.2399],[101.3429,16.2633],[101.3704,16.2724],[101.3679,16.2866],[101.3796,16.3174],[101.3779,16.3483],[101.3921,16.3741],[101.4079,16.3799],[101.4079,16.3923],[101.4137,16.3872],[101.4127,16.3763],[101.3989,16.3696],[101.3831,16.3442],[101.3838,16.3127],[101.3724,16.2887],[101.3763,16.2681],[101.3535,16.2542],[101.3772,16.2397],[101.3734,16.2191],[101.3833,16.1871],[101.3649,16.1831],[101.3434,16.1449]]],[[[101.3629,15.9233],[101.3638,15.9341],[101.3704,15.9399],[101.3754,15.9659],[101.3711,15.9358],[101.3629,15.9233]]],[[[101.328,15.8516],[101.3338,15.8841],[101.3404,15.8891],[101.3513,15.8883],[101.3613,15.9083],[101.3745,15.9192],[101.354,15.8873],[101.3329,15.8789],[101.328,15.8516]]],[[[101.3257,15.8308],[101.3254,15.8383],[101.3323,15.8489],[101.3322,15.8424],[101.3257,15.8308]]],[[[101.3277,15.8066],[101.3271,15.8191],[101.3321,15.8284],[101.3324,15.8218],[101.3277,15.8066]]],[[[101.3318,15.8033],[101.3146,15.7908],[101.3196,15.7966],[101.3318,15.8033]]],[[[101.3247,15.7858],[101.3246,15.7858],[101.3246,15.7858],[101.3247,15.7858]]],[[[101.3299,15.7833],[101.3288,15.7808],[101.3296,15.7834],[101.3299,15.7833]]],[[[101.3345,15.7759],[101.3313,15.7749],[101.3329,15.7778],[101.3345,15.7759]]],[[[101.3366,15.7683],[101.3363,15.7683],[101.3363,15.7686],[101.3366,15.7683]]],[[[101.3375,15.7674],[101.3371,15.7674],[101.3371,15.7678],[101.3375,15.7674]]],[[[101.3369,15.7541],[101.3354,15.7641],[101.3388,15.7668],[101.3397,15.7664],[101.3369,15.7541]]],[[[101.341,15.7543],[101.3413,15.7524],[101.3396,15.7534],[101.341,15.7543]]],[[[101.3514,15.7498],[101.3504,15.7491],[101.3504,15.7499],[101.3514,15.7498]]],[[[101.3623,15.7433],[101.3621,15.7433],[101.3621,15.7437],[101.3623,15.7433]]],[[[101.4078,15.7345],[101.4004,15.7233],[101.4046,15.7341],[101.3863,15.7374],[101.3892,15.7425],[101.4078,15.7345]]],[[[101.3963,15.68],[101.3954,15.6849],[101.4019,15.7166],[101.4007,15.6981],[101.3963,15.68]]],[[[101.3962,15.6799],[101.3954,15.6791],[101.3954,15.6799],[101.3962,15.6799]]],[[[101.3959,15.6783],[101.3954,15.6774],[101.3954,15.6783],[101.3959,15.6783]]],[[[101.3947,15.6725],[101.3946,15.6733],[101.3949,15.6733],[101.3947,15.6725]]],[[[101.3939,15.6681],[101.3938,15.6691],[101.3942,15.6691],[101.3939,15.6681]]],[[[101.3932,15.6614],[101.3929,15.6649],[101.3936,15.6649],[101.3932,15.6614]]],[[[101.3921,15.6577],[101.3921,15.6583],[101.3923,15.6583],[101.3921,15.6577]]],[[[101.3913,15.6554],[101.3913,15.6558],[101.3914,15.6558],[101.3913,15.6554]]],[[[101.3905,15.6537],[101.3904,15.6549],[101.3911,15.6549],[101.3905,15.6537]]],[[[101.3896,15.6514],[101.3896,15.6524],[101.39,15.6524],[101.3896,15.6514]]],[[[101.3888,15.6486],[101.3888,15.6491],[101.389,15.6491],[101.3888,15.6486]]],[[[101.3838,15.6274],[101.3846,15.6416],[101.3854,15.6449],[101.3887,15.6483],[101.3838,15.6274]]],[[[101.3834,15.6204],[101.3821,15.6216],[101.3832,15.6241],[101.3834,15.6204]]],[[[101.3719,15.5779],[101.3713,15.5883],[101.3738,15.6024],[101.3772,15.6066],[101.3719,15.5779]]]]}},{"type":"Feature","properties":{"id":"adm1_70","ten":"Phitsanulok, Thailand","country":"Thailand","bounds":[100.8329,16.9074,101.1112,17.7416]},"geometry":{"type":"MultiPolygon","coordinates":[[[[100.9902,17.7416],[100.9902,17.7416],[100.9902,17.7416],[100.9902,17.7416]]],[[[100.9911,17.7408],[100.9904,17.7408],[100.9904,17.7414],[100.9911,17.7408]]],[[[100.9927,17.7399],[100.9913,17.7399],[100.9913,17.7406],[100.9927,17.7399]]],[[[100.9942,17.7367],[100.9938,17.7358],[100.9938,17.7376],[100.9942,17.7367]]],[[[101.0054,17.7168],[101.0054,17.7249],[101.0063,17.726],[101.0074,17.724],[101.0054,17.7168]]],[[[101.0066,17.7079],[101.0046,17.7058],[101.0046,17.7141],[101.0066,17.7079]]],[[[100.9607,17.5723],[100.9346,17.5664],[100.9296,17.5678],[100.9037,17.5916],[100.8825,17.5829],[100.8705,17.567],[100.8636,17.547],[100.8613,17.5466],[100.8671,17.5683],[100.8796,17.5858],[100.8979,17.5924],[100.9071,17.6149],[100.9213,17.6199],[100.9596,17.6558],[100.9588,17.6741],[100.9979,17.6949],[101.0054,17.7049],[101.0014,17.6974],[101.0108,17.6981],[101.0095,17.6936],[100.9919,17.6644],[100.9969,17.6557],[100.9931,17.6175],[100.9607,17.5723]]],[[[100.9685,17.5735],[100.9667,17.5723],[100.9634,17.5727],[100.9685,17.5735]]],[[[100.8363,17.4662],[100.8329,17.4824],[100.8446,17.4899],[100.8446,17.5024],[100.8621,17.5116],[100.8738,17.5298],[100.867,17.5149],[100.8455,17.5004],[100.8456,17.4884],[100.8351,17.4778],[100.8363,17.4662]]],[[[100.843,17.4639],[100.8421,17.4624],[100.8413,17.4637],[100.843,17.4639]]],[[[100.8962,17.462],[100.8954,17.4616],[100.8958,17.4626],[100.8962,17.462]]],[[[100.8972,17.46],[100.8971,17.4599],[100.8971,17.4603],[100.8972,17.46]]],[[[100.8477,17.4591],[100.8471,17.4591],[100.8471,17.4595],[100.8477,17.4591]]],[[[100.8494,17.4578],[100.8496,17.4549],[100.8479,17.459],[100.8494,17.4578]]],[[[100.8563,17.4534],[100.8554,17.4516],[100.8546,17.4538],[100.8563,17.4534]]],[[[100.8668,17.4516],[100.8663,17.4516],[100.8663,17.4517],[100.8668,17.4516]]],[[[100.8679,17.451],[100.8671,17.4508],[100.8671,17.4515],[100.8679,17.451]]],[[[100.8572,17.4508],[100.8571,17.4508],[100.8571,17.4513],[100.8572,17.4508]]],[[[100.9163,17.4333],[100.9154,17.4399],[100.9169,17.4493],[100.9186,17.4415],[100.9163,17.4333]]],[[[100.9235,17.423],[100.9213,17.4233],[100.9213,17.4298],[100.9235,17.423]]],[[[100.9229,17.4124],[100.9213,17.4174],[100.9238,17.4202],[100.9256,17.4173],[100.9229,17.4124]]],[[[100.925,17.4017],[100.9213,17.4074],[100.9229,17.4123],[100.925,17.4017]]],[[[100.9188,17.3954],[100.9188,17.3958],[100.9188,17.3958],[100.9188,17.3954]]],[[[100.9154,17.3764],[100.9146,17.3849],[100.9186,17.3949],[100.9191,17.3864],[100.9154,17.3764]]],[[[100.9184,17.3703],[100.9163,17.3683],[100.9163,17.3729],[100.9184,17.3703]]],[[[100.9163,17.3424],[100.9138,17.3466],[100.9188,17.3633],[100.9191,17.3588],[100.9163,17.3424]]],[[[100.9193,17.3407],[100.9188,17.3399],[100.9188,17.3406],[100.9193,17.3407]]],[[[100.9208,17.3377],[100.9204,17.3374],[100.9204,17.3382],[100.9208,17.3377]]],[[[101.0102,17.3272],[101.0071,17.3233],[101.0079,17.3311],[101.0102,17.3272]]],[[[101.0115,17.3171],[101.0104,17.3158],[101.0096,17.319],[101.0115,17.3171]]],[[[101.0122,17.3144],[101.0121,17.3141],[101.0121,17.3147],[101.0122,17.3144]]],[[[101.0389,17.2941],[101.0388,17.2941],[101.0388,17.2942],[101.0389,17.2941]]],[[[101.0398,17.2933],[101.0396,17.2933],[101.0396,17.2934],[101.0398,17.2933]]],[[[101.0414,17.2916],[101.0413,17.2916],[101.0413,17.2917],[101.0414,17.2916]]],[[[101.0433,17.2901],[101.0429,17.2891],[101.0421,17.2909],[101.0433,17.2901]]],[[[101.0821,17.2789],[101.0838,17.2691],[101.0813,17.2741],[101.0821,17.2789]]],[[[101.0796,17.2783],[101.0794,17.2784],[101.0796,17.2784],[101.0796,17.2783]]],[[[101.0738,17.2781],[101.0763,17.2774],[101.0738,17.2774],[101.0738,17.2781]]],[[[101.0872,17.2683],[101.0871,17.2683],[101.0871,17.2683],[101.0872,17.2683]]],[[[101.0953,17.251],[101.0946,17.2499],[101.0946,17.2518],[101.0953,17.251]]],[[[101.0988,17.2466],[101.0988,17.2466],[101.0988,17.2467],[101.0988,17.2466]]],[[[101.1112,17.2313],[101.1054,17.2133],[101.1071,17.2233],[101.1096,17.2291],[101.1013,17.2433],[101.1112,17.2313]]],[[[101.0763,17.1624],[101.0817,17.1658],[101.0779,17.1583],[101.0763,17.1624]]],[[[101.0801,17.1549],[101.0796,17.1549],[101.0796,17.1554],[101.0801,17.1549]]],[[[101.0804,17.1547],[101.0796,17.1441],[101.0796,17.1541],[101.0804,17.1547]]],[[[101.0801,17.1419],[101.0796,17.1383],[101.0796,17.1433],[101.0801,17.1419]]],[[[101.0705,17.1144],[101.0671,17.1149],[101.0713,17.1166],[101.0705,17.1144]]],[[[101.0613,17.0967],[101.0663,17.1016],[101.0663,17.1076],[101.0665,17.1017],[101.0613,17.0967]]],[[[101.0596,17.0957],[101.0588,17.0958],[101.0597,17.0958],[101.0596,17.0957]]],[[[101.0581,17.0947],[101.0579,17.0949],[101.0584,17.0949],[101.0581,17.0947]]],[[[101.0578,17.0941],[101.0571,17.0933],[101.0571,17.0941],[101.0578,17.0941]]],[[[101.058,17.0926],[101.0579,17.0924],[101.0579,17.0927],[101.058,17.0926]]],[[[101.0619,17.0871],[101.0588,17.0874],[101.0588,17.0916],[101.0619,17.0871]]],[[[101.0546,17.0795],[101.0538,17.0799],[101.0563,17.0799],[101.0546,17.0795]]],[[[101.052,17.0766],[101.0513,17.0758],[101.0513,17.0766],[101.052,17.0766]]],[[[101.0534,17.0737],[101.0529,17.0733],[101.0529,17.0741],[101.0534,17.0737]]],[[[101.0548,17.0725],[101.0546,17.0724],[101.0546,17.0726],[101.0548,17.0725]]],[[[101.0571,17.0703],[101.0571,17.0699],[101.0554,17.072],[101.0571,17.0703]]],[[[101.0571,17.0666],[101.0563,17.0649],[101.0563,17.0666],[101.0571,17.0666]]],[[[101.058,17.0642],[101.0579,17.0641],[101.0579,17.0643],[101.058,17.0642]]],[[[101.0569,17.0383],[101.0554,17.0558],[101.0588,17.063],[101.0602,17.0463],[101.0569,17.0383]]],[[[101.0571,17.0367],[101.0571,17.0366],[101.0571,17.0368],[101.0571,17.0367]]],[[[101.0443,16.9824],[101.0346,16.9916],[101.0304,17.0083],[101.0479,17.0174],[101.0579,17.0357],[101.0564,17.0162],[101.0419,16.99],[101.0443,16.9824]]],[[[101.0466,16.9783],[101.0463,16.9783],[101.0463,16.9788],[101.0466,16.9783]]],[[[101.0471,16.9734],[101.0471,16.9741],[101.0488,16.9741],[101.0471,16.9777],[101.0501,16.9747],[101.0495,16.9743],[101.0471,16.9734]]],[[[101.046,16.9718],[101.0446,16.9716],[101.047,16.9733],[101.046,16.9718]]],[[[101.052,16.9583],[101.0446,16.9658],[101.0446,16.9674],[101.0494,16.9626],[101.052,16.9583]]],[[[101.0521,16.9573],[101.0521,16.958],[101.0521,16.9574],[101.0521,16.9573]]],[[[101.0425,16.9522],[101.0421,16.9533],[101.0476,16.9549],[101.0425,16.9522]]],[[[101.0377,16.9473],[101.0363,16.9483],[101.0389,16.9483],[101.0377,16.9473]]],[[[101.0346,16.9465],[101.0346,16.9466],[101.0349,16.9466],[101.0346,16.9465]]],[[[101.03,16.9457],[101.0296,16.9458],[101.0301,16.9458],[101.03,16.9457]]],[[[101.0339,16.9316],[101.0338,16.9316],[101.0338,16.9317],[101.0339,16.9316]]],[[[101.0742,16.9186],[101.0688,16.9074],[101.0713,16.9246],[101.0742,16.9186]]]]}},{"type":"Feature","properties":{"id":"adm1_71","ten":"Prachin Buri, Thailand","country":"Thailand","bounds":[101.4349,14.1516,102.1057,14.4619]},"geometry":{"type":"MultiPolygon","coordinates":[[[[101.4893,14.461],[101.4879,14.4583],[101.4871,14.4619],[101.4893,14.461]]],[[[101.4821,14.4608],[101.4818,14.4612],[101.4821,14.4613],[101.4821,14.4608]]],[[[101.4708,14.4583],[101.4704,14.4583],[101.4704,14.4583],[101.4708,14.4583]]],[[[101.492,14.4547],[101.4921,14.4516],[101.4904,14.4563],[101.492,14.4547]]],[[[101.494,14.4502],[101.4938,14.4499],[101.4938,14.4505],[101.494,14.4502]]],[[[101.4947,14.4494],[101.4946,14.4491],[101.4946,14.4495],[101.4947,14.4494]]],[[[101.4479,14.4491],[101.4479,14.4492],[101.4479,14.4492],[101.4479,14.4491]]],[[[101.4957,14.4485],[101.4954,14.4483],[101.4954,14.4488],[101.4957,14.4485]]],[[[101.5003,14.4433],[101.4963,14.4466],[101.4963,14.4481],[101.4977,14.4466],[101.5003,14.4433]]],[[[101.5026,14.4402],[101.5021,14.4391],[101.5004,14.4431],[101.5026,14.4402]]],[[[101.5043,14.4385],[101.5038,14.4383],[101.5038,14.439],[101.5043,14.4385]]],[[[101.5057,14.4374],[101.5054,14.4374],[101.5054,14.4376],[101.5057,14.4374]]],[[[101.5065,14.4368],[101.5063,14.4366],[101.5063,14.437],[101.5065,14.4368]]],[[[101.5089,14.4352],[101.5088,14.4341],[101.5071,14.4364],[101.5089,14.4352]]],[[[101.6083,14.4344],[101.6079,14.4341],[101.6079,14.4346],[101.6083,14.4344]]],[[[101.5107,14.4336],[101.5104,14.4333],[101.5104,14.4338],[101.5107,14.4336]]],[[[101.6098,14.4335],[101.6096,14.4333],[101.6096,14.4337],[101.6098,14.4335]]],[[[101.6106,14.4328],[101.6104,14.4324],[101.6104,14.4329],[101.6106,14.4328]]],[[[101.5131,14.4324],[101.5129,14.4324],[101.5129,14.4325],[101.5131,14.4324]]],[[[101.6129,14.4319],[101.6113,14.4316],[101.6113,14.4324],[101.6129,14.4319]]],[[[101.4413,14.4316],[101.4412,14.4315],[101.4412,14.4316],[101.4413,14.4316]]],[[[101.6142,14.4313],[101.6138,14.4308],[101.6138,14.4314],[101.6142,14.4313]]],[[[101.4446,14.4274],[101.4435,14.4265],[101.4432,14.4274],[101.4446,14.4274]]],[[[101.6209,14.4158],[101.6171,14.4199],[101.6229,14.4268],[101.6241,14.4242],[101.6209,14.4158]]],[[[101.5438,14.4241],[101.5433,14.4245],[101.5438,14.4253],[101.5438,14.4241]]],[[[101.4438,14.4149],[101.4436,14.4152],[101.4438,14.4154],[101.4438,14.4149]]],[[[101.4429,14.4124],[101.4427,14.4134],[101.4429,14.4139],[101.4429,14.4124]]],[[[101.6295,14.4107],[101.6296,14.4066],[101.6279,14.4122],[101.6295,14.4107]]],[[[101.4421,14.4099],[101.4419,14.4104],[101.4421,14.4111],[101.4421,14.4099]]],[[[101.6441,14.4067],[101.6438,14.4066],[101.6438,14.4068],[101.6441,14.4067]]],[[[101.6453,14.4061],[101.6446,14.4058],[101.6446,14.4065],[101.6453,14.4061]]],[[[101.6465,14.4053],[101.6463,14.4049],[101.6463,14.4055],[101.6465,14.4053]]],[[[101.6486,14.3941],[101.6488,14.4033],[101.6471,14.4049],[101.6494,14.4028],[101.6506,14.4003],[101.6486,14.3941]]],[[[101.4354,14.3875],[101.4349,14.3916],[101.4388,14.3976],[101.4388,14.3916],[101.4354,14.3875]]],[[[101.6558,14.3909],[101.6554,14.3908],[101.6554,14.3909],[101.6558,14.3909]]],[[[101.6805,14.3658],[101.6621,14.3824],[101.6563,14.3908],[101.667,14.3792],[101.6805,14.3658]]],[[[101.6813,14.3649],[101.6813,14.3649],[101.6813,14.365],[101.6813,14.3649]]],[[[101.6826,14.3643],[101.6821,14.3641],[101.6821,14.3645],[101.6826,14.3643]]],[[[101.6841,14.3634],[101.6838,14.3633],[101.6838,14.3636],[101.6841,14.3634]]],[[[101.6847,14.363],[101.6846,14.3624],[101.6846,14.3631],[101.6847,14.363]]],[[[101.6863,14.3616],[101.6863,14.3616],[101.6863,14.3617],[101.6863,14.3616]]],[[[101.7132,14.3308],[101.6938,14.3491],[101.6871,14.3609],[101.6939,14.3544],[101.7132,14.3308]]],[[[101.7816,14.3555],[101.7829,14.3549],[101.7817,14.3541],[101.7816,14.3555]]],[[[101.8015,14.355],[101.8013,14.3549],[101.8013,14.3551],[101.8015,14.355]]],[[[101.8027,14.3544],[101.8021,14.3541],[101.8021,14.3548],[101.8027,14.3544]]],[[[101.804,14.3533],[101.8038,14.3533],[101.8038,14.3534],[101.804,14.3533]]],[[[101.8063,14.3516],[101.8063,14.3516],[101.8063,14.3516],[101.8063,14.3516]]],[[[101.8072,14.3506],[101.8071,14.3499],[101.8071,14.3507],[101.8072,14.3506]]],[[[101.808,14.3491],[101.8079,14.3491],[101.8079,14.3493],[101.808,14.3491]]],[[[101.7769,14.3483],[101.7771,14.3484],[101.7771,14.3483],[101.7769,14.3483]]],[[[101.752,14.347],[101.7521,14.3466],[101.7497,14.3458],[101.7512,14.3474],[101.752,14.347]]],[[[101.7723,14.3471],[101.7729,14.3466],[101.7721,14.3466],[101.7723,14.3471]]],[[[101.7534,14.3447],[101.7529,14.3441],[101.7529,14.3453],[101.7534,14.3447]]],[[[101.7496,14.3449],[101.7495,14.3451],[101.7496,14.3452],[101.7496,14.3449]]],[[[101.7663,14.3416],[101.7668,14.3444],[101.7679,14.3433],[101.7663,14.3416]]],[[[101.7554,14.3432],[101.7563,14.3424],[101.7554,14.3424],[101.7554,14.3432]]],[[[101.714,14.3299],[101.7138,14.3299],[101.7138,14.3302],[101.714,14.3299]]],[[[101.7155,14.3291],[101.7154,14.3291],[101.7154,14.3291],[101.7155,14.3291]]],[[[101.7173,14.3287],[101.7171,14.3283],[101.7171,14.3287],[101.7173,14.3287]]],[[[101.9713,14.2285],[101.9796,14.2333],[101.9738,14.2399],[101.9438,14.2483],[101.9488,14.2716],[101.9354,14.2716],[101.9296,14.2883],[101.9551,14.3047],[101.9615,14.3179],[101.9966,14.3121],[102.0005,14.3022],[102.0007,14.2881],[101.9848,14.2824],[101.9735,14.2591],[101.953,14.2538],[101.9568,14.2472],[101.9921,14.2395],[101.9713,14.2285]]],[[[101.9968,14.212],[101.9963,14.2116],[101.9963,14.2126],[101.9968,14.212]]],[[[101.9982,14.2105],[101.9979,14.2099],[101.9979,14.2107],[101.9982,14.2105]]],[[[101.9992,14.2095],[101.9988,14.2091],[101.9988,14.2099],[101.9992,14.2095]]],[[[102.0397,14.1902],[102.0396,14.1899],[102.0396,14.1905],[102.0397,14.1902]]],[[[102.1057,14.1517],[102.1054,14.1516],[102.1054,14.1519],[102.1057,14.1517]]]]}},{"type":"Feature","properties":{"id":"adm1_72","ten":"Roi Et, Thailand","country":"Thailand","bounds":[103.2738,15.4036,104.3533,16.4709]},"geometry":{"type":"Polygon","coordinates":[[[104.3533,16.3232],[104.3427,16.2976],[104.3456,16.2893],[104.3346,16.2715],[104.3,16.2514],[104.3007,16.2383],[104.2799,16.2241],[104.253,16.2172],[104.2511,16.2009],[104.2297,16.1644],[104.2181,16.1553],[104.2068,16.1611],[104.1912,16.1451],[104.1763,16.1459],[104.1658,16.1297],[104.1581,16.1281],[104.1547,16.1166],[104.1417,16.1087],[104.1207,16.1129],[104.1113,16.1049],[104.0976,16.0723],[104.1041,16.0482],[104.1158,16.0382],[104.1128,16.0155],[104.1031,16.0028],[104.1094,15.9918],[104.1053,15.9823],[104.0946,15.9752],[104.0638,15.9862],[104.0307,15.9819],[104.0137,15.9569],[104.0176,15.9473],[104.0291,15.9589],[104.0383,15.9386],[104.0257,15.9102],[104.0165,15.9091],[104.0215,15.9044],[104.0171,15.8912],[104.0231,15.8896],[104.0173,15.8842],[104.0343,15.8731],[104.0263,15.8682],[104.0388,15.8662],[104.0217,15.8648],[104.0309,15.8581],[104.0295,15.8499],[104.021,15.8464],[104.0228,15.8376],[104.0144,15.8426],[104.0196,15.8293],[104.0094,15.8294],[104.0153,15.8154],[103.9994,15.8126],[104.0021,15.7952],[104.0369,15.7951],[104.0709,15.8128],[104.0818,15.8215],[104.0723,15.8257],[104.0766,15.8378],[104.0996,15.8229],[104.1137,15.805],[104.135,15.7986],[104.14,15.783],[104.1288,15.7676],[104.1344,15.7529],[104.143,15.7517],[104.1343,15.7405],[104.1436,15.7272],[104.1302,15.7225],[104.1323,15.704],[104.1199,15.7019],[104.1298,15.6949],[104.1402,15.7092],[104.1496,15.7117],[104.1441,15.7054],[104.1541,15.6898],[104.1778,15.6706],[104.1772,15.6632],[104.1891,15.6643],[104.1868,15.6559],[104.1739,15.6587],[104.1802,15.6384],[104.1715,15.6322],[104.1929,15.6301],[104.1841,15.6202],[104.1881,15.6078],[104.2114,15.6168],[104.2115,15.6075],[104.1624,15.601],[104.1245,15.5761],[104.1216,15.5604],[104.1018,15.5657],[104.1073,15.5452],[104.0945,15.5499],[104.084,15.546],[104.0761,15.5375],[104.0765,15.5219],[104.0698,15.5262],[104.0585,15.5134],[104.0632,15.4985],[104.0318,15.4867],[104.0109,15.4561],[103.999,15.4488],[103.9858,15.4036],[103.9731,15.4065],[103.9763,15.4245],[103.9638,15.4217],[103.9641,15.4135],[103.9522,15.4119],[103.9436,15.4262],[103.9476,15.4369],[103.9319,15.4311],[103.9239,15.4385],[103.9112,15.4348],[103.9005,15.4408],[103.8922,15.4682],[103.8877,15.4526],[103.8791,15.467],[103.8612,15.4473],[103.8541,15.4649],[103.8482,15.4547],[103.8337,15.4594],[103.8299,15.4501],[103.7822,15.4407],[103.7795,15.4337],[103.7552,15.4371],[103.746,15.4467],[103.726,15.4372],[103.7176,15.4462],[103.7067,15.4408],[103.6906,15.448],[103.6702,15.4453],[103.6505,15.4569],[103.6221,15.4594],[103.6141,15.4671],[103.5677,15.4609],[103.5639,15.451],[103.5573,15.4525],[103.5526,15.4373],[103.5459,15.4383],[103.5344,15.4253],[103.5185,15.4271],[103.506,15.4379],[103.4943,15.437],[103.4827,15.4508],[103.4542,15.4544],[103.4358,15.4533],[103.4007,15.4332],[103.4225,15.4982],[103.4188,15.5326],[103.4138,15.5382],[103.3861,15.5363],[103.3627,15.5241],[103.3514,15.5427],[103.305,15.5605],[103.2967,15.5909],[103.2827,15.5924],[103.2763,15.6003],[103.2908,15.6174],[103.3069,15.6595],[103.2738,15.6625],[103.3073,15.7016],[103.341,15.7094],[103.353,15.7243],[103.3929,15.7074],[103.415,15.711],[103.4221,15.7191],[103.4291,15.7734],[103.4427,15.7978],[103.4373,15.8064],[103.4432,15.8144],[103.4398,15.8336],[103.4471,15.8671],[103.4599,15.8927],[103.46,15.9069],[103.4827,15.9255],[103.4815,15.9495],[103.468,15.9627],[103.4624,15.9965],[103.4628,16.0223],[103.4726,16.0444],[103.455,16.0801],[103.4572,16.1149],[103.4826,16.1436],[103.4929,16.1888],[103.4993,16.1883],[103.504,16.1975],[103.5232,16.194],[103.534,16.2166],[103.5421,16.2208],[103.539,16.2099],[103.5624,16.2165],[103.5513,16.207],[103.553,16.2019],[103.5914,16.1927],[103.5989,16.2007],[103.6009,16.191],[103.6213,16.2029],[103.6149,16.2132],[103.6024,16.2131],[103.6192,16.2156],[103.6392,16.185],[103.6459,16.1913],[103.6532,16.1873],[103.655,16.2021],[103.6638,16.191],[103.6778,16.2001],[103.6693,16.2096],[103.6657,16.2067],[103.6668,16.2197],[103.676,16.2101],[103.6877,16.216],[103.688,16.2092],[103.6997,16.2158],[103.6932,16.2233],[103.7163,16.2161],[103.735,16.2199],[103.7383,16.2453],[103.7563,16.265],[103.7583,16.2989],[103.7271,16.3269],[103.7301,16.342],[103.701,16.3753],[103.7069,16.3841],[103.736,16.3958],[103.7397,16.4071],[103.7681,16.4212],[103.821,16.4673],[103.8464,16.4599],[103.8677,16.4686],[103.9022,16.445],[103.9132,16.4506],[103.9172,16.437],[103.9308,16.4329],[103.9511,16.4407],[103.9809,16.43],[103.9961,16.4429],[104.0328,16.4413],[104.0405,16.4347],[104.0382,16.4139],[104.0479,16.3864],[104.0689,16.397],[104.0743,16.4086],[104.0871,16.4079],[104.1046,16.4201],[104.1388,16.4224],[104.1483,16.4273],[104.1494,16.4364],[104.173,16.4439],[104.1919,16.4283],[104.2232,16.4354],[104.2396,16.4264],[104.2467,16.4352],[104.2674,16.4339],[104.2868,16.4479],[104.2948,16.4709],[104.313,16.4505],[104.3214,16.4193],[104.3185,16.3895],[104.3328,16.3386],[104.3247,16.3293],[104.3533,16.3232]]]}},{"type":"Feature","properties":{"id":"adm1_73","ten":"Sa Kaeo, Thailand","country":"Thailand","bounds":[102.1229,13.2965,102.9425,14.1907]},"geometry":{"type":"MultiPolygon","coordinates":[[[[102.199,14.1839],[102.1963,14.1866],[102.1963,14.1907],[102.199,14.1839]]],[[[102.2004,14.1811],[102.2004,14.1808],[102.2004,14.1812],[102.2004,14.1811]]],[[[102.2013,14.1799],[102.2013,14.1799],[102.2013,14.18],[102.2013,14.1799]]],[[[102.359,13.4744],[102.3626,13.4039],[102.3469,13.3457],[102.3613,13.3116],[102.3497,13.2965],[102.3196,13.3399],[102.3213,13.3641],[102.3163,13.3658],[102.3321,13.4108],[102.3479,13.4183],[102.3454,13.4349],[102.3338,13.4441],[102.3354,13.4566],[102.3179,13.4658],[102.3088,13.4791],[102.3154,13.4874],[102.3088,13.4933],[102.3104,13.5033],[102.2888,13.5233],[102.2971,13.5524],[102.2854,13.5641],[102.2871,13.5833],[102.2554,13.5924],[102.2588,13.6091],[102.2454,13.6274],[102.2421,13.6474],[102.2188,13.6549],[102.2171,13.6891],[102.2471,13.6933],[102.2579,13.7141],[102.2563,13.7224],[102.2804,13.7424],[102.2796,13.7624],[102.2588,13.7774],[102.2596,13.7949],[102.2688,13.7974],[102.2754,13.8158],[102.2621,13.8224],[102.2663,13.8391],[102.2829,13.8316],[102.3038,13.8508],[102.3138,13.8383],[102.3354,13.8424],[102.3479,13.8533],[102.3479,13.8783],[102.3696,13.8774],[102.3888,13.8966],[102.4113,13.8958],[102.4379,13.9291],[102.4546,13.9249],[102.4613,13.9391],[102.4713,13.9433],[102.4838,13.9933],[102.4921,14.0041],[102.5021,14.0049],[102.5029,14.0133],[102.5179,14.0208],[102.5346,14.0158],[102.5454,14.0224],[102.5429,14.0441],[102.5271,14.0316],[102.5038,14.0441],[102.4913,14.0349],[102.4629,14.0374],[102.4454,14.0574],[102.4504,14.0683],[102.4354,14.0733],[102.4313,14.0941],[102.4354,14.1041],[102.4834,14.1394],[102.5037,14.1305],[102.5237,14.1414],[102.5517,14.1335],[102.6085,14.1697],[102.6353,14.1475],[102.6578,14.164],[102.6868,14.1478],[102.6968,14.1295],[102.7368,14.1398],[102.7641,14.1376],[102.7785,14.1606],[102.7848,14.1544],[102.7939,14.1708],[102.8015,14.158],[102.8137,14.1706],[102.8311,14.1564],[102.8328,14.1666],[102.8653,14.1472],[102.8715,14.1485],[102.8773,14.1716],[102.9006,14.1626],[102.9322,14.1755],[102.9425,14.1463],[102.927,14.1301],[102.9248,14.1031],[102.9028,14.0814],[102.8998,14.0498],[102.9134,14.0153],[102.896,14.0054],[102.8875,14.0086],[102.8819,14.0018],[102.8686,14.0023],[102.8176,13.9635],[102.805,13.9411],[102.7849,13.9309],[102.7697,13.8543],[102.7251,13.7911],[102.734,13.7832],[102.7337,13.7722],[102.7188,13.7728],[102.6904,13.7501],[102.5928,13.705],[102.5709,13.6892],[102.5529,13.6635],[102.5501,13.6568],[102.5723,13.6409],[102.5785,13.6268],[102.5899,13.6268],[102.626,13.607],[102.576,13.6019],[102.5645,13.577],[102.5283,13.5626],[102.4819,13.5708],[102.4736,13.5631],[102.4406,13.5581],[102.4229,13.5696],[102.3947,13.5654],[102.3682,13.5764],[102.3596,13.5696],[102.3608,13.5631],[102.3416,13.5576],[102.3356,13.539],[102.3655,13.5029],[102.359,13.4744]]],[[[102.2151,14.1474],[102.2113,14.1524],[102.2121,14.1719],[102.215,14.1649],[102.2151,14.1474]]],[[[102.1685,14.1641],[102.1693,14.1622],[102.1689,14.1627],[102.1688,14.1629],[102.1685,14.1641]]],[[[102.3652,14.1636],[102.3646,14.1633],[102.3646,14.1637],[102.3652,14.1636]]],[[[102.3664,14.1624],[102.3663,14.1624],[102.3663,14.1626],[102.3664,14.1624]]],[[[102.3673,14.1608],[102.3671,14.1608],[102.3671,14.1612],[102.3673,14.1608]]],[[[102.3604,14.159],[102.3604,14.1591],[102.3604,14.1591],[102.3604,14.159]]],[[[102.3714,14.1565],[102.3704,14.1558],[102.3704,14.1576],[102.3714,14.1565]]],[[[102.4264,14.156],[102.4263,14.1558],[102.4263,14.156],[102.4264,14.156]]],[[[102.3726,14.1551],[102.3721,14.1549],[102.3721,14.1558],[102.3726,14.1551]]],[[[102.4277,14.1545],[102.4271,14.1533],[102.4271,14.1554],[102.4277,14.1545]]],[[[102.3741,14.1534],[102.3738,14.1524],[102.3738,14.1538],[102.3741,14.1534]]],[[[102.4321,14.1474],[102.4338,14.1496],[102.4344,14.1466],[102.4321,14.1474]]],[[[102.2155,14.1468],[102.2154,14.1466],[102.2154,14.1469],[102.2155,14.1468]]],[[[102.1233,14.1466],[102.1229,14.1458],[102.1229,14.1469],[102.1233,14.1466]]],[[[102.4346,14.1458],[102.4346,14.1458],[102.4346,14.1459],[102.4346,14.1458]]],[[[102.2698,14.1454],[102.2696,14.1449],[102.2696,14.1455],[102.2698,14.1454]]],[[[102.1248,14.1451],[102.1246,14.1449],[102.1246,14.1454],[102.1248,14.1451]]],[[[102.2706,14.1446],[102.2704,14.1441],[102.2704,14.1448],[102.2706,14.1446]]],[[[102.3871,14.1439],[102.3888,14.1433],[102.3871,14.1433],[102.3871,14.1439]]],[[[102.2715,14.1435],[102.2713,14.1433],[102.2713,14.1438],[102.2715,14.1435]]],[[[102.2722,14.1427],[102.2721,14.1424],[102.2721,14.1428],[102.2722,14.1427]]],[[[102.129,14.141],[102.1288,14.1408],[102.1288,14.1411],[102.129,14.141]]],[[[102.1299,14.1404],[102.1296,14.1399],[102.1296,14.1407],[102.1299,14.1404]]],[[[102.4558,14.1377],[102.4554,14.1366],[102.4554,14.1405],[102.4558,14.1377]]],[[[102.1309,14.1394],[102.1304,14.1391],[102.1304,14.1399],[102.1309,14.1394]]],[[[102.273,14.1301],[102.2721,14.1291],[102.2729,14.1328],[102.273,14.1301]]],[[[102.2931,14.1326],[102.2929,14.1324],[102.2929,14.1327],[102.2931,14.1326]]],[[[102.2946,14.1316],[102.2946,14.1316],[102.2946,14.1316],[102.2946,14.1316]]],[[[102.3008,14.1259],[102.3004,14.1249],[102.3004,14.1269],[102.3008,14.1259]]],[[[102.3304,14.1248],[102.3296,14.1233],[102.3296,14.1256],[102.3304,14.1248]]],[[[102.3014,14.1243],[102.3013,14.1241],[102.3013,14.1247],[102.3014,14.1243]]],[[[102.3314,14.1224],[102.3313,14.1224],[102.3313,14.1227],[102.3314,14.1224]]]]}},{"type":"Feature","properties":{"id":"adm1_74","ten":"Sakon Nakhon, Thailand","country":"Thailand","bounds":[103.2533,16.7705,104.4378,18.0881]},"geometry":{"type":"Polygon","coordinates":[[[104.0194,17.8081],[104.024,17.7966],[104.0127,17.7912],[104.0261,17.7581],[104.0304,17.7553],[104.0318,17.7671],[104.0413,17.768],[104.0598,17.7563],[104.0526,17.7368],[104.0671,17.7456],[104.0705,17.7232],[104.0645,17.7277],[104.0622,17.7237],[104.0799,17.704],[104.0721,17.6989],[104.0804,17.6952],[104.0697,17.6899],[104.0724,17.6783],[104.086,17.6813],[104.0808,17.6725],[104.0856,17.6694],[104.0738,17.6653],[104.0699,17.6444],[104.0514,17.6369],[104.0456,17.645],[104.0311,17.6376],[104.0385,17.6336],[104.0344,17.6146],[104.0497,17.6022],[104.0567,17.5837],[104.0528,17.5705],[104.0376,17.5615],[104.0421,17.5299],[104.0355,17.5126],[104.0231,17.4872],[104.0119,17.4851],[104.019,17.4588],[104.0606,17.389],[104.0769,17.3754],[104.0826,17.3919],[104.0942,17.3829],[104.091,17.3748],[104.0977,17.3739],[104.1045,17.3887],[104.0961,17.387],[104.0989,17.3959],[104.0941,17.4005],[104.1105,17.402],[104.1134,17.3899],[104.1289,17.3976],[104.1298,17.3807],[104.135,17.3791],[104.1443,17.3847],[104.1433,17.3942],[104.1564,17.3934],[104.1474,17.408],[104.156,17.4039],[104.1609,17.4154],[104.1792,17.4118],[104.1737,17.4165],[104.1756,17.427],[104.1857,17.421],[104.2026,17.4265],[104.2112,17.4134],[104.2307,17.4127],[104.2687,17.4184],[104.2897,17.431],[104.3775,17.4237],[104.4164,17.4279],[104.4197,17.4159],[104.4132,17.4072],[104.4178,17.3947],[104.4094,17.3774],[104.4257,17.3331],[104.4195,17.312],[104.4062,17.306],[104.4051,17.2976],[104.4092,17.2759],[104.4272,17.253],[104.4265,17.2455],[104.4378,17.2385],[104.3941,17.1777],[104.3913,17.1455],[104.4034,17.1341],[104.3815,17.1047],[104.3673,17.1017],[104.3622,17.0933],[104.3644,17.0707],[104.3543,17.0656],[104.3558,17.0573],[104.3644,17.0624],[104.3676,17.0534],[104.3876,17.0429],[104.3876,17.0345],[104.3989,17.0338],[104.4004,17.0207],[104.3598,17.004],[104.3536,16.9825],[104.3202,16.9739],[104.3226,16.9652],[104.3049,16.9261],[104.2714,16.9193],[104.2471,16.8993],[104.2462,16.891],[104.2216,16.8892],[104.2076,16.872],[104.1645,16.8873],[104.1274,16.8853],[104.1231,16.8796],[104.1268,16.8579],[104.1114,16.8376],[104.0732,16.8199],[104.068,16.8352],[104.0493,16.8462],[104.0415,16.8388],[104.0342,16.8437],[104.035,16.8518],[104.0237,16.8557],[103.9996,16.8349],[103.9824,16.8349],[103.9716,16.809],[103.9613,16.8218],[103.9514,16.7849],[103.9556,16.7772],[103.9433,16.7705],[103.9224,16.7948],[103.8751,16.817],[103.8722,16.8304],[103.8465,16.839],[103.8385,16.8483],[103.8393,16.8658],[103.8282,16.8653],[103.8217,16.8751],[103.8127,16.8753],[103.8109,16.8844],[103.7925,16.886],[103.7947,16.8956],[103.7847,16.9073],[103.7838,16.9207],[103.7725,16.9226],[103.7914,16.9388],[103.7852,16.9571],[103.7722,16.9659],[103.7646,16.9624],[103.7544,16.9716],[103.7449,16.9703],[103.7381,16.9877],[103.726,16.9799],[103.7236,16.9894],[103.7325,16.9999],[103.7252,17.0141],[103.7086,17.0165],[103.6961,17.0319],[103.6646,17.0175],[103.6606,17.0268],[103.667,17.0536],[103.6573,17.0747],[103.6694,17.104],[103.6574,17.1139],[103.6399,17.1106],[103.6234,17.1465],[103.6157,17.1481],[103.6023,17.1667],[103.5934,17.1702],[103.5727,17.1558],[103.4768,17.216],[103.4724,17.2282],[103.4657,17.2164],[103.454,17.2109],[103.4305,17.2187],[103.4189,17.211],[103.3795,17.2342],[103.3636,17.2343],[103.3535,17.2534],[103.3397,17.254],[103.3098,17.2688],[103.2831,17.2655],[103.2533,17.3119],[103.2578,17.3239],[103.2738,17.3306],[103.275,17.3475],[103.3043,17.3885],[103.2837,17.4142],[103.2853,17.4277],[103.2761,17.4389],[103.2924,17.4657],[103.289,17.4953],[103.3196,17.5213],[103.3244,17.5508],[103.333,17.5483],[103.3431,17.5671],[103.3394,17.574],[103.3528,17.5851],[103.3626,17.5889],[103.3767,17.5773],[103.379,17.5906],[103.4127,17.5939],[103.3997,17.6152],[103.405,17.6308],[103.4013,17.649],[103.4106,17.6658],[103.4035,17.6829],[103.4096,17.7041],[103.4041,17.7158],[103.4134,17.7269],[103.4072,17.7302],[103.4114,17.7339],[103.4032,17.7557],[103.3862,17.7518],[103.3699,17.7881],[103.3789,17.7908],[103.377,17.8008],[103.3848,17.8071],[103.3781,17.8113],[103.3927,17.8266],[103.385,17.8393],[103.3997,17.8409],[103.3979,17.8313],[103.4027,17.8291],[103.4047,17.8408],[103.4153,17.8325],[103.4251,17.8395],[103.408,17.8476],[103.4012,17.8442],[103.3973,17.8531],[103.4097,17.8574],[103.4083,17.8754],[103.4202,17.8803],[103.4159,17.8983],[103.4004,17.9053],[103.4029,17.92],[103.3966,17.9281],[103.415,17.9295],[103.4078,17.9415],[103.4126,17.9458],[103.4019,17.9558],[103.3917,17.9559],[103.3948,17.9776],[103.3899,17.9792],[103.3942,17.9844],[103.4018,17.9796],[103.4097,17.9916],[103.449,17.9652],[103.4544,17.976],[103.4414,17.9815],[103.4513,17.9927],[103.4676,17.9873],[103.4758,17.9972],[103.4737,18.0038],[103.4942,17.9863],[103.5001,17.9886],[103.4971,17.9918],[103.5066,17.9974],[103.4937,18.0395],[103.5007,18.0414],[103.4957,18.0542],[103.4992,18.0646],[103.5069,18.0576],[103.5075,18.0676],[103.5183,18.0737],[103.5395,18.0675],[103.5451,18.0881],[103.5501,18.0771],[103.5422,18.0724],[103.5463,18.0636],[103.5629,18.0609],[103.5826,18.0379],[103.5908,18.0368],[103.5912,18.0461],[103.5983,18.0488],[103.6095,18.0334],[103.6147,18.0119],[103.6444,18.0114],[103.6244,18.0006],[103.6279,17.9668],[103.6405,17.9749],[103.6417,17.962],[103.6548,17.9613],[103.666,17.9714],[103.6706,17.9649],[103.6646,17.9485],[103.6863,17.9538],[103.7073,17.9422],[103.7067,17.9367],[103.7189,17.94],[103.7242,17.9239],[103.7491,17.9085],[103.7561,17.9134],[103.7523,17.9236],[103.7683,17.9527],[103.7599,17.9193],[103.7674,17.9178],[103.7853,17.9293],[103.7782,17.9056],[103.79,17.8896],[103.7709,17.8885],[103.7679,17.8811],[103.7985,17.8397],[103.8146,17.8556],[103.7979,17.8685],[103.7997,17.8748],[103.8384,17.8678],[103.8587,17.8811],[103.871,17.8771],[103.8681,17.862],[103.8784,17.8738],[103.908,17.8789],[103.903,17.8468],[103.9184,17.8573],[103.9254,17.8534],[103.928,17.831],[103.9198,17.817],[103.9366,17.8035],[103.945,17.7808],[103.9609,17.7715],[103.9764,17.781],[103.9727,17.7762],[103.9824,17.7672],[103.9902,17.7857],[104.0023,17.7863],[104.0031,17.8054],[104.0194,17.8081]]]}},{"type":"Feature","properties":{"id":"adm1_75","ten":"Si Sa Ket, Thailand","country":"Thailand","bounds":[103.9045,14.3434,104.9099,15.5657]},"geometry":{"type":"Polygon","coordinates":[[[104.1246,15.5618],[104.1399,15.5345],[104.138,15.5067],[104.1838,15.477],[104.2334,15.414],[104.2491,15.3718],[104.2655,15.3703],[104.307,15.3409],[104.3571,15.3426],[104.3769,15.3186],[104.3863,15.2919],[104.4593,15.2757],[104.4699,15.2668],[104.5047,15.2658],[104.5263,15.251],[104.5804,15.2515],[104.5923,15.2669],[104.6084,15.2717],[104.6099,15.2582],[104.6308,15.2603],[104.6468,15.2537],[104.6479,15.2382],[104.6666,15.2298],[104.6641,15.2397],[104.654,15.2445],[104.6602,15.2562],[104.6682,15.2553],[104.6809,15.2245],[104.699,15.2211],[104.6843,15.2151],[104.6919,15.2052],[104.6831,15.2035],[104.6849,15.1984],[104.7069,15.1978],[104.7012,15.1884],[104.705,15.1835],[104.7154,15.1924],[104.7207,15.1891],[104.7006,15.1691],[104.7002,15.1568],[104.7279,15.1686],[104.7379,15.1641],[104.7364,15.1561],[104.7061,15.1288],[104.6818,15.1213],[104.6825,15.1064],[104.6729,15.0978],[104.6785,15.0909],[104.6828,15.0982],[104.6906,15.0978],[104.6791,15.0828],[104.6952,15.0811],[104.6883,15.0716],[104.691,15.0586],[104.6821,15.0474],[104.6878,15.0415],[104.6833,15.035],[104.676,15.0393],[104.6775,15.0325],[104.6719,15.031],[104.6864,15.0026],[104.6841,14.9849],[104.6912,14.9667],[104.6858,14.9501],[104.7022,14.9337],[104.7425,14.9256],[104.8003,14.8982],[104.8128,14.8805],[104.8147,14.8616],[104.8301,14.8353],[104.8087,14.8275],[104.7996,14.8082],[104.8182,14.7873],[104.8233,14.751],[104.8453,14.7338],[104.851,14.7163],[104.8779,14.6979],[104.8788,14.6697],[104.8921,14.6508],[104.8688,14.6612],[104.8514,14.6562],[104.85,14.6448],[104.8392,14.6338],[104.8398,14.6151],[104.8291,14.6045],[104.8309,14.5776],[104.8192,14.5492],[104.8641,14.4949],[104.8608,14.4702],[104.8317,14.439],[104.8401,14.4255],[104.8503,14.4232],[104.881,14.4343],[104.9081,14.4112],[104.9099,14.3983],[104.8734,14.4164],[104.8428,14.4016],[104.8406,14.4123],[104.8208,14.4165],[104.8183,14.4271],[104.8075,14.4352],[104.7689,14.4217],[104.7552,14.4042],[104.7418,14.412],[104.7259,14.4013],[104.7265,14.4188],[104.7115,14.4317],[104.6971,14.4196],[104.6814,14.3891],[104.6614,14.3989],[104.6533,14.4197],[104.6457,14.4213],[104.6284,14.4034],[104.5954,14.386],[104.581,14.3723],[104.5806,14.3558],[104.5708,14.3575],[104.5651,14.3503],[104.5354,14.352],[104.5017,14.3734],[104.4864,14.3683],[104.4785,14.3595],[104.4801,14.3502],[104.4669,14.3434],[104.4628,14.3584],[104.4377,14.3563],[104.4176,14.3711],[104.4078,14.3653],[104.401,14.3736],[104.3873,14.3705],[104.378,14.3817],[104.3667,14.3724],[104.3335,14.3692],[104.278,14.4076],[104.2542,14.3901],[104.25,14.3764],[104.2207,14.3658],[104.2108,14.3682],[104.2018,14.3813],[104.1873,14.383],[104.1727,14.3743],[104.1768,14.3589],[104.1514,14.3534],[104.1396,14.3557],[104.1404,14.3717],[104.1102,14.3767],[104.0878,14.3457],[104.0595,14.3435],[104.0568,14.3536],[104.0477,14.3576],[104.0529,14.3773],[104.0495,14.4063],[104.0563,14.4146],[104.0536,14.4324],[104.0617,14.4588],[104.0513,14.4776],[104.0557,14.4931],[104.0371,14.4965],[104.0344,14.5428],[104.0492,14.5538],[104.0619,14.5995],[104.0531,14.636],[104.0547,14.6624],[104.0034,14.7255],[104.0015,14.7369],[104.0104,14.7586],[103.9983,14.7973],[103.9206,14.8267],[103.9045,14.8482],[103.9221,14.8706],[103.9188,14.8816],[103.9294,14.9027],[103.9396,14.9075],[103.9593,14.9406],[103.9704,14.9476],[103.9695,14.9729],[103.9774,14.9773],[103.9834,14.9729],[104.0008,14.9906],[104.0015,15.0117],[103.9966,15.015],[104.0126,15.0181],[104.0182,15.0315],[104.0151,15.0405],[104.0231,15.0454],[104.0074,15.058],[104.015,15.0644],[104.0123,15.0725],[104.0203,15.0698],[104.0222,15.0775],[104.0037,15.0778],[104.0036,15.0858],[103.9964,15.0831],[103.9941,15.0896],[104.0004,15.0925],[103.9999,15.1095],[103.9939,15.1123],[104.0028,15.1193],[103.9917,15.1222],[103.9895,15.1287],[104.0023,15.1365],[104.0021,15.1475],[103.9878,15.1534],[103.9858,15.1612],[103.9806,15.1574],[103.9699,15.1633],[103.9744,15.1782],[103.9692,15.1843],[103.9872,15.2004],[103.9739,15.2199],[103.9917,15.2248],[103.9878,15.232],[103.9953,15.2364],[103.989,15.2467],[103.9998,15.251],[103.9823,15.2626],[103.9771,15.2798],[103.9969,15.2679],[104.0021,15.2733],[104.0002,15.2954],[104.0171,15.2879],[104.0132,15.3145],[104.023,15.3114],[104.031,15.3163],[104.0247,15.3295],[104.0381,15.3259],[104.0459,15.3311],[104.046,15.34],[104.0544,15.3386],[104.0593,15.3456],[104.0631,15.3416],[104.0775,15.3522],[104.0921,15.3473],[104.0938,15.356],[104.0861,15.3555],[104.0923,15.3626],[104.0812,15.3738],[104.0861,15.3827],[104.0738,15.3796],[104.0767,15.3901],[104.0616,15.4043],[104.0512,15.3942],[104.0509,15.4009],[104.0363,15.4056],[104.0281,15.4025],[104.0202,15.4093],[104.0145,15.4022],[104.007,15.4077],[103.9952,15.3922],[103.9898,15.4055],[103.9979,15.4469],[104.0318,15.4867],[104.0632,15.4985],[104.0585,15.5134],[104.0698,15.5262],[104.0765,15.5219],[104.0761,15.5375],[104.084,15.546],[104.0945,15.5499],[104.1073,15.5452],[104.1018,15.5657],[104.1246,15.5618]]]}},{"type":"Feature","properties":{"id":"adm1_76","ten":"Surin, Thailand","country":"Thailand","bounds":[103.0919,14.3255,104.0936,15.4816]},"geometry":{"type":"Polygon","coordinates":[[[103.3438,15.4047],[103.4358,15.4533],[103.4542,15.4544],[103.4827,15.4508],[103.4943,15.437],[103.506,15.4379],[103.5185,15.4271],[103.5344,15.4253],[103.5459,15.4383],[103.5526,15.4373],[103.5573,15.4525],[103.5639,15.451],[103.5677,15.4609],[103.6141,15.4671],[103.6221,15.4594],[103.6505,15.4569],[103.6702,15.4453],[103.6906,15.448],[103.7067,15.4408],[103.7176,15.4462],[103.726,15.4372],[103.746,15.4467],[103.7552,15.4371],[103.7795,15.4337],[103.7822,15.4407],[103.8299,15.4501],[103.8337,15.4594],[103.8482,15.4547],[103.8541,15.4649],[103.8612,15.4473],[103.8791,15.467],[103.8877,15.4526],[103.8922,15.4682],[103.9005,15.4408],[103.9112,15.4348],[103.9239,15.4385],[103.9319,15.4311],[103.9476,15.4369],[103.9436,15.4262],[103.9522,15.4119],[103.9641,15.4135],[103.9638,15.4217],[103.9763,15.4245],[103.9733,15.4061],[103.9898,15.4055],[103.9955,15.3921],[104.0042,15.3976],[104.0058,15.4073],[104.0153,15.4022],[104.0211,15.4092],[104.0281,15.4025],[104.0509,15.4009],[104.0512,15.3942],[104.0616,15.4043],[104.0767,15.3901],[104.0738,15.3796],[104.0861,15.3827],[104.0808,15.3754],[104.0863,15.3632],[104.0922,15.3632],[104.0861,15.3562],[104.0936,15.3568],[104.0923,15.3475],[104.0775,15.3522],[104.0631,15.3416],[104.0593,15.3456],[104.0544,15.3386],[104.046,15.34],[104.0459,15.3311],[104.0381,15.3259],[104.0247,15.3295],[104.031,15.3163],[104.023,15.3114],[104.0132,15.3145],[104.0171,15.2879],[104.0002,15.2954],[104.0021,15.2733],[103.9969,15.2679],[103.9771,15.2798],[103.9823,15.2626],[103.9998,15.251],[103.989,15.2467],[103.9953,15.2364],[103.9878,15.232],[103.9917,15.2248],[103.9739,15.2199],[103.9872,15.2004],[103.9692,15.1843],[103.9744,15.1782],[103.9699,15.1633],[103.9806,15.1574],[103.9858,15.1612],[103.9878,15.1534],[104.0021,15.1475],[104.0023,15.1365],[103.9895,15.1287],[103.9917,15.1222],[104.0028,15.1193],[103.9939,15.1123],[103.9999,15.1095],[104.0004,15.0925],[103.9941,15.0896],[103.9964,15.0831],[104.0036,15.0858],[104.0037,15.0778],[104.0222,15.0775],[104.0203,15.0698],[104.0123,15.0725],[104.015,15.0644],[104.0074,15.058],[104.0231,15.0454],[104.0151,15.0405],[104.0182,15.0315],[104.0126,15.0181],[103.9966,15.015],[104.0015,15.0117],[104.0008,14.9906],[103.9834,14.9729],[103.9774,14.9773],[103.9695,14.9729],[103.9704,14.9476],[103.9593,14.9406],[103.9396,14.9075],[103.9294,14.9027],[103.9188,14.8816],[103.9221,14.8706],[103.9045,14.8482],[103.9206,14.8267],[103.9983,14.7973],[104.0104,14.7586],[104.0015,14.7369],[104.0034,14.7255],[104.0547,14.6624],[104.0531,14.636],[104.0619,14.5995],[104.0492,14.5538],[104.0344,14.5428],[104.0371,14.4965],[104.0557,14.4931],[104.0513,14.4776],[104.0617,14.4588],[104.0536,14.4324],[104.0563,14.4146],[104.0495,14.4063],[104.0529,14.3773],[104.0462,14.3617],[104.0587,14.3506],[104.0547,14.3405],[104.0311,14.3357],[104.0168,14.3415],[104.0103,14.3549],[103.9976,14.3434],[103.9824,14.3532],[103.9514,14.3483],[103.9446,14.3284],[103.9028,14.336],[103.9024,14.3441],[103.8835,14.3366],[103.8625,14.3559],[103.8635,14.3651],[103.8486,14.3696],[103.8371,14.3687],[103.833,14.3525],[103.8278,14.3515],[103.805,14.3553],[103.8044,14.3679],[103.7777,14.3593],[103.7604,14.3763],[103.7539,14.3702],[103.7394,14.3775],[103.7117,14.3755],[103.7028,14.3893],[103.711,14.43],[103.689,14.438],[103.6563,14.4351],[103.6438,14.4201],[103.6588,14.4167],[103.6564,14.4082],[103.6436,14.4086],[103.6257,14.3968],[103.6176,14.4],[103.6125,14.418],[103.6003,14.4152],[103.5807,14.4253],[103.5604,14.4223],[103.5306,14.4092],[103.5269,14.3997],[103.5203,14.4038],[103.5024,14.3993],[103.4961,14.385],[103.4851,14.3855],[103.4697,14.3633],[103.4526,14.3669],[103.4373,14.3892],[103.4185,14.3785],[103.4105,14.3559],[103.2667,14.3494],[103.229,14.3255],[103.2234,14.3763],[103.2339,14.3865],[103.2228,14.3997],[103.238,14.4077],[103.2489,14.4399],[103.2361,14.4665],[103.237,14.4805],[103.2159,14.5034],[103.2232,14.5165],[103.2149,14.5371],[103.2247,14.5451],[103.2229,14.5627],[103.212,14.5744],[103.2148,14.5919],[103.2392,14.6157],[103.2346,14.6452],[103.2618,14.6698],[103.2605,14.6863],[103.2672,14.6925],[103.2767,14.7352],[103.2684,14.766],[103.2773,14.7687],[103.2843,14.7816],[103.2948,14.7832],[103.2915,14.8058],[103.2968,14.8106],[103.3104,14.8063],[103.3127,14.8125],[103.3166,14.8086],[103.3222,14.8247],[103.3317,14.8305],[103.3492,14.8291],[103.344,14.8369],[103.354,14.8383],[103.3654,14.8555],[103.378,14.858],[103.3799,14.8691],[103.387,14.8694],[103.3819,14.8742],[103.3949,14.8839],[103.3925,14.8929],[103.4078,14.896],[103.4016,14.8996],[103.4052,14.918],[103.4209,14.9175],[103.4282,14.9273],[103.4305,14.9404],[103.4196,14.9565],[103.4319,14.9698],[103.423,14.9756],[103.4334,14.9768],[103.4228,14.9851],[103.4291,14.992],[103.4121,15.0011],[103.4238,15.0282],[103.4404,15.0282],[103.45,15.0434],[103.4417,15.0554],[103.4252,15.0633],[103.4442,15.0855],[103.4307,15.0815],[103.4336,15.0979],[103.4404,15.0972],[103.4435,15.1047],[103.4275,15.1045],[103.435,15.1205],[103.4262,15.1273],[103.4305,15.1395],[103.4228,15.1494],[103.431,15.1573],[103.4229,15.1667],[103.431,15.1806],[103.4208,15.1865],[103.4215,15.2003],[103.4283,15.2065],[103.4383,15.2049],[103.4308,15.2127],[103.4393,15.2186],[103.4371,15.2352],[103.4492,15.2534],[103.4434,15.2609],[103.4614,15.255],[103.4639,15.28],[103.4717,15.2784],[103.4825,15.2934],[103.5062,15.2898],[103.4991,15.2976],[103.5058,15.3102],[103.4985,15.3058],[103.4942,15.3145],[103.4875,15.3093],[103.4861,15.317],[103.4718,15.3232],[103.4738,15.3361],[103.4638,15.3406],[103.4613,15.3343],[103.4494,15.3437],[103.4441,15.3379],[103.4529,15.3338],[103.4448,15.3294],[103.4382,15.3333],[103.4317,15.3072],[103.4213,15.3149],[103.4059,15.3068],[103.3883,15.319],[103.4015,15.3274],[103.3988,15.3328],[103.3869,15.326],[103.3758,15.338],[103.3629,15.3375],[103.3635,15.3444],[103.3521,15.3465],[103.3512,15.3388],[103.344,15.3431],[103.3409,15.3344],[103.3313,15.3366],[103.3309,15.3297],[103.3166,15.3265],[103.3192,15.3185],[103.3075,15.3179],[103.2924,15.2982],[103.2831,15.3047],[103.2872,15.3174],[103.2791,15.3128],[103.2779,15.3175],[103.2682,15.3164],[103.2684,15.3096],[103.2619,15.3127],[103.2513,15.3058],[103.2547,15.321],[103.2458,15.3158],[103.2335,15.322],[103.2325,15.3148],[103.2215,15.3202],[103.2261,15.3277],[103.2221,15.3326],[103.2126,15.3303],[103.2141,15.3405],[103.1989,15.334],[103.1897,15.3558],[103.199,15.3567],[103.197,15.3634],[103.1831,15.366],[103.1808,15.3585],[103.1737,15.3618],[103.1589,15.3515],[103.1655,15.3618],[103.1507,15.3734],[103.1573,15.3766],[103.1551,15.3828],[103.1503,15.3794],[103.1428,15.3871],[103.1472,15.4003],[103.14,15.4102],[103.1366,15.3987],[103.1193,15.3996],[103.1097,15.4127],[103.0943,15.4153],[103.0919,15.4214],[103.1023,15.4281],[103.1126,15.4489],[103.1082,15.4558],[103.1175,15.4658],[103.1156,15.4816],[103.2173,15.4602],[103.2274,15.447],[103.2529,15.4465],[103.2721,15.4218],[103.3328,15.4121],[103.3438,15.4047]]]}},{"type":"Feature","properties":{"id":"adm1_77","ten":"Trat, Thailand","country":"Thailand","bounds":[102.4938,12.3992,102.7875,12.7557]},"geometry":{"type":"MultiPolygon","coordinates":[[[[102.5118,12.7506],[102.5024,12.7371],[102.5052,12.7324],[102.5046,12.7324],[102.4963,12.7441],[102.4938,12.7557],[102.5118,12.7506]]],[[[102.4996,12.7024],[102.4971,12.7058],[102.5046,12.7141],[102.5054,12.7316],[102.5063,12.7116],[102.4996,12.7024]]],[[[102.5094,12.6943],[102.5088,12.6933],[102.5088,12.695],[102.5094,12.6943]]],[[[102.5079,12.6799],[102.5054,12.6833],[102.5104,12.6921],[102.5123,12.6865],[102.5079,12.6799]]],[[[102.5081,12.6795],[102.5079,12.6783],[102.5079,12.6799],[102.5081,12.6795]]],[[[102.5099,12.676],[102.5096,12.6708],[102.5088,12.678],[102.5099,12.676]]],[[[102.5166,12.6665],[102.5163,12.6658],[102.5154,12.6671],[102.5166,12.6665]]],[[[102.5175,12.6649],[102.5171,12.6649],[102.5171,12.6655],[102.5175,12.6649]]],[[[102.5179,12.6641],[102.5179,12.6641],[102.5179,12.6642],[102.5179,12.6641]]],[[[102.5525,12.6535],[102.5521,12.6533],[102.5521,12.6535],[102.5525,12.6535]]],[[[102.5823,12.6507],[102.5813,12.6474],[102.5813,12.6511],[102.5823,12.6507]]],[[[102.593,12.6367],[102.5929,12.6366],[102.5929,12.6367],[102.593,12.6367]]],[[[102.5975,12.6319],[102.5971,12.6316],[102.5971,12.632],[102.5975,12.6319]]],[[[102.5985,12.6311],[102.5979,12.6308],[102.5979,12.6316],[102.5985,12.6311]]],[[[102.608,12.6241],[102.6079,12.6241],[102.6079,12.6243],[102.608,12.6241]]],[[[102.6301,12.612],[102.6296,12.6108],[102.6296,12.6123],[102.6301,12.612]]],[[[102.6454,12.5946],[102.6429,12.6084],[102.6463,12.6093],[102.6491,12.5982],[102.6454,12.5946]]],[[[102.6464,12.5887],[102.6446,12.5858],[102.6454,12.5918],[102.6464,12.5887]]],[[[102.6635,12.5804],[102.6637,12.5766],[102.6613,12.5795],[102.6635,12.5804]]],[[[102.6663,12.5761],[102.6663,12.5758],[102.6663,12.5762],[102.6663,12.5761]]],[[[102.6674,12.5743],[102.6671,12.5741],[102.6671,12.5751],[102.6674,12.5743]]],[[[102.6679,12.5707],[102.6679,12.5737],[102.6684,12.572],[102.6679,12.5707]]],[[[102.6692,12.5662],[102.6679,12.5641],[102.6679,12.5674],[102.6692,12.5662]]],[[[102.678,12.5566],[102.6779,12.5566],[102.6779,12.5567],[102.678,12.5566]]],[[[102.6823,12.552],[102.6821,12.5516],[102.6821,12.5523],[102.6823,12.552]]],[[[102.683,12.5508],[102.6829,12.5508],[102.6829,12.5509],[102.683,12.5508]]],[[[102.6848,12.5488],[102.6779,12.5433],[102.6804,12.5466],[102.6848,12.5488]]],[[[102.6939,12.5306],[102.6929,12.5299],[102.6929,12.5311],[102.6939,12.5306]]],[[[102.6983,12.5252],[102.6954,12.525],[102.6971,12.526],[102.6983,12.5252]]],[[[102.7067,12.5157],[102.7046,12.5133],[102.7054,12.5176],[102.7067,12.5157]]],[[[102.7246,12.5015],[102.7246,12.5058],[102.7299,12.5103],[102.7299,12.5081],[102.7246,12.5015]]],[[[102.7253,12.494],[102.7246,12.4949],[102.7262,12.4949],[102.7253,12.494]]],[[[102.7212,12.4884],[102.7204,12.4866],[102.7204,12.4899],[102.7212,12.4884]]],[[[102.7409,12.4808],[102.7388,12.4808],[102.7401,12.4824],[102.7409,12.4808]]],[[[102.7379,12.4701],[102.7379,12.4766],[102.7387,12.4766],[102.738,12.4744],[102.7379,12.4701]]],[[[102.7438,12.4631],[102.7438,12.4625],[102.7438,12.4632],[102.7438,12.4631]]],[[[102.7446,12.4604],[102.7446,12.4615],[102.7448,12.4606],[102.7446,12.4604]]],[[[102.7529,12.4592],[102.7529,12.4591],[102.7521,12.4595],[102.7529,12.4592]]],[[[102.768,12.4516],[102.7679,12.4516],[102.7679,12.452],[102.768,12.4516]]],[[[102.77,12.4467],[102.7696,12.4433],[102.7696,12.4479],[102.77,12.4467]]],[[[102.7707,12.4409],[102.7704,12.4408],[102.7704,12.441],[102.7707,12.4409]]],[[[102.7717,12.44],[102.7713,12.4391],[102.7713,12.4404],[102.7717,12.44]]],[[[102.7724,12.4383],[102.7721,12.4383],[102.7721,12.439],[102.7724,12.4383]]],[[[102.7822,12.4301],[102.7821,12.4299],[102.7821,12.4306],[102.7822,12.4301]]],[[[102.7842,12.4269],[102.7838,12.4266],[102.7838,12.4274],[102.7842,12.4269]]],[[[102.7848,12.4258],[102.7846,12.4241],[102.7846,12.4262],[102.7848,12.4258]]],[[[102.7856,12.4229],[102.7854,12.4225],[102.7854,12.4232],[102.7856,12.4229]]],[[[102.7863,12.4208],[102.7863,12.4208],[102.7863,12.4211],[102.7863,12.4208]]],[[[102.7875,12.4158],[102.7871,12.4158],[102.7871,12.4169],[102.7875,12.4158]]],[[[102.785,12.4016],[102.7846,12.3992],[102.7846,12.4016],[102.785,12.4016]]]]}},{"type":"Feature","properties":{"id":"adm1_78","ten":"Ubon Ratchathani, Thailand","country":"Thailand","bounds":[104.3748,14.208,105.6391,16.096]},"geometry":{"type":"Polygon","coordinates":[[[105.4237,16.0051],[105.426,15.9869],[105.396,15.9894],[105.3803,15.9822],[105.3452,15.9213],[105.3912,15.8281],[105.3956,15.8014],[105.4215,15.7872],[105.4221,15.7722],[105.4376,15.7523],[105.4677,15.7431],[105.5052,15.7646],[105.5332,15.7471],[105.5574,15.7469],[105.5644,15.7361],[105.5968,15.7237],[105.6376,15.6587],[105.6391,15.6276],[105.6287,15.5639],[105.6116,15.5445],[105.5958,15.507],[105.605,15.4717],[105.5924,15.4197],[105.5665,15.3975],[105.4956,15.3843],[105.4696,15.348],[105.4747,15.3343],[105.5073,15.3139],[105.5761,15.3234],[105.584,15.3132],[105.5925,15.2676],[105.5848,15.2596],[105.563,15.2611],[105.5423,15.251],[105.5194,15.2182],[105.4781,15.1784],[105.4716,15.1562],[105.4806,15.1469],[105.4698,15.1335],[105.467,15.113],[105.4746,15.0985],[105.5131,15.0844],[105.5164,15.061],[105.5421,15.0643],[105.5543,15.059],[105.5494,15.0368],[105.5736,15.02],[105.5758,14.9969],[105.6119,14.988],[105.6223,14.9746],[105.5977,14.9602],[105.5863,14.9442],[105.5711,14.9526],[105.5562,14.9509],[105.5488,14.924],[105.5766,14.8998],[105.5797,14.8795],[105.5385,14.8666],[105.5422,14.8547],[105.5525,14.8507],[105.5556,14.8353],[105.5317,14.8206],[105.5238,14.823],[105.5142,14.8011],[105.5223,14.7746],[105.5154,14.7527],[105.5423,14.7301],[105.5228,14.7257],[105.5272,14.7047],[105.518,14.694],[105.5261,14.6753],[105.519,14.6574],[105.532,14.6397],[105.5273,14.6317],[105.5335,14.6213],[105.5448,14.6194],[105.5313,14.5959],[105.5416,14.5821],[105.5318,14.5715],[105.537,14.5568],[105.526,14.5492],[105.5275,14.5363],[105.5188,14.5366],[105.5045,14.5209],[105.5036,14.511],[105.4825,14.5041],[105.4898,14.4982],[105.4725,14.4692],[105.4525,14.4506],[105.4319,14.4132],[105.4126,14.4276],[105.3993,14.4061],[105.3893,14.4085],[105.3899,14.3948],[105.3754,14.3983],[105.3626,14.3852],[105.3445,14.3831],[105.3228,14.3958],[105.3064,14.3641],[105.2865,14.3652],[105.2796,14.3516],[105.2559,14.3611],[105.2381,14.3483],[105.2298,14.3316],[105.2016,14.3469],[105.1876,14.3404],[105.1773,14.3439],[105.1687,14.3267],[105.1782,14.3131],[105.1529,14.2834],[105.1548,14.2674],[105.1451,14.2579],[105.1555,14.2531],[105.1443,14.2365],[105.1088,14.2119],[105.0948,14.2142],[105.0839,14.208],[105.0528,14.2129],[105.0486,14.2248],[105.0255,14.2384],[105.023,14.2504],[105.0289,14.263],[105.0186,14.2688],[105.0039,14.3029],[104.9867,14.3163],[104.9935,14.3201],[105.0038,14.3614],[104.9956,14.3785],[104.9741,14.3906],[104.9597,14.3896],[104.9548,14.3794],[104.9246,14.4004],[104.9099,14.3983],[104.9081,14.4112],[104.8785,14.4354],[104.8505,14.4232],[104.8401,14.4255],[104.8322,14.4376],[104.8355,14.4478],[104.8478,14.4533],[104.8608,14.4702],[104.8641,14.4949],[104.8192,14.5492],[104.8309,14.5776],[104.8291,14.6045],[104.8398,14.6151],[104.8392,14.6338],[104.85,14.6448],[104.8514,14.6562],[104.8688,14.6612],[104.8921,14.6508],[104.8788,14.6697],[104.8779,14.6979],[104.851,14.7163],[104.8453,14.7338],[104.8233,14.751],[104.8182,14.7873],[104.7996,14.8082],[104.8087,14.8275],[104.8301,14.8353],[104.8147,14.8616],[104.8069,14.8941],[104.7425,14.9256],[104.7022,14.9337],[104.6858,14.9501],[104.6912,14.9667],[104.6841,14.9849],[104.6864,15.0026],[104.6719,15.031],[104.6775,15.0325],[104.676,15.0393],[104.6833,15.035],[104.6878,15.0415],[104.6821,15.0474],[104.691,15.0586],[104.6883,15.0716],[104.6952,15.0811],[104.6791,15.0828],[104.6906,15.0978],[104.6828,15.0982],[104.6785,15.0909],[104.6729,15.0978],[104.6825,15.1064],[104.6818,15.1213],[104.7061,15.1288],[104.7364,15.1561],[104.738,15.1638],[104.7285,15.1687],[104.7002,15.1568],[104.7006,15.1691],[104.7207,15.1891],[104.7154,15.1924],[104.705,15.1835],[104.7012,15.1884],[104.7069,15.1978],[104.6849,15.1984],[104.6831,15.2035],[104.6919,15.2052],[104.6843,15.2151],[104.699,15.2211],[104.6814,15.224],[104.6678,15.2555],[104.6602,15.2562],[104.654,15.2445],[104.6641,15.2397],[104.6666,15.2298],[104.6479,15.2382],[104.6468,15.2537],[104.6308,15.2603],[104.6099,15.2582],[104.6084,15.2717],[104.5923,15.2669],[104.5804,15.2515],[104.5291,15.2506],[104.5049,15.2657],[104.4699,15.2668],[104.4593,15.2757],[104.4071,15.2883],[104.4183,15.3207],[104.4144,15.3299],[104.4225,15.3433],[104.4212,15.3614],[104.4106,15.385],[104.393,15.3853],[104.3849,15.3916],[104.384,15.3998],[104.394,15.4058],[104.3873,15.4432],[104.3748,15.4571],[104.391,15.4886],[104.3863,15.5033],[104.4017,15.5437],[104.4162,15.5343],[104.4355,15.5394],[104.4816,15.5353],[104.4854,15.5444],[104.5124,15.5614],[104.5495,15.5406],[104.5573,15.5547],[104.5882,15.5652],[104.5802,15.6013],[104.607,15.6111],[104.6187,15.622],[104.6138,15.6277],[104.6171,15.6374],[104.6403,15.6454],[104.6318,15.6615],[104.6142,15.6617],[104.6038,15.6709],[104.6276,15.6872],[104.6441,15.685],[104.6576,15.6733],[104.687,15.6688],[104.6996,15.6561],[104.7164,15.6587],[104.7315,15.6459],[104.7446,15.6564],[104.7486,15.6406],[104.7799,15.6263],[104.7835,15.6171],[104.7898,15.6189],[104.7918,15.5985],[104.7989,15.5929],[104.8056,15.5918],[104.8137,15.6043],[104.8261,15.5835],[104.8341,15.5823],[104.832,15.588],[104.8393,15.59],[104.8389,15.5792],[104.8476,15.5817],[104.8495,15.5723],[104.8643,15.5778],[104.8792,15.5609],[104.8676,15.5595],[104.867,15.5474],[104.876,15.5453],[104.873,15.5367],[104.8832,15.5361],[104.8977,15.5618],[104.8876,15.5719],[104.9104,15.5947],[104.929,15.6012],[104.9261,15.6127],[104.9334,15.6177],[104.9291,15.6237],[104.9356,15.6358],[104.8971,15.6521],[104.8935,15.687],[104.9089,15.7258],[104.9074,15.7534],[104.9114,15.7614],[104.9559,15.7816],[104.9636,15.792],[104.9657,15.8586],[104.9921,15.9096],[104.9743,15.9121],[104.9765,15.9279],[105.0115,15.9627],[105.0057,16.019],[105.0454,16.0929],[105.0637,16.096],[105.0876,16.0835],[105.1042,16.0892],[105.1231,16.0747],[105.1371,16.0777],[105.2136,16.0479],[105.275,16.0409],[105.3173,16.0268],[105.3542,16.0268],[105.3675,16.0184],[105.4142,16.013],[105.4237,16.0051]]]}},{"type":"Feature","properties":{"id":"adm1_79","ten":"Udon Thani, Thailand","country":"Thailand","bounds":[102.0182,16.8003,103.6696,18.0829]},"geometry":{"type":"Polygon","coordinates":[[[103.4028,17.9027],[103.4159,17.8983],[103.4202,17.8799],[103.4083,17.8754],[103.4097,17.8574],[103.3973,17.8531],[103.4012,17.8442],[103.408,17.8476],[103.4251,17.8395],[103.4153,17.8325],[103.4047,17.8408],[103.4027,17.8291],[103.3979,17.8313],[103.3997,17.8409],[103.385,17.8393],[103.3927,17.8266],[103.3781,17.8113],[103.3848,17.8071],[103.377,17.8008],[103.3789,17.7908],[103.3699,17.7881],[103.3862,17.7518],[103.4032,17.7557],[103.4114,17.7339],[103.4072,17.7302],[103.4134,17.7269],[103.4041,17.7158],[103.4096,17.7041],[103.4035,17.6829],[103.4106,17.6658],[103.4013,17.649],[103.405,17.6308],[103.3997,17.6152],[103.4127,17.5939],[103.379,17.5906],[103.3767,17.5773],[103.3626,17.5889],[103.3528,17.5851],[103.3394,17.574],[103.3431,17.5671],[103.333,17.5483],[103.3244,17.5508],[103.3196,17.5213],[103.289,17.4953],[103.2924,17.4657],[103.2761,17.4389],[103.2853,17.4277],[103.2837,17.4142],[103.3043,17.3885],[103.275,17.3475],[103.2738,17.3306],[103.2578,17.3239],[103.2534,17.3115],[103.2831,17.2655],[103.3098,17.2688],[103.3397,17.254],[103.3535,17.2534],[103.3636,17.2343],[103.3795,17.2342],[103.4189,17.211],[103.4305,17.2187],[103.454,17.2109],[103.4657,17.2164],[103.4724,17.2282],[103.4768,17.216],[103.5727,17.1558],[103.5934,17.1702],[103.6019,17.167],[103.6157,17.1481],[103.6234,17.1465],[103.6399,17.1106],[103.6574,17.1139],[103.6696,17.1036],[103.6573,17.0747],[103.667,17.0536],[103.6606,17.0268],[103.6646,17.0175],[103.6491,17.0217],[103.6542,17.0454],[103.6423,17.0552],[103.6402,17.0686],[103.6295,17.0745],[103.6226,17.0908],[103.6091,17.0972],[103.5942,17.0926],[103.5806,17.0997],[103.5766,17.0898],[103.5506,17.0866],[103.5492,17.0776],[103.5371,17.0687],[103.539,17.0634],[103.5139,17.0474],[103.5099,17.0419],[103.5167,17.041],[103.5135,17.0345],[103.5205,17.0318],[103.5218,16.9963],[103.4963,16.9679],[103.4887,16.9388],[103.4957,16.9255],[103.4933,16.9016],[103.4866,16.9018],[103.4723,16.8732],[103.4581,16.8653],[103.454,16.8504],[103.4451,16.8452],[103.4513,16.8314],[103.4231,16.8003],[103.4124,16.8071],[103.4254,16.8209],[103.412,16.8484],[103.4025,16.8517],[103.4141,16.8636],[103.3974,16.8933],[103.3829,16.9039],[103.3732,16.9015],[103.3436,16.9223],[103.2891,16.9239],[103.254,16.9594],[103.2309,16.9566],[103.2224,16.966],[103.2071,16.958],[103.2012,16.9472],[103.1867,16.9457],[103.1775,16.9539],[103.1615,16.9447],[103.1194,16.9604],[103.1138,16.9394],[103.1022,16.9324],[103.1007,16.9104],[103.0857,16.8981],[103.0763,16.9004],[103.0551,16.8847],[103.0412,16.885],[103.0105,16.8644],[103.0011,16.8684],[102.9957,16.8571],[102.9785,16.8456],[102.9542,16.8378],[102.9187,16.8334],[102.8849,16.8729],[102.8785,16.8706],[102.8743,16.8791],[102.8617,16.8817],[102.8256,16.8618],[102.8124,16.8902],[102.8109,16.913],[102.8218,16.936],[102.8061,16.9525],[102.827,16.9707],[102.8037,16.9846],[102.7897,17.0128],[102.766,17.0235],[102.752,17.0389],[102.7248,17.0463],[102.709,17.0858],[102.7022,17.0869],[102.701,17.069],[102.6818,17.048],[102.6816,17.0133],[102.6714,16.9911],[102.5749,17.041],[102.5465,17.064],[102.5244,17.0942],[102.5029,17.153],[102.4748,17.199],[102.5232,17.2074],[102.5749,17.2282],[102.5963,17.2641],[102.5859,17.2706],[102.5666,17.2671],[102.5101,17.2857],[102.442,17.2792],[102.4404,17.3375],[102.397,17.4223],[102.3703,17.4991],[102.3351,17.5494],[102.3199,17.6767],[102.2814,17.6708],[102.2646,17.6583],[102.2496,17.6637],[102.2174,17.6581],[102.1862,17.6654],[102.1717,17.6599],[102.157,17.6629],[102.1443,17.6569],[102.1261,17.6319],[102.1062,17.645],[102.0868,17.6339],[102.0809,17.6444],[102.0728,17.6439],[102.0603,17.6557],[102.0387,17.6464],[102.0321,17.6557],[102.0405,17.6611],[102.0278,17.6775],[102.0182,17.745],[102.031,17.7831],[102.0467,17.787],[102.0376,17.8036],[102.0487,17.8167],[102.0533,17.8456],[102.0529,17.8673],[102.0401,17.8825],[102.0424,17.8942],[102.0265,17.9533],[102.0278,17.9734],[102.0206,17.9804],[102.0291,17.9891],[102.0449,17.9871],[102.0412,18.02],[102.0585,18.0375],[102.058,18.0829],[102.0917,18.0539],[102.1091,18.0603],[102.1143,18.0476],[102.1056,18.0307],[102.1089,18.0237],[102.1446,18.0329],[102.1414,18.0053],[102.1561,17.987],[102.1746,18.0156],[102.1883,18.0105],[102.2052,18.02],[102.2063,18.0065],[102.2351,18.0018],[102.2638,17.9821],[102.2764,17.9783],[102.2892,17.988],[102.3108,17.9465],[102.325,17.9347],[102.359,17.9237],[102.3591,17.9152],[102.3701,17.9108],[102.3669,17.9048],[102.3918,17.893],[102.4029,17.873],[102.3979,17.8625],[102.4048,17.8545],[102.4022,17.8418],[102.412,17.8388],[102.4125,17.8311],[102.4267,17.8186],[102.4437,17.818],[102.4334,17.8067],[102.4308,17.7918],[102.4444,17.7815],[102.4395,17.7757],[102.4422,17.7656],[102.4522,17.7692],[102.4553,17.7588],[102.47,17.751],[102.531,17.7595],[102.5421,17.7401],[102.6161,17.6849],[102.5972,17.6702],[102.6045,17.6487],[102.5978,17.6208],[102.6118,17.6235],[102.6483,17.6127],[102.6509,17.5909],[102.6695,17.5937],[102.6967,17.6186],[102.7167,17.6031],[102.7339,17.602],[102.7432,17.6182],[102.7683,17.6175],[102.762,17.6398],[102.7765,17.6453],[102.7754,17.6591],[102.7863,17.6798],[102.8323,17.6909],[102.8387,17.7031],[102.8358,17.7124],[102.8529,17.7255],[102.8457,17.7407],[102.8531,17.7483],[102.8489,17.7584],[102.8573,17.7726],[102.8487,17.7759],[102.8468,17.781],[102.8533,17.7823],[102.8416,17.79],[102.8456,17.8021],[102.8293,17.8088],[102.8423,17.8073],[102.844,17.8166],[102.8389,17.818],[102.8544,17.8229],[102.8477,17.8326],[102.8717,17.8407],[102.8689,17.8515],[102.8771,17.8535],[102.8782,17.8603],[102.8715,17.8719],[102.8735,17.8836],[102.8874,17.8941],[102.901,17.8836],[102.9318,17.8879],[102.9467,17.8586],[102.9599,17.8491],[102.9639,17.8259],[102.973,17.8192],[102.9853,17.8271],[102.9997,17.8527],[103.0133,17.8606],[103.0158,17.8732],[103.0404,17.875],[103.0405,17.8906],[103.0612,17.8743],[103.0807,17.8811],[103.0964,17.8644],[103.102,17.8676],[103.1032,17.8542],[103.1107,17.8521],[103.1092,17.8587],[103.1166,17.8589],[103.119,17.8431],[103.1304,17.8409],[103.1263,17.8283],[103.1378,17.8235],[103.1342,17.8145],[103.1456,17.8118],[103.1512,17.8016],[103.1696,17.8075],[103.1778,17.8521],[103.1897,17.8659],[103.2041,17.8656],[103.2296,17.885],[103.2435,17.8874],[103.2586,17.8741],[103.2726,17.8472],[103.3053,17.8258],[103.3143,17.8397],[103.3043,17.8659],[103.3361,17.8825],[103.3501,17.8747],[103.3714,17.8797],[103.4028,17.9027]]]}},{"type":"Feature","properties":{"id":"adm1_80","ten":"Uttaradit, Thailand","country":"Thailand","bounds":[100.9788,17.7416,101.1928,18.3794]},"geometry":{"type":"MultiPolygon","coordinates":[[[[101.0986,18.3787],[101.0996,18.3749],[101.0963,18.3794],[101.0986,18.3787]]],[[[101.1097,18.3728],[101.1088,18.3708],[101.1071,18.3729],[101.1097,18.3728]]],[[[101.1329,18.3633],[101.1254,18.3633],[101.1221,18.3693],[101.1256,18.3682],[101.1329,18.3633]]],[[[101.1404,18.3574],[101.1379,18.3574],[101.1379,18.3593],[101.1404,18.3574]]],[[[101.1421,18.3561],[101.1421,18.3549],[101.1413,18.3567],[101.1421,18.3561]]],[[[101.1489,18.349],[101.1463,18.3449],[101.1463,18.3499],[101.1489,18.349]]],[[[101.1603,18.3459],[101.1596,18.3458],[101.1596,18.3461],[101.1603,18.3459]]],[[[101.1743,18.3424],[101.1738,18.3424],[101.1738,18.3429],[101.1743,18.3424]]],[[[101.1748,18.3421],[101.1746,18.3416],[101.1746,18.3422],[101.1748,18.3421]]],[[[101.1757,18.341],[101.1754,18.3408],[101.1754,18.3413],[101.1757,18.341]]],[[[101.1836,18.3374],[101.1796,18.3341],[101.1813,18.3398],[101.1836,18.3374]]],[[[101.182,18.3316],[101.1488,18.2933],[101.1504,18.2991],[101.182,18.3316]]],[[[101.1546,18.2891],[101.1554,18.2841],[101.1521,18.2913],[101.1546,18.2891]]],[[[101.1565,18.2491],[101.1471,18.2549],[101.1429,18.2599],[101.1609,18.2774],[101.146,18.2589],[101.1565,18.2491]]],[[[101.1613,18.244],[101.1596,18.2408],[101.1604,18.2449],[101.1579,18.2473],[101.1601,18.2462],[101.1613,18.244]]],[[[101.1616,18.2391],[101.1613,18.2391],[101.1613,18.2395],[101.1616,18.2391]]],[[[101.1636,18.2368],[101.1621,18.2333],[101.1621,18.2385],[101.1636,18.2368]]],[[[101.1669,18.2183],[101.1638,18.2216],[101.1663,18.231],[101.1682,18.2274],[101.1669,18.2183]]],[[[101.1787,18.1758],[101.1779,18.1824],[101.1913,18.2115],[101.1928,18.2079],[101.1787,18.1758]]],[[[101.1754,18.1681],[101.1754,18.1683],[101.1755,18.1683],[101.1754,18.1681]]],[[[101.1746,18.1661],[101.1746,18.1674],[101.1751,18.1674],[101.1746,18.1661]]],[[[101.1709,18.1397],[101.1613,18.1258],[101.1743,18.1649],[101.1709,18.1397]]],[[[101.1642,18.12],[101.1629,18.1174],[101.1629,18.1213],[101.1642,18.12]]],[[[101.1655,18.1144],[101.1654,18.1141],[101.1654,18.1145],[101.1655,18.1144]]],[[[101.1663,18.1133],[101.1654,18.1041],[101.1654,18.1099],[101.1663,18.1133]]],[[[101.1665,18.103],[101.1663,18.1024],[101.1663,18.1037],[101.1665,18.103]]],[[[101.172,18.0924],[101.1671,18.0966],[101.1671,18.102],[101.1691,18.0972],[101.172,18.0924]]],[[[101.1723,18.0916],[101.1721,18.0916],[101.1721,18.0923],[101.1723,18.0916]]],[[[101.1733,18.0891],[101.1729,18.0891],[101.1729,18.09],[101.1733,18.0891]]],[[[101.1739,18.0874],[101.1738,18.0866],[101.1738,18.0874],[101.1739,18.0874]]],[[[101.1746,18.0853],[101.1746,18.0855],[101.1746,18.0854],[101.1746,18.0853]]],[[[101.1742,18.0783],[101.1738,18.0749],[101.1738,18.0783],[101.1742,18.0783]]],[[[101.1756,18.0723],[101.1746,18.0724],[101.1746,18.0746],[101.1756,18.0723]]],[[[101.1604,18.0301],[101.1829,18.0641],[101.1819,18.0692],[101.186,18.0636],[101.1788,18.0483],[101.1604,18.0301]]],[[[101.1563,18.036],[101.1238,17.9982],[101.1166,17.9697],[101.1188,17.962],[101.1188,17.9496],[101.1146,17.9716],[101.1213,17.9999],[101.1488,18.0358],[101.1563,18.036]]],[[[101.1571,18.0358],[101.1571,18.0358],[101.1571,18.0358],[101.1571,18.0358]]],[[[101.0726,17.9191],[101.059,17.9122],[101.0493,17.9119],[101.0163,17.8841],[101.0321,17.9058],[101.0513,17.9158],[101.0604,17.9141],[101.0671,17.9233],[101.0726,17.9191]]],[[[101.0784,17.9214],[101.0771,17.9216],[101.0785,17.9216],[101.0784,17.9214]]],[[[101.0754,17.9208],[101.076,17.9202],[101.0754,17.92],[101.0754,17.9208]]],[[[101.0747,17.9198],[101.0738,17.9199],[101.0752,17.9199],[101.0747,17.9198]]],[[[101.0223,17.8808],[101.0204,17.8799],[101.0196,17.8813],[101.0223,17.8808]]],[[[101.0289,17.8666],[101.0288,17.8666],[101.0288,17.8669],[101.0289,17.8666]]],[[[101.03,17.8649],[101.0296,17.8649],[101.0296,17.8656],[101.03,17.8649]]],[[[101.0333,17.8475],[101.0304,17.8466],[101.0329,17.8546],[101.0333,17.8475]]],[[[101.0309,17.8371],[101.0296,17.8374],[101.0321,17.8432],[101.0309,17.8371]]],[[[101.0284,17.8291],[101.0192,17.8271],[101.0154,17.8244],[101.0171,17.8291],[101.0284,17.8291]]],[[[100.9996,17.8208],[101.0012,17.8155],[100.9938,17.8024],[100.9996,17.8208]]],[[[100.9948,17.8016],[100.9946,17.8016],[100.9946,17.8019],[100.9948,17.8016]]],[[[101.0,17.7984],[100.9996,17.7983],[100.9996,17.7989],[101.0,17.7984]]],[[[101.0004,17.7979],[101.0004,17.7974],[101.0004,17.7979],[101.0004,17.7979]]],[[[101.0046,17.7923],[101.0029,17.7908],[101.0029,17.794],[101.0046,17.7923]]],[[[101.0048,17.7883],[101.0046,17.7883],[101.0046,17.7885],[101.0048,17.7883]]],[[[101.0058,17.7869],[101.0054,17.7866],[101.0054,17.7873],[101.0058,17.7869]]],[[[100.9996,17.7722],[101.0054,17.7808],[101.0063,17.7866],[101.0049,17.7764],[100.9996,17.7722]]],[[[100.9962,17.7703],[100.9954,17.7708],[100.997,17.7708],[100.9962,17.7703]]],[[[100.9938,17.7696],[100.9938,17.7699],[100.9948,17.7699],[100.9938,17.7696]]],[[[100.9888,17.7682],[100.9799,17.7616],[100.9796,17.7524],[100.9788,17.7633],[100.9888,17.7682]]],[[[100.9883,17.7466],[100.9879,17.7466],[100.9879,17.747],[100.9883,17.7466]]],[[[100.9893,17.7453],[100.9888,17.7416],[100.9888,17.746],[100.9893,17.7453]]]]}},{"type":"Feature","properties":{"id":"adm1_81","ten":"Yasothon, Thailand","country":"Thailand","bounds":[103.9994,15.2883,104.8273,16.3477]},"geometry":{"type":"Polygon","coordinates":[[[104.7701,16.1937],[104.7933,16.1547],[104.8079,16.16],[104.8266,16.1537],[104.8273,16.1408],[104.8192,16.1292],[104.819,16.0964],[104.8061,16.0932],[104.7871,16.1084],[104.7652,16.0966],[104.7434,16.0972],[104.6665,16.1207],[104.6265,16.1215],[104.6043,16.1033],[104.5637,16.0965],[104.5364,16.0525],[104.5329,16.0363],[104.5182,16.024],[104.5328,15.9961],[104.528,15.9986],[104.52,15.982],[104.5065,15.9803],[104.5056,15.9488],[104.471,15.9164],[104.4695,15.9011],[104.4563,15.8995],[104.4613,15.895],[104.4541,15.8785],[104.4591,15.8736],[104.4502,15.866],[104.4627,15.842],[104.4374,15.8118],[104.4423,15.8046],[104.4278,15.7704],[104.4361,15.7515],[104.4211,15.7458],[104.4333,15.7365],[104.422,15.6961],[104.4438,15.6981],[104.439,15.6852],[104.446,15.6825],[104.4427,15.6753],[104.4481,15.6697],[104.4388,15.6655],[104.4486,15.654],[104.4405,15.6472],[104.4499,15.6342],[104.4418,15.6167],[104.4519,15.6159],[104.4665,15.6263],[104.4688,15.6134],[104.4638,15.6074],[104.4692,15.5996],[104.4613,15.5916],[104.484,15.5833],[104.4914,15.5927],[104.494,15.5848],[104.5067,15.585],[104.5124,15.5614],[104.4854,15.5444],[104.4816,15.5353],[104.4355,15.5394],[104.4162,15.5343],[104.4011,15.5429],[104.3863,15.5033],[104.391,15.4886],[104.3748,15.4564],[104.3873,15.4432],[104.394,15.4058],[104.384,15.3998],[104.3849,15.3916],[104.4116,15.3839],[104.4227,15.3456],[104.417,15.3403],[104.4183,15.3207],[104.4071,15.2883],[104.3863,15.2919],[104.3769,15.3186],[104.3571,15.3426],[104.307,15.3409],[104.2655,15.3703],[104.2484,15.3724],[104.2334,15.414],[104.1838,15.477],[104.1368,15.5088],[104.1399,15.5345],[104.1246,15.5618],[104.1239,15.5754],[104.1629,15.6011],[104.2112,15.6074],[104.2143,15.615],[104.1877,15.608],[104.1841,15.6202],[104.1929,15.6301],[104.1713,15.6331],[104.1802,15.6384],[104.1739,15.6587],[104.1868,15.6559],[104.189,15.6648],[104.1772,15.6632],[104.1778,15.6706],[104.1541,15.6898],[104.1441,15.7054],[104.1493,15.712],[104.1298,15.6949],[104.1199,15.7019],[104.1323,15.704],[104.1302,15.7225],[104.1436,15.7272],[104.1343,15.7405],[104.143,15.7517],[104.1344,15.7529],[104.1288,15.7676],[104.14,15.783],[104.135,15.7986],[104.1137,15.805],[104.0996,15.8229],[104.0766,15.8378],[104.0723,15.8257],[104.0818,15.8215],[104.0709,15.8128],[104.0369,15.7951],[104.0021,15.7952],[103.9994,15.8126],[104.0153,15.8154],[104.0094,15.8294],[104.0196,15.8293],[104.0144,15.8426],[104.0228,15.8376],[104.021,15.8464],[104.0295,15.8499],[104.0309,15.8581],[104.0217,15.8648],[104.0388,15.8662],[104.0263,15.8682],[104.0343,15.8731],[104.0173,15.8842],[104.0231,15.8896],[104.0171,15.8912],[104.0215,15.9044],[104.0165,15.9091],[104.0257,15.9102],[104.0383,15.9386],[104.0291,15.9589],[104.0176,15.9473],[104.0138,15.9573],[104.0307,15.9819],[104.0638,15.9862],[104.0946,15.9752],[104.1053,15.9823],[104.1094,15.9918],[104.1031,16.0028],[104.1128,16.0155],[104.1158,16.0382],[104.1041,16.0482],[104.0976,16.0723],[104.1113,16.1049],[104.1207,16.1129],[104.1417,16.1087],[104.1547,16.1166],[104.1581,16.1281],[104.1658,16.1297],[104.1763,16.1459],[104.1912,16.1451],[104.2068,16.1611],[104.2181,16.1553],[104.2297,16.1644],[104.2511,16.2009],[104.253,16.2172],[104.2799,16.2241],[104.3007,16.2383],[104.3,16.2514],[104.3343,16.2711],[104.3456,16.2893],[104.3427,16.2976],[104.3533,16.3232],[104.3764,16.3426],[104.4001,16.3477],[104.5039,16.3402],[104.5131,16.315],[104.537,16.3163],[104.5534,16.3097],[104.5646,16.2763],[104.5781,16.2613],[104.5796,16.2449],[104.5878,16.2365],[104.6019,16.2381],[104.6043,16.2243],[104.616,16.2145],[104.6304,16.2089],[104.6458,16.2133],[104.6607,16.2235],[104.6688,16.2418],[104.674,16.2291],[104.6932,16.224],[104.6952,16.2127],[104.7058,16.2057],[104.7486,16.2023],[104.7701,16.1937]]]}}]}